SQL> create table warehouse (w_id int, w_name char(10), w_street_1 char(20),w_street_2 char(20), w_city char(20), w_state char(2), w_zip char(9), w_tax float, w_ytd float);

SQL> create table district (d_id int, d_w_id int, d_name char(10), d_street_1 char(20), d_street_2 char(20), d_city char(20), d_state char(2), d_zip char(9),d_tax float, d_ytd float, d_next_o_id int);

SQL> create table customer (c_id int, c_d_id int, c_w_id int, c_first char(16),c_middle char(2), c_last char(16), c_street_1 char(20), c_street_2 char(20),c_city char(20), c_state char(2), c_zip char(9), c_phone char(16), c_since char(30), c_credit char(2), c_credit_lim int, c_discount float, c_balance float,c_ytd_payment float, c_payment_cnt int, c_delivery_cnt int, c_data char(50));

SQL> create table history (h_c_id int, h_c_d_id int, h_c_w_id int, h_d_id int, h_w_id int, h_date char(19), h_amount float, h_data char(24));

SQL> create table new_orders (no_o_id int, no_d_id int, no_w_id int);

SQL> create table orders (o_id int, o_d_id int, o_w_id int, o_c_id int, o_entry_d char(19), o_carrier_id int, o_ol_cnt int, o_all_local int);

SQL> create table order_line (ol_o_id int, ol_d_id int, ol_w_id int, ol_number int, ol_i_id int, ol_supply_w_id int, ol_delivery_d char(30), ol_quantity int, ol_amount float, ol_dist_info char(24));

SQL> create table item (i_id int, i_im_id int, i_name char(24), i_price float, i_data char(50));

SQL> create table stock (s_i_id int, s_w_id int, s_quantity int, s_dist_01 char(24),s_dist_02 char(24), s_dist_03 char(24), s_dist_04 char(24), s_dist_05 char(24),s_dist_06 char(24), s_dist_07 char(24), s_dist_08 char(24), s_dist_09 char(24),s_dist_10 char(24), s_ytd float, s_order_cnt int, s_remote_cnt int, s_data char(50));

SQL> create index warehouse(w_id);

SQL> create index district(d_w_id, d_id);

SQL> create index customer(c_w_id, c_d_id, c_id);

SQL> create index new_orders(no_w_id, no_d_id, no_o_id);

SQL> create index orders(o_w_id, o_d_id, o_id);

SQL> create index order_line(ol_w_id, ol_d_id, ol_o_id, ol_number);

SQL> create index item(i_id);

SQL> create index stock(s_w_id, s_i_id);

SQL> load ../../src/test/performance_test/table_data/warehouse.csv into warehouse;

SQL> load ../../src/test/performance_test/table_data/district.csv into district;

SQL> load ../../src/test/performance_test/table_data/customer.csv into customer;

SQL> load ../../src/test/performance_test/table_data/history.csv into history;

SQL> load ../../src/test/performance_test/table_data/new_orders.csv into new_orders;

SQL> load ../../src/test/performance_test/table_data/orders.csv into orders;

SQL> load ../../src/test/performance_test/table_data/order_line.csv into order_line;

SQL> load ../../src/test/performance_test/table_data/item.csv into item;

SQL> load ../../src/test/performance_test/table_data/stock.csv into stock;

SQL> set output_file off

SQL> begin;

SQL> select c_discount, c_last, c_credit, w_tax from customer, warehouse where w_id=1 and c_w_id=w_id and c_d_id=1 and c_id=1;
+------------------+------------------+------------------+------------------+
|       c_discount |           c_last |         c_credit |            w_tax |
+------------------+------------------+------------------+------------------+
|         6.500000 |     BARRBARRBARR |               GC |         0.125000 |
+------------------+------------------+------------------+------------------+
Total record(s): 1

SQL> select d_next_o_id, d_tax from district where d_id=1 and d_w_id=1;
+------------------+------------------+
|      d_next_o_id |            d_tax |
+------------------+------------------+
|               11 |         0.312500 |
+------------------+------------------+
Total record(s): 1

SQL> update district set d_next_o_id=2000 where d_id=1 and d_w_id=1;

SQL> insert into orders values (1000, 1, 1, 1, '2026-07-02 16:00:00', 0, 5, 1);

SQL> insert into new_orders values (1000, 1, 1);

SQL> select i_price, i_name, i_data from item where i_id=1;
+------------------+------------------+------------------+
|          i_price |           i_name |           i_data |
+------------------+------------------+------------------+
|       387.500000 | em5qY0xbhf7jT... | ODk5NNaYinHCt... |
+------------------+------------------+------------------+
Total record(s): 1

SQL> select s_quantity, s_data, s_dist_01, s_dist_02, s_dist_03, s_dist_04, s_dist_05,s_dist_06, s_dist_07, s_dist_08, s_dist_09, s_dist_10 from stock where s_i_id=1 and s_w_id=1;
+------------------+------------------+------------------+------------------+------------------+------------------+------------------+------------------+------------------+------------------+------------------+------------------+
|       s_quantity |           s_data |        s_dist_01 |        s_dist_02 |        s_dist_03 |        s_dist_04 |        s_dist_05 |        s_dist_06 |        s_dist_07 |        s_dist_08 |        s_dist_09 |        s_dist_10 |
+------------------+------------------+------------------+------------------+------------------+------------------+------------------+------------------+------------------+------------------+------------------+------------------+
|               54 | EX7cPdLs2h5Cu... | BjeZBWGUE2RK9... | Giu0QtJbzMqDz... | x5qwcB5RFQ0PJ... | zBTPV7ZCAdkhp... | QLd5BxVOSe5EO... | L1UjatGc7rn5I... | 4cCGnVcADQNSR... | uwojesfvwKbKk... | 4N8CE0EbYc27l... | jD8imXof2fu84... |
+------------------+------------------+------------------+------------------+------------------+------------------+------------------+------------------+------------------+------------------+------------------+------------------+
Total record(s): 1

SQL> update stock set s_quantity=10 where s_i_id=1 and s_w_id=1;

SQL> insert into order_line values (1000, 1, 1, 1, 1, 1, '2026-07-02 16:00:00', 5, 13.125, 'profile-workload');

SQL> select i_price, i_name, i_data from item where i_id=1;
+------------------+------------------+------------------+
|          i_price |           i_name |           i_data |
+------------------+------------------+------------------+
|       387.500000 | em5qY0xbhf7jT... | ODk5NNaYinHCt... |
+------------------+------------------+------------------+
Total record(s): 1

SQL> commit;

SQL> begin;

SQL> select c_discount, c_last, c_credit, w_tax from customer, warehouse where w_id=1 and c_w_id=w_id and c_d_id=2 and c_id=2;
+------------------+------------------+------------------+------------------+
|       c_discount |           c_last |         c_credit |            w_tax |
+------------------+------------------+------------------+------------------+
|         3.125000 |     BARRBARROUGH |               GC |         0.125000 |
+------------------+------------------+------------------+------------------+
Total record(s): 1

SQL> select d_next_o_id, d_tax from district where d_id=2 and d_w_id=1;
+------------------+------------------+
|      d_next_o_id |            d_tax |
+------------------+------------------+
|               11 |         0.312500 |
+------------------+------------------+
Total record(s): 1

SQL> update district set d_next_o_id=2001 where d_id=2 and d_w_id=1;

SQL> insert into orders values (1001, 2, 1, 2, '2026-07-02 16:00:01', 0, 5, 1);

SQL> insert into new_orders values (1001, 2, 1);

SQL> select i_price, i_name, i_data from item where i_id=2;
+------------------+------------------+------------------+
|          i_price |           i_name |           i_data |
+------------------+------------------+------------------+
|       376.125000 | MuXfgApP7KW0a... | 3Nb3DgfVu1KJp... |
+------------------+------------------+------------------+
Total record(s): 1

SQL> select s_quantity, s_data, s_dist_01, s_dist_02, s_dist_03, s_dist_04, s_dist_05,s_dist_06, s_dist_07, s_dist_08, s_dist_09, s_dist_10 from stock where s_i_id=2 and s_w_id=1;
+------------------+------------------+------------------+------------------+------------------+------------------+------------------+------------------+------------------+------------------+------------------+------------------+
|       s_quantity |           s_data |        s_dist_01 |        s_dist_02 |        s_dist_03 |        s_dist_04 |        s_dist_05 |        s_dist_06 |        s_dist_07 |        s_dist_08 |        s_dist_09 |        s_dist_10 |
+------------------+------------------+------------------+------------------+------------------+------------------+------------------+------------------+------------------+------------------+------------------+------------------+
|               17 | djOd4utkRfPov... | m5mzVzbMevZr0... | AcexKPCSIqIkI... | dtJHr8L1DGHhZ... | Q4qTTAxg8vItA... | mRVxHKkLJsGt5... | WY35fxzCEpf7J... | NudamqsKcBceN... | t6IWnrmkFgBcF... | 2QcCCffEf0CT8... | X1e603kIsyKdi... |
+------------------+------------------+------------------+------------------+------------------+------------------+------------------+------------------+------------------+------------------+------------------+------------------+
Total record(s): 1

SQL> update stock set s_quantity=11 where s_i_id=2 and s_w_id=1;

SQL> insert into order_line values (1001, 2, 1, 1, 2, 1, '2026-07-02 16:00:01', 6, 16.250, 'profile-workload');

SQL> select i_price, i_name, i_data from item where i_id=2;
+------------------+------------------+------------------+
|          i_price |           i_name |           i_data |
+------------------+------------------+------------------+
|       376.125000 | MuXfgApP7KW0a... | 3Nb3DgfVu1KJp... |
+------------------+------------------+------------------+
Total record(s): 1

SQL> commit;

SQL> begin;

SQL> select c_discount, c_last, c_credit, w_tax from customer, warehouse where w_id=1 and c_w_id=w_id and c_d_id=3 and c_id=3;
+------------------+------------------+------------------+------------------+
|       c_discount |           c_last |         c_credit |            w_tax |
+------------------+------------------+------------------+------------------+
|        10.500000 |     BARRBARRABLE |               BC |         0.125000 |
+------------------+------------------+------------------+------------------+
Total record(s): 1

SQL> select d_next_o_id, d_tax from district where d_id=3 and d_w_id=1;
+------------------+------------------+
|      d_next_o_id |            d_tax |
+------------------+------------------+
|               11 |         0.125000 |
+------------------+------------------+
Total record(s): 1

SQL> update district set d_next_o_id=2002 where d_id=3 and d_w_id=1;

SQL> insert into orders values (1002, 3, 1, 3, '2026-07-02 16:00:02', 0, 5, 1);

SQL> insert into new_orders values (1002, 3, 1);

SQL> select i_price, i_name, i_data from item where i_id=3;
+------------------+------------------+------------------+
|          i_price |           i_name |           i_data |
+------------------+------------------+------------------+
|       109.311996 | yis0W0gx0pikT... | UNL1LJukAZWN0... |
+------------------+------------------+------------------+
Total record(s): 1

SQL> select s_quantity, s_data, s_dist_01, s_dist_02, s_dist_03, s_dist_04, s_dist_05,s_dist_06, s_dist_07, s_dist_08, s_dist_09, s_dist_10 from stock where s_i_id=3 and s_w_id=1;
+------------------+------------------+------------------+------------------+------------------+------------------+------------------+------------------+------------------+------------------+------------------+------------------+
|       s_quantity |           s_data |        s_dist_01 |        s_dist_02 |        s_dist_03 |        s_dist_04 |        s_dist_05 |        s_dist_06 |        s_dist_07 |        s_dist_08 |        s_dist_09 |        s_dist_10 |
+------------------+------------------+------------------+------------------+------------------+------------------+------------------+------------------+------------------+------------------+------------------+------------------+
|               97 | SW90NeiRcp87f... | PVa7W5l3wRhUk... | sFfSRZQKBjMBa... | 9PDW05BnxMAjj... | WDsQYXpbbflDi... | hhr7RsyaiQF26... | HQZojb6uhrRNn... | s6MwvjHhKyTOl... | 9YGuFFjBiK9br... | Awmc5ENeXc9hp... | j50sXBi3QQyxf... |
+------------------+------------------+------------------+------------------+------------------+------------------+------------------+------------------+------------------+------------------+------------------+------------------+
Total record(s): 1

SQL> update stock set s_quantity=12 where s_i_id=3 and s_w_id=1;

SQL> insert into order_line values (1002, 3, 1, 1, 3, 1, '2026-07-02 16:00:02', 7, 19.375, 'profile-workload');

SQL> select i_price, i_name, i_data from item where i_id=3;
+------------------+------------------+------------------+
|          i_price |           i_name |           i_data |
+------------------+------------------+------------------+
|       109.311996 | yis0W0gx0pikT... | UNL1LJukAZWN0... |
+------------------+------------------+------------------+
Total record(s): 1

SQL> commit;

SQL> begin;

SQL> select c_discount, c_last, c_credit, w_tax from customer, warehouse where w_id=1 and c_w_id=w_id and c_d_id=1 and c_id=4;
+------------------+------------------+------------------+------------------+
|       c_discount |           c_last |         c_credit |            w_tax |
+------------------+------------------+------------------+------------------+
|         9.500000 |     BARRBARRPRII |               GC |         0.125000 |
+------------------+------------------+------------------+------------------+
Total record(s): 1

SQL> select d_next_o_id, d_tax from district where d_id=1 and d_w_id=1;
+------------------+------------------+
|      d_next_o_id |            d_tax |
+------------------+------------------+
|             2000 |         0.312500 |
+------------------+------------------+
Total record(s): 1

SQL> update district set d_next_o_id=2003 where d_id=1 and d_w_id=1;

SQL> insert into orders values (1003, 1, 1, 4, '2026-07-02 16:00:03', 0, 5, 1);

SQL> insert into new_orders values (1003, 1, 1);

SQL> select i_price, i_name, i_data from item where i_id=4;
+------------------+------------------+------------------+
|          i_price |           i_name |           i_data |
+------------------+------------------+------------------+
|       409.625000 | 2ICLCJkJNRA17... | zIA2Qe5D57pOo... |
+------------------+------------------+------------------+
Total record(s): 1

SQL> select s_quantity, s_data, s_dist_01, s_dist_02, s_dist_03, s_dist_04, s_dist_05,s_dist_06, s_dist_07, s_dist_08, s_dist_09, s_dist_10 from stock where s_i_id=4 and s_w_id=1;
+------------------+------------------+------------------+------------------+------------------+------------------+------------------+------------------+------------------+------------------+------------------+------------------+
|       s_quantity |           s_data |        s_dist_01 |        s_dist_02 |        s_dist_03 |        s_dist_04 |        s_dist_05 |        s_dist_06 |        s_dist_07 |        s_dist_08 |        s_dist_09 |        s_dist_10 |
+------------------+------------------+------------------+------------------+------------------+------------------+------------------+------------------+------------------+------------------+------------------+------------------+
|               82 | tNV47N74JTS0h... | KhHDzdMjFV9aK... | FnqtSeXHt27hk... | I98ThwMdZvqRj... | nd0R8CYmCzMIR... | P0unv0aqSuyqM... | TxV4RKJXjWvgb... | 9bwmjHTDXSMgE... | Dbnc8n5QaCQcV... | IC1stRVUGTQfP... | h3hqiiIdNCVgi... |
+------------------+------------------+------------------+------------------+------------------+------------------+------------------+------------------+------------------+------------------+------------------+------------------+
Total record(s): 1

SQL> update stock set s_quantity=13 where s_i_id=4 and s_w_id=1;

SQL> insert into order_line values (1003, 1, 1, 1, 4, 1, '2026-07-02 16:00:03', 8, 22.500, 'profile-workload');

SQL> select i_price, i_name, i_data from item where i_id=4;
+------------------+------------------+------------------+
|          i_price |           i_name |           i_data |
+------------------+------------------+------------------+
|       409.625000 | 2ICLCJkJNRA17... | zIA2Qe5D57pOo... |
+------------------+------------------+------------------+
Total record(s): 1

SQL> commit;

SQL> begin;

SQL> select c_discount, c_last, c_credit, w_tax from customer, warehouse where w_id=1 and c_w_id=w_id and c_d_id=2 and c_id=5;
+------------------+------------------+------------------+------------------+
|       c_discount |           c_last |         c_credit |            w_tax |
+------------------+------------------+------------------+------------------+
|         8.500000 |     BARRBARRPRES |               BC |         0.125000 |
+------------------+------------------+------------------+------------------+
Total record(s): 1

SQL> select d_next_o_id, d_tax from district where d_id=2 and d_w_id=1;
+------------------+------------------+
|      d_next_o_id |            d_tax |
+------------------+------------------+
|             2001 |         0.312500 |
+------------------+------------------+
Total record(s): 1

SQL> update district set d_next_o_id=2004 where d_id=2 and d_w_id=1;

SQL> insert into orders values (1004, 2, 1, 5, '2026-07-02 16:00:04', 0, 5, 1);

SQL> insert into new_orders values (1004, 2, 1);

SQL> select i_price, i_name, i_data from item where i_id=5;
+------------------+------------------+------------------+
|          i_price |           i_name |           i_data |
+------------------+------------------+------------------+
|       275.312012 | RZk5jvuYMBSuu... | E0i7Tq7lKSEXP... |
+------------------+------------------+------------------+
Total record(s): 1

SQL> select s_quantity, s_data, s_dist_01, s_dist_02, s_dist_03, s_dist_04, s_dist_05,s_dist_06, s_dist_07, s_dist_08, s_dist_09, s_dist_10 from stock where s_i_id=5 and s_w_id=1;
+------------------+------------------+------------------+------------------+------------------+------------------+------------------+------------------+------------------+------------------+------------------+------------------+
|       s_quantity |           s_data |        s_dist_01 |        s_dist_02 |        s_dist_03 |        s_dist_04 |        s_dist_05 |        s_dist_06 |        s_dist_07 |        s_dist_08 |        s_dist_09 |        s_dist_10 |
+------------------+------------------+------------------+------------------+------------------+------------------+------------------+------------------+------------------+------------------+------------------+------------------+
|               71 | QYFsfK67qSSgD... | EyhdR4M4INXc6... | 3Sh5C1zBCE369... | DAVOmriOquWjn... | st8NpeFRSxXqV... | pbI8Bu5iafeZi... | RqerpGCSIGjUk... | 1qfNqV5BGwDCX... | OxRydX1ZaUo5g... | Q2zzmel4OIYR1... | 4bPmuMOwkfNJh... |
+------------------+------------------+------------------+------------------+------------------+------------------+------------------+------------------+------------------+------------------+------------------+------------------+
Total record(s): 1

SQL> update stock set s_quantity=14 where s_i_id=5 and s_w_id=1;

SQL> insert into order_line values (1004, 2, 1, 1, 5, 1, '2026-07-02 16:00:04', 9, 25.625, 'profile-workload');

SQL> select i_price, i_name, i_data from item where i_id=5;
+------------------+------------------+------------------+
|          i_price |           i_name |           i_data |
+------------------+------------------+------------------+
|       275.312012 | RZk5jvuYMBSuu... | E0i7Tq7lKSEXP... |
+------------------+------------------+------------------+
Total record(s): 1

SQL> commit;

SQL> begin;

SQL> select c_discount, c_last, c_credit, w_tax from customer, warehouse where w_id=1 and c_w_id=w_id and c_d_id=3 and c_id=6;
+------------------+------------------+------------------+------------------+
|       c_discount |           c_last |         c_credit |            w_tax |
+------------------+------------------+------------------+------------------+
|        23.500000 |     BARRBARRESEE |               BC |         0.125000 |
+------------------+------------------+------------------+------------------+
Total record(s): 1

SQL> select d_next_o_id, d_tax from district where d_id=3 and d_w_id=1;
+------------------+------------------+
|      d_next_o_id |            d_tax |
+------------------+------------------+
|             2002 |         0.125000 |
+------------------+------------------+
Total record(s): 1

SQL> update district set d_next_o_id=2005 where d_id=3 and d_w_id=1;

SQL> insert into orders values (1005, 3, 1, 6, '2026-07-02 16:00:05', 0, 5, 1);

SQL> insert into new_orders values (1005, 3, 1);

SQL> select i_price, i_name, i_data from item where i_id=6;
+------------------+------------------+------------------+
|          i_price |           i_name |           i_data |
+------------------+------------------+------------------+
|       246.625000 | XtAQYtNGlLC4W... | 475hhQJ8nAwFl... |
+------------------+------------------+------------------+
Total record(s): 1

SQL> select s_quantity, s_data, s_dist_01, s_dist_02, s_dist_03, s_dist_04, s_dist_05,s_dist_06, s_dist_07, s_dist_08, s_dist_09, s_dist_10 from stock where s_i_id=6 and s_w_id=1;
+------------------+------------------+------------------+------------------+------------------+------------------+------------------+------------------+------------------+------------------+------------------+------------------+
|       s_quantity |           s_data |        s_dist_01 |        s_dist_02 |        s_dist_03 |        s_dist_04 |        s_dist_05 |        s_dist_06 |        s_dist_07 |        s_dist_08 |        s_dist_09 |        s_dist_10 |
+------------------+------------------+------------------+------------------+------------------+------------------+------------------+------------------+------------------+------------------+------------------+------------------+
|               20 | 50jyi1h54GEtG... | OiK6a8H0lcdcd... | bwDwD4rTKeogY... | Xl7GYWRXWgP4A... | PBVwrhpwmVg50... | jqmZw3n5jFQMf... | hkMdmhQFGYsCj... | oS4oJdUIVsMEn... | 2DiVDJPAjAJpW... | t8sFA3u5UUTXk... | BU2YsWQVdREKm... |
+------------------+------------------+------------------+------------------+------------------+------------------+------------------+------------------+------------------+------------------+------------------+------------------+
Total record(s): 1

SQL> update stock set s_quantity=15 where s_i_id=6 and s_w_id=1;

SQL> insert into order_line values (1005, 3, 1, 1, 6, 1, '2026-07-02 16:00:05', 10, 28.750, 'profile-workload');

SQL> select i_price, i_name, i_data from item where i_id=6;
+------------------+------------------+------------------+
|          i_price |           i_name |           i_data |
+------------------+------------------+------------------+
|       246.625000 | XtAQYtNGlLC4W... | 475hhQJ8nAwFl... |
+------------------+------------------+------------------+
Total record(s): 1

SQL> commit;

SQL> begin;

SQL> select c_discount, c_last, c_credit, w_tax from customer, warehouse where w_id=1 and c_w_id=w_id and c_d_id=1 and c_id=7;
+------------------+------------------+------------------+------------------+
|       c_discount |           c_last |         c_credit |            w_tax |
+------------------+------------------+------------------+------------------+
|        41.312500 |     BARRBARRANTI |               BC |         0.125000 |
+------------------+------------------+------------------+------------------+
Total record(s): 1

SQL> select d_next_o_id, d_tax from district where d_id=1 and d_w_id=1;
+------------------+------------------+
|      d_next_o_id |            d_tax |
+------------------+------------------+
|             2003 |         0.312500 |
+------------------+------------------+
Total record(s): 1

SQL> update district set d_next_o_id=2006 where d_id=1 and d_w_id=1;

SQL> insert into orders values (1006, 1, 1, 7, '2026-07-02 16:00:06', 0, 5, 1);

SQL> insert into new_orders values (1006, 1, 1);

SQL> select i_price, i_name, i_data from item where i_id=7;
+------------------+------------------+------------------+
|          i_price |           i_name |           i_data |
+------------------+------------------+------------------+
|       720.312012 | QxmrKt4r3jZpe... | y3Ck1ZIsrAEvk... |
+------------------+------------------+------------------+
Total record(s): 1

SQL> select s_quantity, s_data, s_dist_01, s_dist_02, s_dist_03, s_dist_04, s_dist_05,s_dist_06, s_dist_07, s_dist_08, s_dist_09, s_dist_10 from stock where s_i_id=7 and s_w_id=1;
+------------------+------------------+------------------+------------------+------------------+------------------+------------------+------------------+------------------+------------------+------------------+------------------+
|       s_quantity |           s_data |        s_dist_01 |        s_dist_02 |        s_dist_03 |        s_dist_04 |        s_dist_05 |        s_dist_06 |        s_dist_07 |        s_dist_08 |        s_dist_09 |        s_dist_10 |
+------------------+------------------+------------------+------------------+------------------+------------------+------------------+------------------+------------------+------------------+------------------+------------------+
|               32 | 6TR82uEe90nx2... | zTbRDg94LHvMI... | hEXvypWdr3sUU... | HLXzlRZuw4ouj... | gTve6RS4jkci1... | SDVkfUqhlRi4O... | L7RZjPChBdWkI... | Va5kfTINfkU6k... | KjPoqwTgzPznL... | sv13V8rlPIUIb... | 1J47hj0njnyZw... |
+------------------+------------------+------------------+------------------+------------------+------------------+------------------+------------------+------------------+------------------+------------------+------------------+
Total record(s): 1

SQL> update stock set s_quantity=16 where s_i_id=7 and s_w_id=1;

SQL> insert into order_line values (1006, 1, 1, 1, 7, 1, '2026-07-02 16:00:06', 11, 31.875, 'profile-workload');

SQL> select i_price, i_name, i_data from item where i_id=7;
+------------------+------------------+------------------+
|          i_price |           i_name |           i_data |
+------------------+------------------+------------------+
|       720.312012 | QxmrKt4r3jZpe... | y3Ck1ZIsrAEvk... |
+------------------+------------------+------------------+
Total record(s): 1

SQL> commit;

SQL> begin;

SQL> select c_discount, c_last, c_credit, w_tax from customer, warehouse where w_id=1 and c_w_id=w_id and c_d_id=2 and c_id=8;
+------------------+------------------+------------------+------------------+
|       c_discount |           c_last |         c_credit |            w_tax |
+------------------+------------------+------------------+------------------+
|        24.312500 |     BARRBARRCALL |               BC |         0.125000 |
+------------------+------------------+------------------+------------------+
Total record(s): 1

SQL> select d_next_o_id, d_tax from district where d_id=2 and d_w_id=1;
+------------------+------------------+
|      d_next_o_id |            d_tax |
+------------------+------------------+
|             2004 |         0.312500 |
+------------------+------------------+
Total record(s): 1

SQL> update district set d_next_o_id=2007 where d_id=2 and d_w_id=1;

SQL> insert into orders values (1007, 2, 1, 8, '2026-07-02 16:00:07', 0, 5, 1);

SQL> insert into new_orders values (1007, 2, 1);

SQL> select i_price, i_name, i_data from item where i_id=8;
+------------------+------------------+------------------+
|          i_price |           i_name |           i_data |
+------------------+------------------+------------------+
|       299.625000 | LwcuLY4knHB2t... | XbZktjH3bejfU... |
+------------------+------------------+------------------+
Total record(s): 1

SQL> select s_quantity, s_data, s_dist_01, s_dist_02, s_dist_03, s_dist_04, s_dist_05,s_dist_06, s_dist_07, s_dist_08, s_dist_09, s_dist_10 from stock where s_i_id=8 and s_w_id=1;
+------------------+------------------+------------------+------------------+------------------+------------------+------------------+------------------+------------------+------------------+------------------+------------------+
|       s_quantity |           s_data |        s_dist_01 |        s_dist_02 |        s_dist_03 |        s_dist_04 |        s_dist_05 |        s_dist_06 |        s_dist_07 |        s_dist_08 |        s_dist_09 |        s_dist_10 |
+------------------+------------------+------------------+------------------+------------------+------------------+------------------+------------------+------------------+------------------+------------------+------------------+
|               56 | fTXM32U4bVGkz... | avoOS1XdrV51l... | Z9neUMy58l07U... | RNxN3XmFO1BgJ... | VnepNUJvyuw0p... | 6Ag1fw0vNNJKl... | 5uvinGPCep6xe... | ZPxi7QYYnb1fV... | uxA4gBY6UmQkC... | OuEIv3mEhSatH... | vVSJVc8LyoFjs... |
+------------------+------------------+------------------+------------------+------------------+------------------+------------------+------------------+------------------+------------------+------------------+------------------+
Total record(s): 1

SQL> update stock set s_quantity=17 where s_i_id=8 and s_w_id=1;

SQL> insert into order_line values (1007, 2, 1, 1, 8, 1, '2026-07-02 16:00:07', 5, 35.000, 'profile-workload');

SQL> select i_price, i_name, i_data from item where i_id=8;
+------------------+------------------+------------------+
|          i_price |           i_name |           i_data |
+------------------+------------------+------------------+
|       299.625000 | LwcuLY4knHB2t... | XbZktjH3bejfU... |
+------------------+------------------+------------------+
Total record(s): 1

SQL> commit;

SQL> begin;

SQL> select c_discount, c_last, c_credit, w_tax from customer, warehouse where w_id=1 and c_w_id=w_id and c_d_id=3 and c_id=9;
+------------------+------------------+------------------+------------------+
|       c_discount |           c_last |         c_credit |            w_tax |
+------------------+------------------+------------------+------------------+
|        35.125000 |     BARRBARRATIO |               GC |         0.125000 |
+------------------+------------------+------------------+------------------+
Total record(s): 1

SQL> select d_next_o_id, d_tax from district where d_id=3 and d_w_id=1;
+------------------+------------------+
|      d_next_o_id |            d_tax |
+------------------+------------------+
|             2005 |         0.125000 |
+------------------+------------------+
Total record(s): 1

SQL> update district set d_next_o_id=2008 where d_id=3 and d_w_id=1;

SQL> insert into orders values (1008, 3, 1, 9, '2026-07-02 16:00:08', 0, 5, 1);

SQL> insert into new_orders values (1008, 3, 1);

SQL> select i_price, i_name, i_data from item where i_id=9;
+------------------+------------------+------------------+
|          i_price |           i_name |           i_data |
+------------------+------------------+------------------+
|       399.250000 | Uc9L7VYwDlNMH... | SZr0MmdvXoiJp... |
+------------------+------------------+------------------+
Total record(s): 1

SQL> select s_quantity, s_data, s_dist_01, s_dist_02, s_dist_03, s_dist_04, s_dist_05,s_dist_06, s_dist_07, s_dist_08, s_dist_09, s_dist_10 from stock where s_i_id=9 and s_w_id=1;
+------------------+------------------+------------------+------------------+------------------+------------------+------------------+------------------+------------------+------------------+------------------+------------------+
|       s_quantity |           s_data |        s_dist_01 |        s_dist_02 |        s_dist_03 |        s_dist_04 |        s_dist_05 |        s_dist_06 |        s_dist_07 |        s_dist_08 |        s_dist_09 |        s_dist_10 |
+------------------+------------------+------------------+------------------+------------------+------------------+------------------+------------------+------------------+------------------+------------------+------------------+
|               20 | doNfCZ41KD2bA... | YRgh8eIxiFTCf... | urPDGs5lOGRj1... | ndEJXpGXq2Yoo... | TE1gnwxbFgZy3... | S4NfC74qIDvrr... | ZOTOXZq8RwlHX... | T97qM204iWLJs... | 1LPnk4ibiCEMd... | 8j8SPj1oyFkvs... | Oa5enU4CjO0KW... |
+------------------+------------------+------------------+------------------+------------------+------------------+------------------+------------------+------------------+------------------+------------------+------------------+
Total record(s): 1

SQL> update stock set s_quantity=18 where s_i_id=9 and s_w_id=1;

SQL> insert into order_line values (1008, 3, 1, 1, 9, 1, '2026-07-02 16:00:08', 6, 38.125, 'profile-workload');

SQL> select i_price, i_name, i_data from item where i_id=9;
+------------------+------------------+------------------+
|          i_price |           i_name |           i_data |
+------------------+------------------+------------------+
|       399.250000 | Uc9L7VYwDlNMH... | SZr0MmdvXoiJp... |
+------------------+------------------+------------------+
Total record(s): 1

SQL> commit;

SQL> begin;

SQL> select c_discount, c_last, c_credit, w_tax from customer, warehouse where w_id=1 and c_w_id=w_id and c_d_id=1 and c_id=10;
+------------------+------------------+------------------+------------------+
|       c_discount |           c_last |         c_credit |            w_tax |
+------------------+------------------+------------------+------------------+
|        25.125000 |     BARRBARREING |               GC |         0.125000 |
+------------------+------------------+------------------+------------------+
Total record(s): 1

SQL> select d_next_o_id, d_tax from district where d_id=1 and d_w_id=1;
+------------------+------------------+
|      d_next_o_id |            d_tax |
+------------------+------------------+
|             2006 |         0.312500 |
+------------------+------------------+
Total record(s): 1

SQL> update district set d_next_o_id=2009 where d_id=1 and d_w_id=1;

SQL> insert into orders values (1009, 1, 1, 10, '2026-07-02 16:00:09', 0, 5, 1);

SQL> insert into new_orders values (1009, 1, 1);

SQL> select i_price, i_name, i_data from item where i_id=10;
+------------------+------------------+------------------+
|          i_price |           i_name |           i_data |
+------------------+------------------+------------------+
|       309.625000 | GE4lpUDt340SQ... | afXPChY5c62yi... |
+------------------+------------------+------------------+
Total record(s): 1

SQL> select s_quantity, s_data, s_dist_01, s_dist_02, s_dist_03, s_dist_04, s_dist_05,s_dist_06, s_dist_07, s_dist_08, s_dist_09, s_dist_10 from stock where s_i_id=10 and s_w_id=1;
+------------------+------------------+------------------+------------------+------------------+------------------+------------------+------------------+------------------+------------------+------------------+------------------+
|       s_quantity |           s_data |        s_dist_01 |        s_dist_02 |        s_dist_03 |        s_dist_04 |        s_dist_05 |        s_dist_06 |        s_dist_07 |        s_dist_08 |        s_dist_09 |        s_dist_10 |
+------------------+------------------+------------------+------------------+------------------+------------------+------------------+------------------+------------------+------------------+------------------+------------------+
|               26 | gXrIBzRLX1Hrc... | eKrLB8TVHiI44... | ouIyEmeGRGi0o... | c4bwuOWiQjEoV... | Ef2IURhPGXHIb... | thXVk6wG5UMjA... | FaPc4hXpwRqJc... | PPaIGfQ7UgCiR... | B4mpk7r1Oy6Q9... | YctHbb8gqgNVL... | tahmqTg8YteQa... |
+------------------+------------------+------------------+------------------+------------------+------------------+------------------+------------------+------------------+------------------+------------------+------------------+
Total record(s): 1

SQL> update stock set s_quantity=19 where s_i_id=10 and s_w_id=1;

SQL> insert into order_line values (1009, 1, 1, 1, 10, 1, '2026-07-02 16:00:09', 7, 41.250, 'profile-workload');

SQL> select i_price, i_name, i_data from item where i_id=10;
+------------------+------------------+------------------+
|          i_price |           i_name |           i_data |
+------------------+------------------+------------------+
|       309.625000 | GE4lpUDt340SQ... | afXPChY5c62yi... |
+------------------+------------------+------------------+
Total record(s): 1

SQL> commit;

SQL> begin;

SQL> select c_discount, c_last, c_credit, w_tax from customer, warehouse where w_id=1 and c_w_id=w_id and c_d_id=2 and c_id=1;
+------------------+------------------+------------------+------------------+
|       c_discount |           c_last |         c_credit |            w_tax |
+------------------+------------------+------------------+------------------+
|        26.250000 |     BARRBARRBARR |               GC |         0.125000 |
+------------------+------------------+------------------+------------------+
Total record(s): 1

SQL> select d_next_o_id, d_tax from district where d_id=2 and d_w_id=1;
+------------------+------------------+
|      d_next_o_id |            d_tax |
+------------------+------------------+
|             2007 |         0.312500 |
+------------------+------------------+
Total record(s): 1

SQL> update district set d_next_o_id=2010 where d_id=2 and d_w_id=1;

SQL> insert into orders values (1010, 2, 1, 1, '2026-07-02 16:00:10', 0, 5, 1);

SQL> insert into new_orders values (1010, 2, 1);

SQL> select i_price, i_name, i_data from item where i_id=1;
+------------------+------------------+------------------+
|          i_price |           i_name |           i_data |
+------------------+------------------+------------------+
|       387.500000 | em5qY0xbhf7jT... | ODk5NNaYinHCt... |
+------------------+------------------+------------------+
Total record(s): 1

SQL> select s_quantity, s_data, s_dist_01, s_dist_02, s_dist_03, s_dist_04, s_dist_05,s_dist_06, s_dist_07, s_dist_08, s_dist_09, s_dist_10 from stock where s_i_id=1 and s_w_id=1;
+------------------+------------------+------------------+------------------+------------------+------------------+------------------+------------------+------------------+------------------+------------------+------------------+
|       s_quantity |           s_data |        s_dist_01 |        s_dist_02 |        s_dist_03 |        s_dist_04 |        s_dist_05 |        s_dist_06 |        s_dist_07 |        s_dist_08 |        s_dist_09 |        s_dist_10 |
+------------------+------------------+------------------+------------------+------------------+------------------+------------------+------------------+------------------+------------------+------------------+------------------+
|               10 | EX7cPdLs2h5Cu... | BjeZBWGUE2RK9... | Giu0QtJbzMqDz... | x5qwcB5RFQ0PJ... | zBTPV7ZCAdkhp... | QLd5BxVOSe5EO... | L1UjatGc7rn5I... | 4cCGnVcADQNSR... | uwojesfvwKbKk... | 4N8CE0EbYc27l... | jD8imXof2fu84... |
+------------------+------------------+------------------+------------------+------------------+------------------+------------------+------------------+------------------+------------------+------------------+------------------+
Total record(s): 1

SQL> update stock set s_quantity=20 where s_i_id=1 and s_w_id=1;

SQL> insert into order_line values (1010, 2, 1, 1, 1, 1, '2026-07-02 16:00:10', 8, 13.125, 'profile-workload');

SQL> select i_price, i_name, i_data from item where i_id=1;
+------------------+------------------+------------------+
|          i_price |           i_name |           i_data |
+------------------+------------------+------------------+
|       387.500000 | em5qY0xbhf7jT... | ODk5NNaYinHCt... |
+------------------+------------------+------------------+
Total record(s): 1

SQL> commit;

SQL> begin;

SQL> select c_discount, c_last, c_credit, w_tax from customer, warehouse where w_id=1 and c_w_id=w_id and c_d_id=3 and c_id=2;
+------------------+------------------+------------------+------------------+
|       c_discount |           c_last |         c_credit |            w_tax |
+------------------+------------------+------------------+------------------+
|        31.250000 |     BARRBARROUGH |               BC |         0.125000 |
+------------------+------------------+------------------+------------------+
Total record(s): 1

SQL> select d_next_o_id, d_tax from district where d_id=3 and d_w_id=1;
+------------------+------------------+
|      d_next_o_id |            d_tax |
+------------------+------------------+
|             2008 |         0.125000 |
+------------------+------------------+
Total record(s): 1

SQL> update district set d_next_o_id=2011 where d_id=3 and d_w_id=1;

SQL> insert into orders values (1011, 3, 1, 2, '2026-07-02 16:00:11', 0, 5, 1);

SQL> insert into new_orders values (1011, 3, 1);

SQL> select i_price, i_name, i_data from item where i_id=2;
+------------------+------------------+------------------+
|          i_price |           i_name |           i_data |
+------------------+------------------+------------------+
|       376.125000 | MuXfgApP7KW0a... | 3Nb3DgfVu1KJp... |
+------------------+------------------+------------------+
Total record(s): 1

SQL> select s_quantity, s_data, s_dist_01, s_dist_02, s_dist_03, s_dist_04, s_dist_05,s_dist_06, s_dist_07, s_dist_08, s_dist_09, s_dist_10 from stock where s_i_id=2 and s_w_id=1;
+------------------+------------------+------------------+------------------+------------------+------------------+------------------+------------------+------------------+------------------+------------------+------------------+
|       s_quantity |           s_data |        s_dist_01 |        s_dist_02 |        s_dist_03 |        s_dist_04 |        s_dist_05 |        s_dist_06 |        s_dist_07 |        s_dist_08 |        s_dist_09 |        s_dist_10 |
+------------------+------------------+------------------+------------------+------------------+------------------+------------------+------------------+------------------+------------------+------------------+------------------+
|               11 | djOd4utkRfPov... | m5mzVzbMevZr0... | AcexKPCSIqIkI... | dtJHr8L1DGHhZ... | Q4qTTAxg8vItA... | mRVxHKkLJsGt5... | WY35fxzCEpf7J... | NudamqsKcBceN... | t6IWnrmkFgBcF... | 2QcCCffEf0CT8... | X1e603kIsyKdi... |
+------------------+------------------+------------------+------------------+------------------+------------------+------------------+------------------+------------------+------------------+------------------+------------------+
Total record(s): 1

SQL> update stock set s_quantity=21 where s_i_id=2 and s_w_id=1;

SQL> insert into order_line values (1011, 3, 1, 1, 2, 1, '2026-07-02 16:00:11', 9, 16.250, 'profile-workload');

SQL> select i_price, i_name, i_data from item where i_id=2;
+------------------+------------------+------------------+
|          i_price |           i_name |           i_data |
+------------------+------------------+------------------+
|       376.125000 | MuXfgApP7KW0a... | 3Nb3DgfVu1KJp... |
+------------------+------------------+------------------+
Total record(s): 1

SQL> commit;

SQL> begin;

SQL> select c_discount, c_last, c_credit, w_tax from customer, warehouse where w_id=1 and c_w_id=w_id and c_d_id=1 and c_id=3;
+------------------+------------------+------------------+------------------+
|       c_discount |           c_last |         c_credit |            w_tax |
+------------------+------------------+------------------+------------------+
|         6.125000 |     BARRBARRABLE |               BC |         0.125000 |
+------------------+------------------+------------------+------------------+
Total record(s): 1

SQL> select d_next_o_id, d_tax from district where d_id=1 and d_w_id=1;
+------------------+------------------+
|      d_next_o_id |            d_tax |
+------------------+------------------+
|             2009 |         0.312500 |
+------------------+------------------+
Total record(s): 1

SQL> update district set d_next_o_id=2012 where d_id=1 and d_w_id=1;

SQL> insert into orders values (1012, 1, 1, 3, '2026-07-02 16:00:12', 0, 5, 1);

SQL> insert into new_orders values (1012, 1, 1);

SQL> select i_price, i_name, i_data from item where i_id=3;
+------------------+------------------+------------------+
|          i_price |           i_name |           i_data |
+------------------+------------------+------------------+
|       109.311996 | yis0W0gx0pikT... | UNL1LJukAZWN0... |
+------------------+------------------+------------------+
Total record(s): 1

SQL> select s_quantity, s_data, s_dist_01, s_dist_02, s_dist_03, s_dist_04, s_dist_05,s_dist_06, s_dist_07, s_dist_08, s_dist_09, s_dist_10 from stock where s_i_id=3 and s_w_id=1;
+------------------+------------------+------------------+------------------+------------------+------------------+------------------+------------------+------------------+------------------+------------------+------------------+
|       s_quantity |           s_data |        s_dist_01 |        s_dist_02 |        s_dist_03 |        s_dist_04 |        s_dist_05 |        s_dist_06 |        s_dist_07 |        s_dist_08 |        s_dist_09 |        s_dist_10 |
+------------------+------------------+------------------+------------------+------------------+------------------+------------------+------------------+------------------+------------------+------------------+------------------+
|               12 | SW90NeiRcp87f... | PVa7W5l3wRhUk... | sFfSRZQKBjMBa... | 9PDW05BnxMAjj... | WDsQYXpbbflDi... | hhr7RsyaiQF26... | HQZojb6uhrRNn... | s6MwvjHhKyTOl... | 9YGuFFjBiK9br... | Awmc5ENeXc9hp... | j50sXBi3QQyxf... |
+------------------+------------------+------------------+------------------+------------------+------------------+------------------+------------------+------------------+------------------+------------------+------------------+
Total record(s): 1

SQL> update stock set s_quantity=22 where s_i_id=3 and s_w_id=1;

SQL> insert into order_line values (1012, 1, 1, 1, 3, 1, '2026-07-02 16:00:12', 10, 19.375, 'profile-workload');

SQL> select i_price, i_name, i_data from item where i_id=3;
+------------------+------------------+------------------+
|          i_price |           i_name |           i_data |
+------------------+------------------+------------------+
|       109.311996 | yis0W0gx0pikT... | UNL1LJukAZWN0... |
+------------------+------------------+------------------+
Total record(s): 1

SQL> commit;

SQL> begin;

SQL> select c_discount, c_last, c_credit, w_tax from customer, warehouse where w_id=1 and c_w_id=w_id and c_d_id=2 and c_id=4;
+------------------+------------------+------------------+------------------+
|       c_discount |           c_last |         c_credit |            w_tax |
+------------------+------------------+------------------+------------------+
|         2.625000 |     BARRBARRPRII |               BC |         0.125000 |
+------------------+------------------+------------------+------------------+
Total record(s): 1

SQL> select d_next_o_id, d_tax from district where d_id=2 and d_w_id=1;
+------------------+------------------+
|      d_next_o_id |            d_tax |
+------------------+------------------+
|             2010 |         0.312500 |
+------------------+------------------+
Total record(s): 1

SQL> update district set d_next_o_id=2013 where d_id=2 and d_w_id=1;

SQL> insert into orders values (1013, 2, 1, 4, '2026-07-02 16:00:13', 0, 5, 1);

SQL> insert into new_orders values (1013, 2, 1);

SQL> select i_price, i_name, i_data from item where i_id=4;
+------------------+------------------+------------------+
|          i_price |           i_name |           i_data |
+------------------+------------------+------------------+
|       409.625000 | 2ICLCJkJNRA17... | zIA2Qe5D57pOo... |
+------------------+------------------+------------------+
Total record(s): 1

SQL> select s_quantity, s_data, s_dist_01, s_dist_02, s_dist_03, s_dist_04, s_dist_05,s_dist_06, s_dist_07, s_dist_08, s_dist_09, s_dist_10 from stock where s_i_id=4 and s_w_id=1;
+------------------+------------------+------------------+------------------+------------------+------------------+------------------+------------------+------------------+------------------+------------------+------------------+
|       s_quantity |           s_data |        s_dist_01 |        s_dist_02 |        s_dist_03 |        s_dist_04 |        s_dist_05 |        s_dist_06 |        s_dist_07 |        s_dist_08 |        s_dist_09 |        s_dist_10 |
+------------------+------------------+------------------+------------------+------------------+------------------+------------------+------------------+------------------+------------------+------------------+------------------+
|               13 | tNV47N74JTS0h... | KhHDzdMjFV9aK... | FnqtSeXHt27hk... | I98ThwMdZvqRj... | nd0R8CYmCzMIR... | P0unv0aqSuyqM... | TxV4RKJXjWvgb... | 9bwmjHTDXSMgE... | Dbnc8n5QaCQcV... | IC1stRVUGTQfP... | h3hqiiIdNCVgi... |
+------------------+------------------+------------------+------------------+------------------+------------------+------------------+------------------+------------------+------------------+------------------+------------------+
Total record(s): 1

SQL> update stock set s_quantity=23 where s_i_id=4 and s_w_id=1;

SQL> insert into order_line values (1013, 2, 1, 1, 4, 1, '2026-07-02 16:00:13', 11, 22.500, 'profile-workload');

SQL> select i_price, i_name, i_data from item where i_id=4;
+------------------+------------------+------------------+
|          i_price |           i_name |           i_data |
+------------------+------------------+------------------+
|       409.625000 | 2ICLCJkJNRA17... | zIA2Qe5D57pOo... |
+------------------+------------------+------------------+
Total record(s): 1

SQL> commit;

SQL> begin;

SQL> select c_discount, c_last, c_credit, w_tax from customer, warehouse where w_id=1 and c_w_id=w_id and c_d_id=3 and c_id=5;
+------------------+------------------+------------------+------------------+
|       c_discount |           c_last |         c_credit |            w_tax |
+------------------+------------------+------------------+------------------+
|        13.500000 |     BARRBARRPRES |               GC |         0.125000 |
+------------------+------------------+------------------+------------------+
Total record(s): 1

SQL> select d_next_o_id, d_tax from district where d_id=3 and d_w_id=1;
+------------------+------------------+
|      d_next_o_id |            d_tax |
+------------------+------------------+
|             2011 |         0.125000 |
+------------------+------------------+
Total record(s): 1

SQL> update district set d_next_o_id=2014 where d_id=3 and d_w_id=1;

SQL> insert into orders values (1014, 3, 1, 5, '2026-07-02 16:00:14', 0, 5, 1);

SQL> insert into new_orders values (1014, 3, 1);

SQL> select i_price, i_name, i_data from item where i_id=5;
+------------------+------------------+------------------+
|          i_price |           i_name |           i_data |
+------------------+------------------+------------------+
|       275.312012 | RZk5jvuYMBSuu... | E0i7Tq7lKSEXP... |
+------------------+------------------+------------------+
Total record(s): 1

SQL> select s_quantity, s_data, s_dist_01, s_dist_02, s_dist_03, s_dist_04, s_dist_05,s_dist_06, s_dist_07, s_dist_08, s_dist_09, s_dist_10 from stock where s_i_id=5 and s_w_id=1;
+------------------+------------------+------------------+------------------+------------------+------------------+------------------+------------------+------------------+------------------+------------------+------------------+
|       s_quantity |           s_data |        s_dist_01 |        s_dist_02 |        s_dist_03 |        s_dist_04 |        s_dist_05 |        s_dist_06 |        s_dist_07 |        s_dist_08 |        s_dist_09 |        s_dist_10 |
+------------------+------------------+------------------+------------------+------------------+------------------+------------------+------------------+------------------+------------------+------------------+------------------+
|               14 | QYFsfK67qSSgD... | EyhdR4M4INXc6... | 3Sh5C1zBCE369... | DAVOmriOquWjn... | st8NpeFRSxXqV... | pbI8Bu5iafeZi... | RqerpGCSIGjUk... | 1qfNqV5BGwDCX... | OxRydX1ZaUo5g... | Q2zzmel4OIYR1... | 4bPmuMOwkfNJh... |
+------------------+------------------+------------------+------------------+------------------+------------------+------------------+------------------+------------------+------------------+------------------+------------------+
Total record(s): 1

SQL> update stock set s_quantity=24 where s_i_id=5 and s_w_id=1;

SQL> insert into order_line values (1014, 3, 1, 1, 5, 1, '2026-07-02 16:00:14', 5, 25.625, 'profile-workload');

SQL> select i_price, i_name, i_data from item where i_id=5;
+------------------+------------------+------------------+
|          i_price |           i_name |           i_data |
+------------------+------------------+------------------+
|       275.312012 | RZk5jvuYMBSuu... | E0i7Tq7lKSEXP... |
+------------------+------------------+------------------+
Total record(s): 1

SQL> commit;

SQL> begin;

SQL> select c_discount, c_last, c_credit, w_tax from customer, warehouse where w_id=1 and c_w_id=w_id and c_d_id=1 and c_id=6;
+------------------+------------------+------------------+------------------+
|       c_discount |           c_last |         c_credit |            w_tax |
+------------------+------------------+------------------+------------------+
|        42.500000 |     BARRBARRESEE |               GC |         0.125000 |
+------------------+------------------+------------------+------------------+
Total record(s): 1

SQL> select d_next_o_id, d_tax from district where d_id=1 and d_w_id=1;
+------------------+------------------+
|      d_next_o_id |            d_tax |
+------------------+------------------+
|             2012 |         0.312500 |
+------------------+------------------+
Total record(s): 1

SQL> update district set d_next_o_id=2015 where d_id=1 and d_w_id=1;

SQL> insert into orders values (1015, 1, 1, 6, '2026-07-02 16:00:15', 0, 5, 1);

SQL> insert into new_orders values (1015, 1, 1);

SQL> select i_price, i_name, i_data from item where i_id=6;
+------------------+------------------+------------------+
|          i_price |           i_name |           i_data |
+------------------+------------------+------------------+
|       246.625000 | XtAQYtNGlLC4W... | 475hhQJ8nAwFl... |
+------------------+------------------+------------------+
Total record(s): 1

SQL> select s_quantity, s_data, s_dist_01, s_dist_02, s_dist_03, s_dist_04, s_dist_05,s_dist_06, s_dist_07, s_dist_08, s_dist_09, s_dist_10 from stock where s_i_id=6 and s_w_id=1;
+------------------+------------------+------------------+------------------+------------------+------------------+------------------+------------------+------------------+------------------+------------------+------------------+
|       s_quantity |           s_data |        s_dist_01 |        s_dist_02 |        s_dist_03 |        s_dist_04 |        s_dist_05 |        s_dist_06 |        s_dist_07 |        s_dist_08 |        s_dist_09 |        s_dist_10 |
+------------------+------------------+------------------+------------------+------------------+------------------+------------------+------------------+------------------+------------------+------------------+------------------+
|               15 | 50jyi1h54GEtG... | OiK6a8H0lcdcd... | bwDwD4rTKeogY... | Xl7GYWRXWgP4A... | PBVwrhpwmVg50... | jqmZw3n5jFQMf... | hkMdmhQFGYsCj... | oS4oJdUIVsMEn... | 2DiVDJPAjAJpW... | t8sFA3u5UUTXk... | BU2YsWQVdREKm... |
+------------------+------------------+------------------+------------------+------------------+------------------+------------------+------------------+------------------+------------------+------------------+------------------+
Total record(s): 1

SQL> update stock set s_quantity=25 where s_i_id=6 and s_w_id=1;

SQL> insert into order_line values (1015, 1, 1, 1, 6, 1, '2026-07-02 16:00:15', 6, 28.750, 'profile-workload');

SQL> select i_price, i_name, i_data from item where i_id=6;
+------------------+------------------+------------------+
|          i_price |           i_name |           i_data |
+------------------+------------------+------------------+
|       246.625000 | XtAQYtNGlLC4W... | 475hhQJ8nAwFl... |
+------------------+------------------+------------------+
Total record(s): 1

SQL> commit;

SQL> begin;

SQL> select c_discount, c_last, c_credit, w_tax from customer, warehouse where w_id=1 and c_w_id=w_id and c_d_id=2 and c_id=7;
+------------------+------------------+------------------+------------------+
|       c_discount |           c_last |         c_credit |            w_tax |
+------------------+------------------+------------------+------------------+
|         8.625000 |     BARRBARRANTI |               GC |         0.125000 |
+------------------+------------------+------------------+------------------+
Total record(s): 1

SQL> select d_next_o_id, d_tax from district where d_id=2 and d_w_id=1;
+------------------+------------------+
|      d_next_o_id |            d_tax |
+------------------+------------------+
|             2013 |         0.312500 |
+------------------+------------------+
Total record(s): 1

SQL> update district set d_next_o_id=2016 where d_id=2 and d_w_id=1;

SQL> insert into orders values (1016, 2, 1, 7, '2026-07-02 16:00:16', 0, 5, 1);

SQL> insert into new_orders values (1016, 2, 1);

SQL> select i_price, i_name, i_data from item where i_id=7;
+------------------+------------------+------------------+
|          i_price |           i_name |           i_data |
+------------------+------------------+------------------+
|       720.312012 | QxmrKt4r3jZpe... | y3Ck1ZIsrAEvk... |
+------------------+------------------+------------------+
Total record(s): 1

SQL> select s_quantity, s_data, s_dist_01, s_dist_02, s_dist_03, s_dist_04, s_dist_05,s_dist_06, s_dist_07, s_dist_08, s_dist_09, s_dist_10 from stock where s_i_id=7 and s_w_id=1;
+------------------+------------------+------------------+------------------+------------------+------------------+------------------+------------------+------------------+------------------+------------------+------------------+
|       s_quantity |           s_data |        s_dist_01 |        s_dist_02 |        s_dist_03 |        s_dist_04 |        s_dist_05 |        s_dist_06 |        s_dist_07 |        s_dist_08 |        s_dist_09 |        s_dist_10 |
+------------------+------------------+------------------+------------------+------------------+------------------+------------------+------------------+------------------+------------------+------------------+------------------+
|               16 | 6TR82uEe90nx2... | zTbRDg94LHvMI... | hEXvypWdr3sUU... | HLXzlRZuw4ouj... | gTve6RS4jkci1... | SDVkfUqhlRi4O... | L7RZjPChBdWkI... | Va5kfTINfkU6k... | KjPoqwTgzPznL... | sv13V8rlPIUIb... | 1J47hj0njnyZw... |
+------------------+------------------+------------------+------------------+------------------+------------------+------------------+------------------+------------------+------------------+------------------+------------------+
Total record(s): 1

SQL> update stock set s_quantity=26 where s_i_id=7 and s_w_id=1;

SQL> insert into order_line values (1016, 2, 1, 1, 7, 1, '2026-07-02 16:00:16', 7, 31.875, 'profile-workload');

SQL> select i_price, i_name, i_data from item where i_id=7;
+------------------+------------------+------------------+
|          i_price |           i_name |           i_data |
+------------------+------------------+------------------+
|       720.312012 | QxmrKt4r3jZpe... | y3Ck1ZIsrAEvk... |
+------------------+------------------+------------------+
Total record(s): 1

SQL> commit;

SQL> begin;

SQL> select c_discount, c_last, c_credit, w_tax from customer, warehouse where w_id=1 and c_w_id=w_id and c_d_id=3 and c_id=8;
+------------------+------------------+------------------+------------------+
|       c_discount |           c_last |         c_credit |            w_tax |
+------------------+------------------+------------------+------------------+
|         7.500000 |     BARRBARRCALL |               BC |         0.125000 |
+------------------+------------------+------------------+------------------+
Total record(s): 1

SQL> select d_next_o_id, d_tax from district where d_id=3 and d_w_id=1;
+------------------+------------------+
|      d_next_o_id |            d_tax |
+------------------+------------------+
|             2014 |         0.125000 |
+------------------+------------------+
Total record(s): 1

SQL> update district set d_next_o_id=2017 where d_id=3 and d_w_id=1;

SQL> insert into orders values (1017, 3, 1, 8, '2026-07-02 16:00:17', 0, 5, 1);

SQL> insert into new_orders values (1017, 3, 1);

SQL> select i_price, i_name, i_data from item where i_id=8;
+------------------+------------------+------------------+
|          i_price |           i_name |           i_data |
+------------------+------------------+------------------+
|       299.625000 | LwcuLY4knHB2t... | XbZktjH3bejfU... |
+------------------+------------------+------------------+
Total record(s): 1

SQL> select s_quantity, s_data, s_dist_01, s_dist_02, s_dist_03, s_dist_04, s_dist_05,s_dist_06, s_dist_07, s_dist_08, s_dist_09, s_dist_10 from stock where s_i_id=8 and s_w_id=1;
+------------------+------------------+------------------+------------------+------------------+------------------+------------------+------------------+------------------+------------------+------------------+------------------+
|       s_quantity |           s_data |        s_dist_01 |        s_dist_02 |        s_dist_03 |        s_dist_04 |        s_dist_05 |        s_dist_06 |        s_dist_07 |        s_dist_08 |        s_dist_09 |        s_dist_10 |
+------------------+------------------+------------------+------------------+------------------+------------------+------------------+------------------+------------------+------------------+------------------+------------------+
|               17 | fTXM32U4bVGkz... | avoOS1XdrV51l... | Z9neUMy58l07U... | RNxN3XmFO1BgJ... | VnepNUJvyuw0p... | 6Ag1fw0vNNJKl... | 5uvinGPCep6xe... | ZPxi7QYYnb1fV... | uxA4gBY6UmQkC... | OuEIv3mEhSatH... | vVSJVc8LyoFjs... |
+------------------+------------------+------------------+------------------+------------------+------------------+------------------+------------------+------------------+------------------+------------------+------------------+
Total record(s): 1

SQL> update stock set s_quantity=27 where s_i_id=8 and s_w_id=1;

SQL> insert into order_line values (1017, 3, 1, 1, 8, 1, '2026-07-02 16:00:17', 8, 35.000, 'profile-workload');

SQL> select i_price, i_name, i_data from item where i_id=8;
+------------------+------------------+------------------+
|          i_price |           i_name |           i_data |
+------------------+------------------+------------------+
|       299.625000 | LwcuLY4knHB2t... | XbZktjH3bejfU... |
+------------------+------------------+------------------+
Total record(s): 1

SQL> commit;

SQL> begin;

SQL> select c_discount, c_last, c_credit, w_tax from customer, warehouse where w_id=1 and c_w_id=w_id and c_d_id=1 and c_id=9;
+------------------+------------------+------------------+------------------+
|       c_discount |           c_last |         c_credit |            w_tax |
+------------------+------------------+------------------+------------------+
|        19.125000 |     BARRBARRATIO |               BC |         0.125000 |
+------------------+------------------+------------------+------------------+
Total record(s): 1

SQL> select d_next_o_id, d_tax from district where d_id=1 and d_w_id=1;
+------------------+------------------+
|      d_next_o_id |            d_tax |
+------------------+------------------+
|             2015 |         0.312500 |
+------------------+------------------+
Total record(s): 1

SQL> update district set d_next_o_id=2018 where d_id=1 and d_w_id=1;

SQL> insert into orders values (1018, 1, 1, 9, '2026-07-02 16:00:18', 0, 5, 1);

SQL> insert into new_orders values (1018, 1, 1);

SQL> select i_price, i_name, i_data from item where i_id=9;
+------------------+------------------+------------------+
|          i_price |           i_name |           i_data |
+------------------+------------------+------------------+
|       399.250000 | Uc9L7VYwDlNMH... | SZr0MmdvXoiJp... |
+------------------+------------------+------------------+
Total record(s): 1

SQL> select s_quantity, s_data, s_dist_01, s_dist_02, s_dist_03, s_dist_04, s_dist_05,s_dist_06, s_dist_07, s_dist_08, s_dist_09, s_dist_10 from stock where s_i_id=9 and s_w_id=1;
+------------------+------------------+------------------+------------------+------------------+------------------+------------------+------------------+------------------+------------------+------------------+------------------+
|       s_quantity |           s_data |        s_dist_01 |        s_dist_02 |        s_dist_03 |        s_dist_04 |        s_dist_05 |        s_dist_06 |        s_dist_07 |        s_dist_08 |        s_dist_09 |        s_dist_10 |
+------------------+------------------+------------------+------------------+------------------+------------------+------------------+------------------+------------------+------------------+------------------+------------------+
|               18 | doNfCZ41KD2bA... | YRgh8eIxiFTCf... | urPDGs5lOGRj1... | ndEJXpGXq2Yoo... | TE1gnwxbFgZy3... | S4NfC74qIDvrr... | ZOTOXZq8RwlHX... | T97qM204iWLJs... | 1LPnk4ibiCEMd... | 8j8SPj1oyFkvs... | Oa5enU4CjO0KW... |
+------------------+------------------+------------------+------------------+------------------+------------------+------------------+------------------+------------------+------------------+------------------+------------------+
Total record(s): 1

SQL> update stock set s_quantity=28 where s_i_id=9 and s_w_id=1;

SQL> insert into order_line values (1018, 1, 1, 1, 9, 1, '2026-07-02 16:00:18', 9, 38.125, 'profile-workload');

SQL> select i_price, i_name, i_data from item where i_id=9;
+------------------+------------------+------------------+
|          i_price |           i_name |           i_data |
+------------------+------------------+------------------+
|       399.250000 | Uc9L7VYwDlNMH... | SZr0MmdvXoiJp... |
+------------------+------------------+------------------+
Total record(s): 1

SQL> commit;

SQL> begin;

SQL> select c_discount, c_last, c_credit, w_tax from customer, warehouse where w_id=1 and c_w_id=w_id and c_d_id=2 and c_id=10;
+------------------+------------------+------------------+------------------+
|       c_discount |           c_last |         c_credit |            w_tax |
+------------------+------------------+------------------+------------------+
|        33.312500 |     BARRBARREING |               GC |         0.125000 |
+------------------+------------------+------------------+------------------+
Total record(s): 1

SQL> select d_next_o_id, d_tax from district where d_id=2 and d_w_id=1;
+------------------+------------------+
|      d_next_o_id |            d_tax |
+------------------+------------------+
|             2016 |         0.312500 |
+------------------+------------------+
Total record(s): 1

SQL> update district set d_next_o_id=2019 where d_id=2 and d_w_id=1;

SQL> insert into orders values (1019, 2, 1, 10, '2026-07-02 16:00:19', 0, 5, 1);

SQL> insert into new_orders values (1019, 2, 1);

SQL> select i_price, i_name, i_data from item where i_id=10;
+------------------+------------------+------------------+
|          i_price |           i_name |           i_data |
+------------------+------------------+------------------+
|       309.625000 | GE4lpUDt340SQ... | afXPChY5c62yi... |
+------------------+------------------+------------------+
Total record(s): 1

SQL> select s_quantity, s_data, s_dist_01, s_dist_02, s_dist_03, s_dist_04, s_dist_05,s_dist_06, s_dist_07, s_dist_08, s_dist_09, s_dist_10 from stock where s_i_id=10 and s_w_id=1;
+------------------+------------------+------------------+------------------+------------------+------------------+------------------+------------------+------------------+------------------+------------------+------------------+
|       s_quantity |           s_data |        s_dist_01 |        s_dist_02 |        s_dist_03 |        s_dist_04 |        s_dist_05 |        s_dist_06 |        s_dist_07 |        s_dist_08 |        s_dist_09 |        s_dist_10 |
+------------------+------------------+------------------+------------------+------------------+------------------+------------------+------------------+------------------+------------------+------------------+------------------+
|               19 | gXrIBzRLX1Hrc... | eKrLB8TVHiI44... | ouIyEmeGRGi0o... | c4bwuOWiQjEoV... | Ef2IURhPGXHIb... | thXVk6wG5UMjA... | FaPc4hXpwRqJc... | PPaIGfQ7UgCiR... | B4mpk7r1Oy6Q9... | YctHbb8gqgNVL... | tahmqTg8YteQa... |
+------------------+------------------+------------------+------------------+------------------+------------------+------------------+------------------+------------------+------------------+------------------+------------------+
Total record(s): 1

SQL> update stock set s_quantity=29 where s_i_id=10 and s_w_id=1;

SQL> insert into order_line values (1019, 2, 1, 1, 10, 1, '2026-07-02 16:00:19', 10, 41.250, 'profile-workload');

SQL> select i_price, i_name, i_data from item where i_id=10;
+------------------+------------------+------------------+
|          i_price |           i_name |           i_data |
+------------------+------------------+------------------+
|       309.625000 | GE4lpUDt340SQ... | afXPChY5c62yi... |
+------------------+------------------+------------------+
Total record(s): 1

SQL> commit;

SQL> begin;

SQL> select c_discount, c_last, c_credit, w_tax from customer, warehouse where w_id=1 and c_w_id=w_id and c_d_id=3 and c_id=1;
+------------------+------------------+------------------+------------------+
|       c_discount |           c_last |         c_credit |            w_tax |
+------------------+------------------+------------------+------------------+
|        35.312500 |     BARRBARRBARR |               GC |         0.125000 |
+------------------+------------------+------------------+------------------+
Total record(s): 1

SQL> select d_next_o_id, d_tax from district where d_id=3 and d_w_id=1;
+------------------+------------------+
|      d_next_o_id |            d_tax |
+------------------+------------------+
|             2017 |         0.125000 |
+------------------+------------------+
Total record(s): 1

SQL> update district set d_next_o_id=2020 where d_id=3 and d_w_id=1;

SQL> insert into orders values (1020, 3, 1, 1, '2026-07-02 16:00:20', 0, 5, 1);

SQL> insert into new_orders values (1020, 3, 1);

SQL> select i_price, i_name, i_data from item where i_id=1;
+------------------+------------------+------------------+
|          i_price |           i_name |           i_data |
+------------------+------------------+------------------+
|       387.500000 | em5qY0xbhf7jT... | ODk5NNaYinHCt... |
+------------------+------------------+------------------+
Total record(s): 1

SQL> select s_quantity, s_data, s_dist_01, s_dist_02, s_dist_03, s_dist_04, s_dist_05,s_dist_06, s_dist_07, s_dist_08, s_dist_09, s_dist_10 from stock where s_i_id=1 and s_w_id=1;
+------------------+------------------+------------------+------------------+------------------+------------------+------------------+------------------+------------------+------------------+------------------+------------------+
|       s_quantity |           s_data |        s_dist_01 |        s_dist_02 |        s_dist_03 |        s_dist_04 |        s_dist_05 |        s_dist_06 |        s_dist_07 |        s_dist_08 |        s_dist_09 |        s_dist_10 |
+------------------+------------------+------------------+------------------+------------------+------------------+------------------+------------------+------------------+------------------+------------------+------------------+
|               20 | EX7cPdLs2h5Cu... | BjeZBWGUE2RK9... | Giu0QtJbzMqDz... | x5qwcB5RFQ0PJ... | zBTPV7ZCAdkhp... | QLd5BxVOSe5EO... | L1UjatGc7rn5I... | 4cCGnVcADQNSR... | uwojesfvwKbKk... | 4N8CE0EbYc27l... | jD8imXof2fu84... |
+------------------+------------------+------------------+------------------+------------------+------------------+------------------+------------------+------------------+------------------+------------------+------------------+
Total record(s): 1

SQL> update stock set s_quantity=30 where s_i_id=1 and s_w_id=1;

SQL> insert into order_line values (1020, 3, 1, 1, 1, 1, '2026-07-02 16:00:20', 11, 13.125, 'profile-workload');

SQL> select i_price, i_name, i_data from item where i_id=1;
+------------------+------------------+------------------+
|          i_price |           i_name |           i_data |
+------------------+------------------+------------------+
|       387.500000 | em5qY0xbhf7jT... | ODk5NNaYinHCt... |
+------------------+------------------+------------------+
Total record(s): 1

SQL> commit;

SQL> begin;

SQL> select c_discount, c_last, c_credit, w_tax from customer, warehouse where w_id=1 and c_w_id=w_id and c_d_id=1 and c_id=2;
+------------------+------------------+------------------+------------------+
|       c_discount |           c_last |         c_credit |            w_tax |
+------------------+------------------+------------------+------------------+
|         8.625000 |     BARRBARROUGH |               GC |         0.125000 |
+------------------+------------------+------------------+------------------+
Total record(s): 1

SQL> select d_next_o_id, d_tax from district where d_id=1 and d_w_id=1;
+------------------+------------------+
|      d_next_o_id |            d_tax |
+------------------+------------------+
|             2018 |         0.312500 |
+------------------+------------------+
Total record(s): 1

SQL> update district set d_next_o_id=2021 where d_id=1 and d_w_id=1;

SQL> insert into orders values (1021, 1, 1, 2, '2026-07-02 16:00:21', 0, 5, 1);

SQL> insert into new_orders values (1021, 1, 1);

SQL> select i_price, i_name, i_data from item where i_id=2;
+------------------+------------------+------------------+
|          i_price |           i_name |           i_data |
+------------------+------------------+------------------+
|       376.125000 | MuXfgApP7KW0a... | 3Nb3DgfVu1KJp... |
+------------------+------------------+------------------+
Total record(s): 1

SQL> select s_quantity, s_data, s_dist_01, s_dist_02, s_dist_03, s_dist_04, s_dist_05,s_dist_06, s_dist_07, s_dist_08, s_dist_09, s_dist_10 from stock where s_i_id=2 and s_w_id=1;
+------------------+------------------+------------------+------------------+------------------+------------------+------------------+------------------+------------------+------------------+------------------+------------------+
|       s_quantity |           s_data |        s_dist_01 |        s_dist_02 |        s_dist_03 |        s_dist_04 |        s_dist_05 |        s_dist_06 |        s_dist_07 |        s_dist_08 |        s_dist_09 |        s_dist_10 |
+------------------+------------------+------------------+------------------+------------------+------------------+------------------+------------------+------------------+------------------+------------------+------------------+
|               21 | djOd4utkRfPov... | m5mzVzbMevZr0... | AcexKPCSIqIkI... | dtJHr8L1DGHhZ... | Q4qTTAxg8vItA... | mRVxHKkLJsGt5... | WY35fxzCEpf7J... | NudamqsKcBceN... | t6IWnrmkFgBcF... | 2QcCCffEf0CT8... | X1e603kIsyKdi... |
+------------------+------------------+------------------+------------------+------------------+------------------+------------------+------------------+------------------+------------------+------------------+------------------+
Total record(s): 1

SQL> update stock set s_quantity=31 where s_i_id=2 and s_w_id=1;

SQL> insert into order_line values (1021, 1, 1, 1, 2, 1, '2026-07-02 16:00:21', 5, 16.250, 'profile-workload');

SQL> select i_price, i_name, i_data from item where i_id=2;
+------------------+------------------+------------------+
|          i_price |           i_name |           i_data |
+------------------+------------------+------------------+
|       376.125000 | MuXfgApP7KW0a... | 3Nb3DgfVu1KJp... |
+------------------+------------------+------------------+
Total record(s): 1

SQL> commit;

SQL> begin;

SQL> select c_discount, c_last, c_credit, w_tax from customer, warehouse where w_id=1 and c_w_id=w_id and c_d_id=2 and c_id=3;
+------------------+------------------+------------------+------------------+
|       c_discount |           c_last |         c_credit |            w_tax |
+------------------+------------------+------------------+------------------+
|        47.125000 |     BARRBARRABLE |               BC |         0.125000 |
+------------------+------------------+------------------+------------------+
Total record(s): 1

SQL> select d_next_o_id, d_tax from district where d_id=2 and d_w_id=1;
+------------------+------------------+
|      d_next_o_id |            d_tax |
+------------------+------------------+
|             2019 |         0.312500 |
+------------------+------------------+
Total record(s): 1

SQL> update district set d_next_o_id=2022 where d_id=2 and d_w_id=1;

SQL> insert into orders values (1022, 2, 1, 3, '2026-07-02 16:00:22', 0, 5, 1);

SQL> insert into new_orders values (1022, 2, 1);

SQL> select i_price, i_name, i_data from item where i_id=3;
+------------------+------------------+------------------+
|          i_price |           i_name |           i_data |
+------------------+------------------+------------------+
|       109.311996 | yis0W0gx0pikT... | UNL1LJukAZWN0... |
+------------------+------------------+------------------+
Total record(s): 1

SQL> select s_quantity, s_data, s_dist_01, s_dist_02, s_dist_03, s_dist_04, s_dist_05,s_dist_06, s_dist_07, s_dist_08, s_dist_09, s_dist_10 from stock where s_i_id=3 and s_w_id=1;
+------------------+------------------+------------------+------------------+------------------+------------------+------------------+------------------+------------------+------------------+------------------+------------------+
|       s_quantity |           s_data |        s_dist_01 |        s_dist_02 |        s_dist_03 |        s_dist_04 |        s_dist_05 |        s_dist_06 |        s_dist_07 |        s_dist_08 |        s_dist_09 |        s_dist_10 |
+------------------+------------------+------------------+------------------+------------------+------------------+------------------+------------------+------------------+------------------+------------------+------------------+
|               22 | SW90NeiRcp87f... | PVa7W5l3wRhUk... | sFfSRZQKBjMBa... | 9PDW05BnxMAjj... | WDsQYXpbbflDi... | hhr7RsyaiQF26... | HQZojb6uhrRNn... | s6MwvjHhKyTOl... | 9YGuFFjBiK9br... | Awmc5ENeXc9hp... | j50sXBi3QQyxf... |
+------------------+------------------+------------------+------------------+------------------+------------------+------------------+------------------+------------------+------------------+------------------+------------------+
Total record(s): 1

SQL> update stock set s_quantity=32 where s_i_id=3 and s_w_id=1;

SQL> insert into order_line values (1022, 2, 1, 1, 3, 1, '2026-07-02 16:00:22', 6, 19.375, 'profile-workload');

SQL> select i_price, i_name, i_data from item where i_id=3;
+------------------+------------------+------------------+
|          i_price |           i_name |           i_data |
+------------------+------------------+------------------+
|       109.311996 | yis0W0gx0pikT... | UNL1LJukAZWN0... |
+------------------+------------------+------------------+
Total record(s): 1

SQL> commit;

SQL> begin;

SQL> select c_discount, c_last, c_credit, w_tax from customer, warehouse where w_id=1 and c_w_id=w_id and c_d_id=3 and c_id=4;
+------------------+------------------+------------------+------------------+
|       c_discount |           c_last |         c_credit |            w_tax |
+------------------+------------------+------------------+------------------+
|        26.125000 |     BARRBARRPRII |               BC |         0.125000 |
+------------------+------------------+------------------+------------------+
Total record(s): 1

SQL> select d_next_o_id, d_tax from district where d_id=3 and d_w_id=1;
+------------------+------------------+
|      d_next_o_id |            d_tax |
+------------------+------------------+
|             2020 |         0.125000 |
+------------------+------------------+
Total record(s): 1

SQL> update district set d_next_o_id=2023 where d_id=3 and d_w_id=1;

SQL> insert into orders values (1023, 3, 1, 4, '2026-07-02 16:00:23', 0, 5, 1);

SQL> insert into new_orders values (1023, 3, 1);

SQL> select i_price, i_name, i_data from item where i_id=4;
+------------------+------------------+------------------+
|          i_price |           i_name |           i_data |
+------------------+------------------+------------------+
|       409.625000 | 2ICLCJkJNRA17... | zIA2Qe5D57pOo... |
+------------------+------------------+------------------+
Total record(s): 1

SQL> select s_quantity, s_data, s_dist_01, s_dist_02, s_dist_03, s_dist_04, s_dist_05,s_dist_06, s_dist_07, s_dist_08, s_dist_09, s_dist_10 from stock where s_i_id=4 and s_w_id=1;
+------------------+------------------+------------------+------------------+------------------+------------------+------------------+------------------+------------------+------------------+------------------+------------------+
|       s_quantity |           s_data |        s_dist_01 |        s_dist_02 |        s_dist_03 |        s_dist_04 |        s_dist_05 |        s_dist_06 |        s_dist_07 |        s_dist_08 |        s_dist_09 |        s_dist_10 |
+------------------+------------------+------------------+------------------+------------------+------------------+------------------+------------------+------------------+------------------+------------------+------------------+
|               23 | tNV47N74JTS0h... | KhHDzdMjFV9aK... | FnqtSeXHt27hk... | I98ThwMdZvqRj... | nd0R8CYmCzMIR... | P0unv0aqSuyqM... | TxV4RKJXjWvgb... | 9bwmjHTDXSMgE... | Dbnc8n5QaCQcV... | IC1stRVUGTQfP... | h3hqiiIdNCVgi... |
+------------------+------------------+------------------+------------------+------------------+------------------+------------------+------------------+------------------+------------------+------------------+------------------+
Total record(s): 1

SQL> update stock set s_quantity=33 where s_i_id=4 and s_w_id=1;

SQL> insert into order_line values (1023, 3, 1, 1, 4, 1, '2026-07-02 16:00:23', 7, 22.500, 'profile-workload');

SQL> select i_price, i_name, i_data from item where i_id=4;
+------------------+------------------+------------------+
|          i_price |           i_name |           i_data |
+------------------+------------------+------------------+
|       409.625000 | 2ICLCJkJNRA17... | zIA2Qe5D57pOo... |
+------------------+------------------+------------------+
Total record(s): 1

SQL> commit;

SQL> begin;

SQL> select c_discount, c_last, c_credit, w_tax from customer, warehouse where w_id=1 and c_w_id=w_id and c_d_id=1 and c_id=5;
+------------------+------------------+------------------+------------------+
|       c_discount |           c_last |         c_credit |            w_tax |
+------------------+------------------+------------------+------------------+
|        24.625000 |     BARRBARRPRES |               GC |         0.125000 |
+------------------+------------------+------------------+------------------+
Total record(s): 1

SQL> select d_next_o_id, d_tax from district where d_id=1 and d_w_id=1;
+------------------+------------------+
|      d_next_o_id |            d_tax |
+------------------+------------------+
|             2021 |         0.312500 |
+------------------+------------------+
Total record(s): 1

SQL> update district set d_next_o_id=2024 where d_id=1 and d_w_id=1;

SQL> insert into orders values (1024, 1, 1, 5, '2026-07-02 16:00:24', 0, 5, 1);

SQL> insert into new_orders values (1024, 1, 1);

SQL> select i_price, i_name, i_data from item where i_id=5;
+------------------+------------------+------------------+
|          i_price |           i_name |           i_data |
+------------------+------------------+------------------+
|       275.312012 | RZk5jvuYMBSuu... | E0i7Tq7lKSEXP... |
+------------------+------------------+------------------+
Total record(s): 1

SQL> select s_quantity, s_data, s_dist_01, s_dist_02, s_dist_03, s_dist_04, s_dist_05,s_dist_06, s_dist_07, s_dist_08, s_dist_09, s_dist_10 from stock where s_i_id=5 and s_w_id=1;
+------------------+------------------+------------------+------------------+------------------+------------------+------------------+------------------+------------------+------------------+------------------+------------------+
|       s_quantity |           s_data |        s_dist_01 |        s_dist_02 |        s_dist_03 |        s_dist_04 |        s_dist_05 |        s_dist_06 |        s_dist_07 |        s_dist_08 |        s_dist_09 |        s_dist_10 |
+------------------+------------------+------------------+------------------+------------------+------------------+------------------+------------------+------------------+------------------+------------------+------------------+
|               24 | QYFsfK67qSSgD... | EyhdR4M4INXc6... | 3Sh5C1zBCE369... | DAVOmriOquWjn... | st8NpeFRSxXqV... | pbI8Bu5iafeZi... | RqerpGCSIGjUk... | 1qfNqV5BGwDCX... | OxRydX1ZaUo5g... | Q2zzmel4OIYR1... | 4bPmuMOwkfNJh... |
+------------------+------------------+------------------+------------------+------------------+------------------+------------------+------------------+------------------+------------------+------------------+------------------+
Total record(s): 1

SQL> update stock set s_quantity=34 where s_i_id=5 and s_w_id=1;

SQL> insert into order_line values (1024, 1, 1, 1, 5, 1, '2026-07-02 16:00:24', 8, 25.625, 'profile-workload');

SQL> select i_price, i_name, i_data from item where i_id=5;
+------------------+------------------+------------------+
|          i_price |           i_name |           i_data |
+------------------+------------------+------------------+
|       275.312012 | RZk5jvuYMBSuu... | E0i7Tq7lKSEXP... |
+------------------+------------------+------------------+
Total record(s): 1

SQL> commit;

SQL> begin;

SQL> select c_discount, c_last, c_credit, w_tax from customer, warehouse where w_id=1 and c_w_id=w_id and c_d_id=2 and c_id=6;
+------------------+------------------+------------------+------------------+
|       c_discount |           c_last |         c_credit |            w_tax |
+------------------+------------------+------------------+------------------+
|        19.500000 |     BARRBARRESEE |               BC |         0.125000 |
+------------------+------------------+------------------+------------------+
Total record(s): 1

SQL> select d_next_o_id, d_tax from district where d_id=2 and d_w_id=1;
+------------------+------------------+
|      d_next_o_id |            d_tax |
+------------------+------------------+
|             2022 |         0.312500 |
+------------------+------------------+
Total record(s): 1

SQL> update district set d_next_o_id=2025 where d_id=2 and d_w_id=1;

SQL> insert into orders values (1025, 2, 1, 6, '2026-07-02 16:00:25', 0, 5, 1);

SQL> insert into new_orders values (1025, 2, 1);

SQL> select i_price, i_name, i_data from item where i_id=6;
+------------------+------------------+------------------+
|          i_price |           i_name |           i_data |
+------------------+------------------+------------------+
|       246.625000 | XtAQYtNGlLC4W... | 475hhQJ8nAwFl... |
+------------------+------------------+------------------+
Total record(s): 1

SQL> select s_quantity, s_data, s_dist_01, s_dist_02, s_dist_03, s_dist_04, s_dist_05,s_dist_06, s_dist_07, s_dist_08, s_dist_09, s_dist_10 from stock where s_i_id=6 and s_w_id=1;
+------------------+------------------+------------------+------------------+------------------+------------------+------------------+------------------+------------------+------------------+------------------+------------------+
|       s_quantity |           s_data |        s_dist_01 |        s_dist_02 |        s_dist_03 |        s_dist_04 |        s_dist_05 |        s_dist_06 |        s_dist_07 |        s_dist_08 |        s_dist_09 |        s_dist_10 |
+------------------+------------------+------------------+------------------+------------------+------------------+------------------+------------------+------------------+------------------+------------------+------------------+
|               25 | 50jyi1h54GEtG... | OiK6a8H0lcdcd... | bwDwD4rTKeogY... | Xl7GYWRXWgP4A... | PBVwrhpwmVg50... | jqmZw3n5jFQMf... | hkMdmhQFGYsCj... | oS4oJdUIVsMEn... | 2DiVDJPAjAJpW... | t8sFA3u5UUTXk... | BU2YsWQVdREKm... |
+------------------+------------------+------------------+------------------+------------------+------------------+------------------+------------------+------------------+------------------+------------------+------------------+
Total record(s): 1

SQL> update stock set s_quantity=35 where s_i_id=6 and s_w_id=1;

SQL> insert into order_line values (1025, 2, 1, 1, 6, 1, '2026-07-02 16:00:25', 9, 28.750, 'profile-workload');

SQL> select i_price, i_name, i_data from item where i_id=6;
+------------------+------------------+------------------+
|          i_price |           i_name |           i_data |
+------------------+------------------+------------------+
|       246.625000 | XtAQYtNGlLC4W... | 475hhQJ8nAwFl... |
+------------------+------------------+------------------+
Total record(s): 1

SQL> commit;

SQL> begin;

SQL> select c_discount, c_last, c_credit, w_tax from customer, warehouse where w_id=1 and c_w_id=w_id and c_d_id=3 and c_id=7;
+------------------+------------------+------------------+------------------+
|       c_discount |           c_last |         c_credit |            w_tax |
+------------------+------------------+------------------+------------------+
|         3.312500 |     BARRBARRANTI |               BC |         0.125000 |
+------------------+------------------+------------------+------------------+
Total record(s): 1

SQL> select d_next_o_id, d_tax from district where d_id=3 and d_w_id=1;
+------------------+------------------+
|      d_next_o_id |            d_tax |
+------------------+------------------+
|             2023 |         0.125000 |
+------------------+------------------+
Total record(s): 1

SQL> update district set d_next_o_id=2026 where d_id=3 and d_w_id=1;

SQL> insert into orders values (1026, 3, 1, 7, '2026-07-02 16:00:26', 0, 5, 1);

SQL> insert into new_orders values (1026, 3, 1);

SQL> select i_price, i_name, i_data from item where i_id=7;
+------------------+------------------+------------------+
|          i_price |           i_name |           i_data |
+------------------+------------------+------------------+
|       720.312012 | QxmrKt4r3jZpe... | y3Ck1ZIsrAEvk... |
+------------------+------------------+------------------+
Total record(s): 1

SQL> select s_quantity, s_data, s_dist_01, s_dist_02, s_dist_03, s_dist_04, s_dist_05,s_dist_06, s_dist_07, s_dist_08, s_dist_09, s_dist_10 from stock where s_i_id=7 and s_w_id=1;
+------------------+------------------+------------------+------------------+------------------+------------------+------------------+------------------+------------------+------------------+------------------+------------------+
|       s_quantity |           s_data |        s_dist_01 |        s_dist_02 |        s_dist_03 |        s_dist_04 |        s_dist_05 |        s_dist_06 |        s_dist_07 |        s_dist_08 |        s_dist_09 |        s_dist_10 |
+------------------+------------------+------------------+------------------+------------------+------------------+------------------+------------------+------------------+------------------+------------------+------------------+
|               26 | 6TR82uEe90nx2... | zTbRDg94LHvMI... | hEXvypWdr3sUU... | HLXzlRZuw4ouj... | gTve6RS4jkci1... | SDVkfUqhlRi4O... | L7RZjPChBdWkI... | Va5kfTINfkU6k... | KjPoqwTgzPznL... | sv13V8rlPIUIb... | 1J47hj0njnyZw... |
+------------------+------------------+------------------+------------------+------------------+------------------+------------------+------------------+------------------+------------------+------------------+------------------+
Total record(s): 1

SQL> update stock set s_quantity=36 where s_i_id=7 and s_w_id=1;

SQL> insert into order_line values (1026, 3, 1, 1, 7, 1, '2026-07-02 16:00:26', 10, 31.875, 'profile-workload');

SQL> select i_price, i_name, i_data from item where i_id=7;
+------------------+------------------+------------------+
|          i_price |           i_name |           i_data |
+------------------+------------------+------------------+
|       720.312012 | QxmrKt4r3jZpe... | y3Ck1ZIsrAEvk... |
+------------------+------------------+------------------+
Total record(s): 1

SQL> commit;

SQL> begin;

SQL> select c_discount, c_last, c_credit, w_tax from customer, warehouse where w_id=1 and c_w_id=w_id and c_d_id=1 and c_id=8;
+------------------+------------------+------------------+------------------+
|       c_discount |           c_last |         c_credit |            w_tax |
+------------------+------------------+------------------+------------------+
|        30.625000 |     BARRBARRCALL |               BC |         0.125000 |
+------------------+------------------+------------------+------------------+
Total record(s): 1

SQL> select d_next_o_id, d_tax from district where d_id=1 and d_w_id=1;
+------------------+------------------+
|      d_next_o_id |            d_tax |
+------------------+------------------+
|             2024 |         0.312500 |
+------------------+------------------+
Total record(s): 1

SQL> update district set d_next_o_id=2027 where d_id=1 and d_w_id=1;

SQL> insert into orders values (1027, 1, 1, 8, '2026-07-02 16:00:27', 0, 5, 1);

SQL> insert into new_orders values (1027, 1, 1);

SQL> select i_price, i_name, i_data from item where i_id=8;
+------------------+------------------+------------------+
|          i_price |           i_name |           i_data |
+------------------+------------------+------------------+
|       299.625000 | LwcuLY4knHB2t... | XbZktjH3bejfU... |
+------------------+------------------+------------------+
Total record(s): 1

SQL> select s_quantity, s_data, s_dist_01, s_dist_02, s_dist_03, s_dist_04, s_dist_05,s_dist_06, s_dist_07, s_dist_08, s_dist_09, s_dist_10 from stock where s_i_id=8 and s_w_id=1;
+------------------+------------------+------------------+------------------+------------------+------------------+------------------+------------------+------------------+------------------+------------------+------------------+
|       s_quantity |           s_data |        s_dist_01 |        s_dist_02 |        s_dist_03 |        s_dist_04 |        s_dist_05 |        s_dist_06 |        s_dist_07 |        s_dist_08 |        s_dist_09 |        s_dist_10 |
+------------------+------------------+------------------+------------------+------------------+------------------+------------------+------------------+------------------+------------------+------------------+------------------+
|               27 | fTXM32U4bVGkz... | avoOS1XdrV51l... | Z9neUMy58l07U... | RNxN3XmFO1BgJ... | VnepNUJvyuw0p... | 6Ag1fw0vNNJKl... | 5uvinGPCep6xe... | ZPxi7QYYnb1fV... | uxA4gBY6UmQkC... | OuEIv3mEhSatH... | vVSJVc8LyoFjs... |
+------------------+------------------+------------------+------------------+------------------+------------------+------------------+------------------+------------------+------------------+------------------+------------------+
Total record(s): 1

SQL> update stock set s_quantity=37 where s_i_id=8 and s_w_id=1;

SQL> insert into order_line values (1027, 1, 1, 1, 8, 1, '2026-07-02 16:00:27', 11, 35.000, 'profile-workload');

SQL> select i_price, i_name, i_data from item where i_id=8;
+------------------+------------------+------------------+
|          i_price |           i_name |           i_data |
+------------------+------------------+------------------+
|       299.625000 | LwcuLY4knHB2t... | XbZktjH3bejfU... |
+------------------+------------------+------------------+
Total record(s): 1

SQL> commit;

SQL> begin;

SQL> select c_discount, c_last, c_credit, w_tax from customer, warehouse where w_id=1 and c_w_id=w_id and c_d_id=2 and c_id=9;
+------------------+------------------+------------------+------------------+
|       c_discount |           c_last |         c_credit |            w_tax |
+------------------+------------------+------------------+------------------+
|        37.500000 |     BARRBARRATIO |               GC |         0.125000 |
+------------------+------------------+------------------+------------------+
Total record(s): 1

SQL> select d_next_o_id, d_tax from district where d_id=2 and d_w_id=1;
+------------------+------------------+
|      d_next_o_id |            d_tax |
+------------------+------------------+
|             2025 |         0.312500 |
+------------------+------------------+
Total record(s): 1

SQL> update district set d_next_o_id=2028 where d_id=2 and d_w_id=1;

SQL> insert into orders values (1028, 2, 1, 9, '2026-07-02 16:00:28', 0, 5, 1);

SQL> insert into new_orders values (1028, 2, 1);

SQL> select i_price, i_name, i_data from item where i_id=9;
+------------------+------------------+------------------+
|          i_price |           i_name |           i_data |
+------------------+------------------+------------------+
|       399.250000 | Uc9L7VYwDlNMH... | SZr0MmdvXoiJp... |
+------------------+------------------+------------------+
Total record(s): 1

SQL> select s_quantity, s_data, s_dist_01, s_dist_02, s_dist_03, s_dist_04, s_dist_05,s_dist_06, s_dist_07, s_dist_08, s_dist_09, s_dist_10 from stock where s_i_id=9 and s_w_id=1;
+------------------+------------------+------------------+------------------+------------------+------------------+------------------+------------------+------------------+------------------+------------------+------------------+
|       s_quantity |           s_data |        s_dist_01 |        s_dist_02 |        s_dist_03 |        s_dist_04 |        s_dist_05 |        s_dist_06 |        s_dist_07 |        s_dist_08 |        s_dist_09 |        s_dist_10 |
+------------------+------------------+------------------+------------------+------------------+------------------+------------------+------------------+------------------+------------------+------------------+------------------+
|               28 | doNfCZ41KD2bA... | YRgh8eIxiFTCf... | urPDGs5lOGRj1... | ndEJXpGXq2Yoo... | TE1gnwxbFgZy3... | S4NfC74qIDvrr... | ZOTOXZq8RwlHX... | T97qM204iWLJs... | 1LPnk4ibiCEMd... | 8j8SPj1oyFkvs... | Oa5enU4CjO0KW... |
+------------------+------------------+------------------+------------------+------------------+------------------+------------------+------------------+------------------+------------------+------------------+------------------+
Total record(s): 1

SQL> update stock set s_quantity=38 where s_i_id=9 and s_w_id=1;

SQL> insert into order_line values (1028, 2, 1, 1, 9, 1, '2026-07-02 16:00:28', 5, 38.125, 'profile-workload');

SQL> select i_price, i_name, i_data from item where i_id=9;
+------------------+------------------+------------------+
|          i_price |           i_name |           i_data |
+------------------+------------------+------------------+
|       399.250000 | Uc9L7VYwDlNMH... | SZr0MmdvXoiJp... |
+------------------+------------------+------------------+
Total record(s): 1

SQL> commit;

SQL> begin;

SQL> select c_discount, c_last, c_credit, w_tax from customer, warehouse where w_id=1 and c_w_id=w_id and c_d_id=3 and c_id=10;
+------------------+------------------+------------------+------------------+
|       c_discount |           c_last |         c_credit |            w_tax |
+------------------+------------------+------------------+------------------+
|        29.625000 |     BARRBARREING |               GC |         0.125000 |
+------------------+------------------+------------------+------------------+
Total record(s): 1

SQL> select d_next_o_id, d_tax from district where d_id=3 and d_w_id=1;
+------------------+------------------+
|      d_next_o_id |            d_tax |
+------------------+------------------+
|             2026 |         0.125000 |
+------------------+------------------+
Total record(s): 1

SQL> update district set d_next_o_id=2029 where d_id=3 and d_w_id=1;

SQL> insert into orders values (1029, 3, 1, 10, '2026-07-02 16:00:29', 0, 5, 1);

SQL> insert into new_orders values (1029, 3, 1);

SQL> select i_price, i_name, i_data from item where i_id=10;
+------------------+------------------+------------------+
|          i_price |           i_name |           i_data |
+------------------+------------------+------------------+
|       309.625000 | GE4lpUDt340SQ... | afXPChY5c62yi... |
+------------------+------------------+------------------+
Total record(s): 1

SQL> select s_quantity, s_data, s_dist_01, s_dist_02, s_dist_03, s_dist_04, s_dist_05,s_dist_06, s_dist_07, s_dist_08, s_dist_09, s_dist_10 from stock where s_i_id=10 and s_w_id=1;
+------------------+------------------+------------------+------------------+------------------+------------------+------------------+------------------+------------------+------------------+------------------+------------------+
|       s_quantity |           s_data |        s_dist_01 |        s_dist_02 |        s_dist_03 |        s_dist_04 |        s_dist_05 |        s_dist_06 |        s_dist_07 |        s_dist_08 |        s_dist_09 |        s_dist_10 |
+------------------+------------------+------------------+------------------+------------------+------------------+------------------+------------------+------------------+------------------+------------------+------------------+
|               29 | gXrIBzRLX1Hrc... | eKrLB8TVHiI44... | ouIyEmeGRGi0o... | c4bwuOWiQjEoV... | Ef2IURhPGXHIb... | thXVk6wG5UMjA... | FaPc4hXpwRqJc... | PPaIGfQ7UgCiR... | B4mpk7r1Oy6Q9... | YctHbb8gqgNVL... | tahmqTg8YteQa... |
+------------------+------------------+------------------+------------------+------------------+------------------+------------------+------------------+------------------+------------------+------------------+------------------+
Total record(s): 1

SQL> update stock set s_quantity=39 where s_i_id=10 and s_w_id=1;

SQL> insert into order_line values (1029, 3, 1, 1, 10, 1, '2026-07-02 16:00:29', 6, 41.250, 'profile-workload');

SQL> select i_price, i_name, i_data from item where i_id=10;
+------------------+------------------+------------------+
|          i_price |           i_name |           i_data |
+------------------+------------------+------------------+
|       309.625000 | GE4lpUDt340SQ... | afXPChY5c62yi... |
+------------------+------------------+------------------+
Total record(s): 1

SQL> commit;

SQL> begin;

SQL> select c_discount, c_last, c_credit, w_tax from customer, warehouse where w_id=1 and c_w_id=w_id and c_d_id=1 and c_id=1;
+------------------+------------------+------------------+------------------+
|       c_discount |           c_last |         c_credit |            w_tax |
+------------------+------------------+------------------+------------------+
|         6.500000 |     BARRBARRBARR |               GC |         0.125000 |
+------------------+------------------+------------------+------------------+
Total record(s): 1

SQL> select d_next_o_id, d_tax from district where d_id=1 and d_w_id=1;
+------------------+------------------+
|      d_next_o_id |            d_tax |
+------------------+------------------+
|             2027 |         0.312500 |
+------------------+------------------+
Total record(s): 1

SQL> update district set d_next_o_id=2030 where d_id=1 and d_w_id=1;

SQL> insert into orders values (1030, 1, 1, 1, '2026-07-02 16:00:30', 0, 5, 1);

SQL> insert into new_orders values (1030, 1, 1);

SQL> select i_price, i_name, i_data from item where i_id=1;
+------------------+------------------+------------------+
|          i_price |           i_name |           i_data |
+------------------+------------------+------------------+
|       387.500000 | em5qY0xbhf7jT... | ODk5NNaYinHCt... |
+------------------+------------------+------------------+
Total record(s): 1

SQL> select s_quantity, s_data, s_dist_01, s_dist_02, s_dist_03, s_dist_04, s_dist_05,s_dist_06, s_dist_07, s_dist_08, s_dist_09, s_dist_10 from stock where s_i_id=1 and s_w_id=1;
+------------------+------------------+------------------+------------------+------------------+------------------+------------------+------------------+------------------+------------------+------------------+------------------+
|       s_quantity |           s_data |        s_dist_01 |        s_dist_02 |        s_dist_03 |        s_dist_04 |        s_dist_05 |        s_dist_06 |        s_dist_07 |        s_dist_08 |        s_dist_09 |        s_dist_10 |
+------------------+------------------+------------------+------------------+------------------+------------------+------------------+------------------+------------------+------------------+------------------+------------------+
|               30 | EX7cPdLs2h5Cu... | BjeZBWGUE2RK9... | Giu0QtJbzMqDz... | x5qwcB5RFQ0PJ... | zBTPV7ZCAdkhp... | QLd5BxVOSe5EO... | L1UjatGc7rn5I... | 4cCGnVcADQNSR... | uwojesfvwKbKk... | 4N8CE0EbYc27l... | jD8imXof2fu84... |
+------------------+------------------+------------------+------------------+------------------+------------------+------------------+------------------+------------------+------------------+------------------+------------------+
Total record(s): 1

SQL> update stock set s_quantity=40 where s_i_id=1 and s_w_id=1;

SQL> insert into order_line values (1030, 1, 1, 1, 1, 1, '2026-07-02 16:00:30', 7, 13.125, 'profile-workload');

SQL> select i_price, i_name, i_data from item where i_id=1;
+------------------+------------------+------------------+
|          i_price |           i_name |           i_data |
+------------------+------------------+------------------+
|       387.500000 | em5qY0xbhf7jT... | ODk5NNaYinHCt... |
+------------------+------------------+------------------+
Total record(s): 1

SQL> commit;

SQL> begin;

SQL> select c_discount, c_last, c_credit, w_tax from customer, warehouse where w_id=1 and c_w_id=w_id and c_d_id=2 and c_id=2;
+------------------+------------------+------------------+------------------+
|       c_discount |           c_last |         c_credit |            w_tax |
+------------------+------------------+------------------+------------------+
|         3.125000 |     BARRBARROUGH |               GC |         0.125000 |
+------------------+------------------+------------------+------------------+
Total record(s): 1

SQL> select d_next_o_id, d_tax from district where d_id=2 and d_w_id=1;
+------------------+------------------+
|      d_next_o_id |            d_tax |
+------------------+------------------+
|             2028 |         0.312500 |
+------------------+------------------+
Total record(s): 1

SQL> update district set d_next_o_id=2031 where d_id=2 and d_w_id=1;

SQL> insert into orders values (1031, 2, 1, 2, '2026-07-02 16:00:31', 0, 5, 1);

SQL> insert into new_orders values (1031, 2, 1);

SQL> select i_price, i_name, i_data from item where i_id=2;
+------------------+------------------+------------------+
|          i_price |           i_name |           i_data |
+------------------+------------------+------------------+
|       376.125000 | MuXfgApP7KW0a... | 3Nb3DgfVu1KJp... |
+------------------+------------------+------------------+
Total record(s): 1

SQL> select s_quantity, s_data, s_dist_01, s_dist_02, s_dist_03, s_dist_04, s_dist_05,s_dist_06, s_dist_07, s_dist_08, s_dist_09, s_dist_10 from stock where s_i_id=2 and s_w_id=1;
+------------------+------------------+------------------+------------------+------------------+------------------+------------------+------------------+------------------+------------------+------------------+------------------+
|       s_quantity |           s_data |        s_dist_01 |        s_dist_02 |        s_dist_03 |        s_dist_04 |        s_dist_05 |        s_dist_06 |        s_dist_07 |        s_dist_08 |        s_dist_09 |        s_dist_10 |
+------------------+------------------+------------------+------------------+------------------+------------------+------------------+------------------+------------------+------------------+------------------+------------------+
|               31 | djOd4utkRfPov... | m5mzVzbMevZr0... | AcexKPCSIqIkI... | dtJHr8L1DGHhZ... | Q4qTTAxg8vItA... | mRVxHKkLJsGt5... | WY35fxzCEpf7J... | NudamqsKcBceN... | t6IWnrmkFgBcF... | 2QcCCffEf0CT8... | X1e603kIsyKdi... |
+------------------+------------------+------------------+------------------+------------------+------------------+------------------+------------------+------------------+------------------+------------------+------------------+
Total record(s): 1

SQL> update stock set s_quantity=41 where s_i_id=2 and s_w_id=1;

SQL> insert into order_line values (1031, 2, 1, 1, 2, 1, '2026-07-02 16:00:31', 8, 16.250, 'profile-workload');

SQL> select i_price, i_name, i_data from item where i_id=2;
+------------------+------------------+------------------+
|          i_price |           i_name |           i_data |
+------------------+------------------+------------------+
|       376.125000 | MuXfgApP7KW0a... | 3Nb3DgfVu1KJp... |
+------------------+------------------+------------------+
Total record(s): 1

SQL> commit;

SQL> begin;

SQL> select c_discount, c_last, c_credit, w_tax from customer, warehouse where w_id=1 and c_w_id=w_id and c_d_id=3 and c_id=3;
+------------------+------------------+------------------+------------------+
|       c_discount |           c_last |         c_credit |            w_tax |
+------------------+------------------+------------------+------------------+
|        10.500000 |     BARRBARRABLE |               BC |         0.125000 |
+------------------+------------------+------------------+------------------+
Total record(s): 1

SQL> select d_next_o_id, d_tax from district where d_id=3 and d_w_id=1;
+------------------+------------------+
|      d_next_o_id |            d_tax |
+------------------+------------------+
|             2029 |         0.125000 |
+------------------+------------------+
Total record(s): 1

SQL> update district set d_next_o_id=2032 where d_id=3 and d_w_id=1;

SQL> insert into orders values (1032, 3, 1, 3, '2026-07-02 16:00:32', 0, 5, 1);

SQL> insert into new_orders values (1032, 3, 1);

SQL> select i_price, i_name, i_data from item where i_id=3;
+------------------+------------------+------------------+
|          i_price |           i_name |           i_data |
+------------------+------------------+------------------+
|       109.311996 | yis0W0gx0pikT... | UNL1LJukAZWN0... |
+------------------+------------------+------------------+
Total record(s): 1

SQL> select s_quantity, s_data, s_dist_01, s_dist_02, s_dist_03, s_dist_04, s_dist_05,s_dist_06, s_dist_07, s_dist_08, s_dist_09, s_dist_10 from stock where s_i_id=3 and s_w_id=1;
+------------------+------------------+------------------+------------------+------------------+------------------+------------------+------------------+------------------+------------------+------------------+------------------+
|       s_quantity |           s_data |        s_dist_01 |        s_dist_02 |        s_dist_03 |        s_dist_04 |        s_dist_05 |        s_dist_06 |        s_dist_07 |        s_dist_08 |        s_dist_09 |        s_dist_10 |
+------------------+------------------+------------------+------------------+------------------+------------------+------------------+------------------+------------------+------------------+------------------+------------------+
|               32 | SW90NeiRcp87f... | PVa7W5l3wRhUk... | sFfSRZQKBjMBa... | 9PDW05BnxMAjj... | WDsQYXpbbflDi... | hhr7RsyaiQF26... | HQZojb6uhrRNn... | s6MwvjHhKyTOl... | 9YGuFFjBiK9br... | Awmc5ENeXc9hp... | j50sXBi3QQyxf... |
+------------------+------------------+------------------+------------------+------------------+------------------+------------------+------------------+------------------+------------------+------------------+------------------+
Total record(s): 1

SQL> update stock set s_quantity=42 where s_i_id=3 and s_w_id=1;

SQL> insert into order_line values (1032, 3, 1, 1, 3, 1, '2026-07-02 16:00:32', 9, 19.375, 'profile-workload');

SQL> select i_price, i_name, i_data from item where i_id=3;
+------------------+------------------+------------------+
|          i_price |           i_name |           i_data |
+------------------+------------------+------------------+
|       109.311996 | yis0W0gx0pikT... | UNL1LJukAZWN0... |
+------------------+------------------+------------------+
Total record(s): 1

SQL> commit;

SQL> begin;

SQL> select c_discount, c_last, c_credit, w_tax from customer, warehouse where w_id=1 and c_w_id=w_id and c_d_id=1 and c_id=4;
+------------------+------------------+------------------+------------------+
|       c_discount |           c_last |         c_credit |            w_tax |
+------------------+------------------+------------------+------------------+
|         9.500000 |     BARRBARRPRII |               GC |         0.125000 |
+------------------+------------------+------------------+------------------+
Total record(s): 1

SQL> select d_next_o_id, d_tax from district where d_id=1 and d_w_id=1;
+------------------+------------------+
|      d_next_o_id |            d_tax |
+------------------+------------------+
|             2030 |         0.312500 |
+------------------+------------------+
Total record(s): 1

SQL> update district set d_next_o_id=2033 where d_id=1 and d_w_id=1;

SQL> insert into orders values (1033, 1, 1, 4, '2026-07-02 16:00:33', 0, 5, 1);

SQL> insert into new_orders values (1033, 1, 1);

SQL> select i_price, i_name, i_data from item where i_id=4;
+------------------+------------------+------------------+
|          i_price |           i_name |           i_data |
+------------------+------------------+------------------+
|       409.625000 | 2ICLCJkJNRA17... | zIA2Qe5D57pOo... |
+------------------+------------------+------------------+
Total record(s): 1

SQL> select s_quantity, s_data, s_dist_01, s_dist_02, s_dist_03, s_dist_04, s_dist_05,s_dist_06, s_dist_07, s_dist_08, s_dist_09, s_dist_10 from stock where s_i_id=4 and s_w_id=1;
+------------------+------------------+------------------+------------------+------------------+------------------+------------------+------------------+------------------+------------------+------------------+------------------+
|       s_quantity |           s_data |        s_dist_01 |        s_dist_02 |        s_dist_03 |        s_dist_04 |        s_dist_05 |        s_dist_06 |        s_dist_07 |        s_dist_08 |        s_dist_09 |        s_dist_10 |
+------------------+------------------+------------------+------------------+------------------+------------------+------------------+------------------+------------------+------------------+------------------+------------------+
|               33 | tNV47N74JTS0h... | KhHDzdMjFV9aK... | FnqtSeXHt27hk... | I98ThwMdZvqRj... | nd0R8CYmCzMIR... | P0unv0aqSuyqM... | TxV4RKJXjWvgb... | 9bwmjHTDXSMgE... | Dbnc8n5QaCQcV... | IC1stRVUGTQfP... | h3hqiiIdNCVgi... |
+------------------+------------------+------------------+------------------+------------------+------------------+------------------+------------------+------------------+------------------+------------------+------------------+
Total record(s): 1

SQL> update stock set s_quantity=43 where s_i_id=4 and s_w_id=1;

SQL> insert into order_line values (1033, 1, 1, 1, 4, 1, '2026-07-02 16:00:33', 10, 22.500, 'profile-workload');

SQL> select i_price, i_name, i_data from item where i_id=4;
+------------------+------------------+------------------+
|          i_price |           i_name |           i_data |
+------------------+------------------+------------------+
|       409.625000 | 2ICLCJkJNRA17... | zIA2Qe5D57pOo... |
+------------------+------------------+------------------+
Total record(s): 1

SQL> commit;

SQL> begin;

SQL> select c_discount, c_last, c_credit, w_tax from customer, warehouse where w_id=1 and c_w_id=w_id and c_d_id=2 and c_id=5;
+------------------+------------------+------------------+------------------+
|       c_discount |           c_last |         c_credit |            w_tax |
+------------------+------------------+------------------+------------------+
|         8.500000 |     BARRBARRPRES |               BC |         0.125000 |
+------------------+------------------+------------------+------------------+
Total record(s): 1

SQL> select d_next_o_id, d_tax from district where d_id=2 and d_w_id=1;
+------------------+------------------+
|      d_next_o_id |            d_tax |
+------------------+------------------+
|             2031 |         0.312500 |
+------------------+------------------+
Total record(s): 1

SQL> update district set d_next_o_id=2034 where d_id=2 and d_w_id=1;

SQL> insert into orders values (1034, 2, 1, 5, '2026-07-02 16:00:34', 0, 5, 1);

SQL> insert into new_orders values (1034, 2, 1);

SQL> select i_price, i_name, i_data from item where i_id=5;
+------------------+------------------+------------------+
|          i_price |           i_name |           i_data |
+------------------+------------------+------------------+
|       275.312012 | RZk5jvuYMBSuu... | E0i7Tq7lKSEXP... |
+------------------+------------------+------------------+
Total record(s): 1

SQL> select s_quantity, s_data, s_dist_01, s_dist_02, s_dist_03, s_dist_04, s_dist_05,s_dist_06, s_dist_07, s_dist_08, s_dist_09, s_dist_10 from stock where s_i_id=5 and s_w_id=1;
+------------------+------------------+------------------+------------------+------------------+------------------+------------------+------------------+------------------+------------------+------------------+------------------+
|       s_quantity |           s_data |        s_dist_01 |        s_dist_02 |        s_dist_03 |        s_dist_04 |        s_dist_05 |        s_dist_06 |        s_dist_07 |        s_dist_08 |        s_dist_09 |        s_dist_10 |
+------------------+------------------+------------------+------------------+------------------+------------------+------------------+------------------+------------------+------------------+------------------+------------------+
|               34 | QYFsfK67qSSgD... | EyhdR4M4INXc6... | 3Sh5C1zBCE369... | DAVOmriOquWjn... | st8NpeFRSxXqV... | pbI8Bu5iafeZi... | RqerpGCSIGjUk... | 1qfNqV5BGwDCX... | OxRydX1ZaUo5g... | Q2zzmel4OIYR1... | 4bPmuMOwkfNJh... |
+------------------+------------------+------------------+------------------+------------------+------------------+------------------+------------------+------------------+------------------+------------------+------------------+
Total record(s): 1

SQL> update stock set s_quantity=44 where s_i_id=5 and s_w_id=1;

SQL> insert into order_line values (1034, 2, 1, 1, 5, 1, '2026-07-02 16:00:34', 11, 25.625, 'profile-workload');

SQL> select i_price, i_name, i_data from item where i_id=5;
+------------------+------------------+------------------+
|          i_price |           i_name |           i_data |
+------------------+------------------+------------------+
|       275.312012 | RZk5jvuYMBSuu... | E0i7Tq7lKSEXP... |
+------------------+------------------+------------------+
Total record(s): 1

SQL> commit;

SQL> begin;

SQL> select c_discount, c_last, c_credit, w_tax from customer, warehouse where w_id=1 and c_w_id=w_id and c_d_id=3 and c_id=6;
+------------------+------------------+------------------+------------------+
|       c_discount |           c_last |         c_credit |            w_tax |
+------------------+------------------+------------------+------------------+
|        23.500000 |     BARRBARRESEE |               BC |         0.125000 |
+------------------+------------------+------------------+------------------+
Total record(s): 1

SQL> select d_next_o_id, d_tax from district where d_id=3 and d_w_id=1;
+------------------+------------------+
|      d_next_o_id |            d_tax |
+------------------+------------------+
|             2032 |         0.125000 |
+------------------+------------------+
Total record(s): 1

SQL> update district set d_next_o_id=2035 where d_id=3 and d_w_id=1;

SQL> insert into orders values (1035, 3, 1, 6, '2026-07-02 16:00:35', 0, 5, 1);

SQL> insert into new_orders values (1035, 3, 1);

SQL> select i_price, i_name, i_data from item where i_id=6;
+------------------+------------------+------------------+
|          i_price |           i_name |           i_data |
+------------------+------------------+------------------+
|       246.625000 | XtAQYtNGlLC4W... | 475hhQJ8nAwFl... |
+------------------+------------------+------------------+
Total record(s): 1

SQL> select s_quantity, s_data, s_dist_01, s_dist_02, s_dist_03, s_dist_04, s_dist_05,s_dist_06, s_dist_07, s_dist_08, s_dist_09, s_dist_10 from stock where s_i_id=6 and s_w_id=1;
+------------------+------------------+------------------+------------------+------------------+------------------+------------------+------------------+------------------+------------------+------------------+------------------+
|       s_quantity |           s_data |        s_dist_01 |        s_dist_02 |        s_dist_03 |        s_dist_04 |        s_dist_05 |        s_dist_06 |        s_dist_07 |        s_dist_08 |        s_dist_09 |        s_dist_10 |
+------------------+------------------+------------------+------------------+------------------+------------------+------------------+------------------+------------------+------------------+------------------+------------------+
|               35 | 50jyi1h54GEtG... | OiK6a8H0lcdcd... | bwDwD4rTKeogY... | Xl7GYWRXWgP4A... | PBVwrhpwmVg50... | jqmZw3n5jFQMf... | hkMdmhQFGYsCj... | oS4oJdUIVsMEn... | 2DiVDJPAjAJpW... | t8sFA3u5UUTXk... | BU2YsWQVdREKm... |
+------------------+------------------+------------------+------------------+------------------+------------------+------------------+------------------+------------------+------------------+------------------+------------------+
Total record(s): 1

SQL> update stock set s_quantity=45 where s_i_id=6 and s_w_id=1;

SQL> insert into order_line values (1035, 3, 1, 1, 6, 1, '2026-07-02 16:00:35', 5, 28.750, 'profile-workload');

SQL> select i_price, i_name, i_data from item where i_id=6;
+------------------+------------------+------------------+
|          i_price |           i_name |           i_data |
+------------------+------------------+------------------+
|       246.625000 | XtAQYtNGlLC4W... | 475hhQJ8nAwFl... |
+------------------+------------------+------------------+
Total record(s): 1

SQL> commit;

SQL> begin;

SQL> select c_discount, c_last, c_credit, w_tax from customer, warehouse where w_id=1 and c_w_id=w_id and c_d_id=1 and c_id=7;
+------------------+------------------+------------------+------------------+
|       c_discount |           c_last |         c_credit |            w_tax |
+------------------+------------------+------------------+------------------+
|        41.312500 |     BARRBARRANTI |               BC |         0.125000 |
+------------------+------------------+------------------+------------------+
Total record(s): 1

SQL> select d_next_o_id, d_tax from district where d_id=1 and d_w_id=1;
+------------------+------------------+
|      d_next_o_id |            d_tax |
+------------------+------------------+
|             2033 |         0.312500 |
+------------------+------------------+
Total record(s): 1

SQL> update district set d_next_o_id=2036 where d_id=1 and d_w_id=1;

SQL> insert into orders values (1036, 1, 1, 7, '2026-07-02 16:00:36', 0, 5, 1);

SQL> insert into new_orders values (1036, 1, 1);

SQL> select i_price, i_name, i_data from item where i_id=7;
+------------------+------------------+------------------+
|          i_price |           i_name |           i_data |
+------------------+------------------+------------------+
|       720.312012 | QxmrKt4r3jZpe... | y3Ck1ZIsrAEvk... |
+------------------+------------------+------------------+
Total record(s): 1

SQL> select s_quantity, s_data, s_dist_01, s_dist_02, s_dist_03, s_dist_04, s_dist_05,s_dist_06, s_dist_07, s_dist_08, s_dist_09, s_dist_10 from stock where s_i_id=7 and s_w_id=1;
+------------------+------------------+------------------+------------------+------------------+------------------+------------------+------------------+------------------+------------------+------------------+------------------+
|       s_quantity |           s_data |        s_dist_01 |        s_dist_02 |        s_dist_03 |        s_dist_04 |        s_dist_05 |        s_dist_06 |        s_dist_07 |        s_dist_08 |        s_dist_09 |        s_dist_10 |
+------------------+------------------+------------------+------------------+------------------+------------------+------------------+------------------+------------------+------------------+------------------+------------------+
|               36 | 6TR82uEe90nx2... | zTbRDg94LHvMI... | hEXvypWdr3sUU... | HLXzlRZuw4ouj... | gTve6RS4jkci1... | SDVkfUqhlRi4O... | L7RZjPChBdWkI... | Va5kfTINfkU6k... | KjPoqwTgzPznL... | sv13V8rlPIUIb... | 1J47hj0njnyZw... |
+------------------+------------------+------------------+------------------+------------------+------------------+------------------+------------------+------------------+------------------+------------------+------------------+
Total record(s): 1

SQL> update stock set s_quantity=46 where s_i_id=7 and s_w_id=1;

SQL> insert into order_line values (1036, 1, 1, 1, 7, 1, '2026-07-02 16:00:36', 6, 31.875, 'profile-workload');

SQL> select i_price, i_name, i_data from item where i_id=7;
+------------------+------------------+------------------+
|          i_price |           i_name |           i_data |
+------------------+------------------+------------------+
|       720.312012 | QxmrKt4r3jZpe... | y3Ck1ZIsrAEvk... |
+------------------+------------------+------------------+
Total record(s): 1

SQL> commit;

SQL> begin;

SQL> select c_discount, c_last, c_credit, w_tax from customer, warehouse where w_id=1 and c_w_id=w_id and c_d_id=2 and c_id=8;
+------------------+------------------+------------------+------------------+
|       c_discount |           c_last |         c_credit |            w_tax |
+------------------+------------------+------------------+------------------+
|        24.312500 |     BARRBARRCALL |               BC |         0.125000 |
+------------------+------------------+------------------+------------------+
Total record(s): 1

SQL> select d_next_o_id, d_tax from district where d_id=2 and d_w_id=1;
+------------------+------------------+
|      d_next_o_id |            d_tax |
+------------------+------------------+
|             2034 |         0.312500 |
+------------------+------------------+
Total record(s): 1

SQL> update district set d_next_o_id=2037 where d_id=2 and d_w_id=1;

SQL> insert into orders values (1037, 2, 1, 8, '2026-07-02 16:00:37', 0, 5, 1);

SQL> insert into new_orders values (1037, 2, 1);

SQL> select i_price, i_name, i_data from item where i_id=8;
+------------------+------------------+------------------+
|          i_price |           i_name |           i_data |
+------------------+------------------+------------------+
|       299.625000 | LwcuLY4knHB2t... | XbZktjH3bejfU... |
+------------------+------------------+------------------+
Total record(s): 1

SQL> select s_quantity, s_data, s_dist_01, s_dist_02, s_dist_03, s_dist_04, s_dist_05,s_dist_06, s_dist_07, s_dist_08, s_dist_09, s_dist_10 from stock where s_i_id=8 and s_w_id=1;
+------------------+------------------+------------------+------------------+------------------+------------------+------------------+------------------+------------------+------------------+------------------+------------------+
|       s_quantity |           s_data |        s_dist_01 |        s_dist_02 |        s_dist_03 |        s_dist_04 |        s_dist_05 |        s_dist_06 |        s_dist_07 |        s_dist_08 |        s_dist_09 |        s_dist_10 |
+------------------+------------------+------------------+------------------+------------------+------------------+------------------+------------------+------------------+------------------+------------------+------------------+
|               37 | fTXM32U4bVGkz... | avoOS1XdrV51l... | Z9neUMy58l07U... | RNxN3XmFO1BgJ... | VnepNUJvyuw0p... | 6Ag1fw0vNNJKl... | 5uvinGPCep6xe... | ZPxi7QYYnb1fV... | uxA4gBY6UmQkC... | OuEIv3mEhSatH... | vVSJVc8LyoFjs... |
+------------------+------------------+------------------+------------------+------------------+------------------+------------------+------------------+------------------+------------------+------------------+------------------+
Total record(s): 1

SQL> update stock set s_quantity=47 where s_i_id=8 and s_w_id=1;

SQL> insert into order_line values (1037, 2, 1, 1, 8, 1, '2026-07-02 16:00:37', 7, 35.000, 'profile-workload');

SQL> select i_price, i_name, i_data from item where i_id=8;
+------------------+------------------+------------------+
|          i_price |           i_name |           i_data |
+------------------+------------------+------------------+
|       299.625000 | LwcuLY4knHB2t... | XbZktjH3bejfU... |
+------------------+------------------+------------------+
Total record(s): 1

SQL> commit;

SQL> begin;

SQL> select c_discount, c_last, c_credit, w_tax from customer, warehouse where w_id=1 and c_w_id=w_id and c_d_id=3 and c_id=9;
+------------------+------------------+------------------+------------------+
|       c_discount |           c_last |         c_credit |            w_tax |
+------------------+------------------+------------------+------------------+
|        35.125000 |     BARRBARRATIO |               GC |         0.125000 |
+------------------+------------------+------------------+------------------+
Total record(s): 1

SQL> select d_next_o_id, d_tax from district where d_id=3 and d_w_id=1;
+------------------+------------------+
|      d_next_o_id |            d_tax |
+------------------+------------------+
|             2035 |         0.125000 |
+------------------+------------------+
Total record(s): 1

SQL> update district set d_next_o_id=2038 where d_id=3 and d_w_id=1;

SQL> insert into orders values (1038, 3, 1, 9, '2026-07-02 16:00:38', 0, 5, 1);

SQL> insert into new_orders values (1038, 3, 1);

SQL> select i_price, i_name, i_data from item where i_id=9;
+------------------+------------------+------------------+
|          i_price |           i_name |           i_data |
+------------------+------------------+------------------+
|       399.250000 | Uc9L7VYwDlNMH... | SZr0MmdvXoiJp... |
+------------------+------------------+------------------+
Total record(s): 1

SQL> select s_quantity, s_data, s_dist_01, s_dist_02, s_dist_03, s_dist_04, s_dist_05,s_dist_06, s_dist_07, s_dist_08, s_dist_09, s_dist_10 from stock where s_i_id=9 and s_w_id=1;
+------------------+------------------+------------------+------------------+------------------+------------------+------------------+------------------+------------------+------------------+------------------+------------------+
|       s_quantity |           s_data |        s_dist_01 |        s_dist_02 |        s_dist_03 |        s_dist_04 |        s_dist_05 |        s_dist_06 |        s_dist_07 |        s_dist_08 |        s_dist_09 |        s_dist_10 |
+------------------+------------------+------------------+------------------+------------------+------------------+------------------+------------------+------------------+------------------+------------------+------------------+
|               38 | doNfCZ41KD2bA... | YRgh8eIxiFTCf... | urPDGs5lOGRj1... | ndEJXpGXq2Yoo... | TE1gnwxbFgZy3... | S4NfC74qIDvrr... | ZOTOXZq8RwlHX... | T97qM204iWLJs... | 1LPnk4ibiCEMd... | 8j8SPj1oyFkvs... | Oa5enU4CjO0KW... |
+------------------+------------------+------------------+------------------+------------------+------------------+------------------+------------------+------------------+------------------+------------------+------------------+
Total record(s): 1

SQL> update stock set s_quantity=48 where s_i_id=9 and s_w_id=1;

SQL> insert into order_line values (1038, 3, 1, 1, 9, 1, '2026-07-02 16:00:38', 8, 38.125, 'profile-workload');

SQL> select i_price, i_name, i_data from item where i_id=9;
+------------------+------------------+------------------+
|          i_price |           i_name |           i_data |
+------------------+------------------+------------------+
|       399.250000 | Uc9L7VYwDlNMH... | SZr0MmdvXoiJp... |
+------------------+------------------+------------------+
Total record(s): 1

SQL> commit;

SQL> begin;

SQL> select c_discount, c_last, c_credit, w_tax from customer, warehouse where w_id=1 and c_w_id=w_id and c_d_id=1 and c_id=10;
+------------------+------------------+------------------+------------------+
|       c_discount |           c_last |         c_credit |            w_tax |
+------------------+------------------+------------------+------------------+
|        25.125000 |     BARRBARREING |               GC |         0.125000 |
+------------------+------------------+------------------+------------------+
Total record(s): 1

SQL> select d_next_o_id, d_tax from district where d_id=1 and d_w_id=1;
+------------------+------------------+
|      d_next_o_id |            d_tax |
+------------------+------------------+
|             2036 |         0.312500 |
+------------------+------------------+
Total record(s): 1

SQL> update district set d_next_o_id=2039 where d_id=1 and d_w_id=1;

SQL> insert into orders values (1039, 1, 1, 10, '2026-07-02 16:00:39', 0, 5, 1);

SQL> insert into new_orders values (1039, 1, 1);

SQL> select i_price, i_name, i_data from item where i_id=10;
+------------------+------------------+------------------+
|          i_price |           i_name |           i_data |
+------------------+------------------+------------------+
|       309.625000 | GE4lpUDt340SQ... | afXPChY5c62yi... |
+------------------+------------------+------------------+
Total record(s): 1

SQL> select s_quantity, s_data, s_dist_01, s_dist_02, s_dist_03, s_dist_04, s_dist_05,s_dist_06, s_dist_07, s_dist_08, s_dist_09, s_dist_10 from stock where s_i_id=10 and s_w_id=1;
+------------------+------------------+------------------+------------------+------------------+------------------+------------------+------------------+------------------+------------------+------------------+------------------+
|       s_quantity |           s_data |        s_dist_01 |        s_dist_02 |        s_dist_03 |        s_dist_04 |        s_dist_05 |        s_dist_06 |        s_dist_07 |        s_dist_08 |        s_dist_09 |        s_dist_10 |
+------------------+------------------+------------------+------------------+------------------+------------------+------------------+------------------+------------------+------------------+------------------+------------------+
|               39 | gXrIBzRLX1Hrc... | eKrLB8TVHiI44... | ouIyEmeGRGi0o... | c4bwuOWiQjEoV... | Ef2IURhPGXHIb... | thXVk6wG5UMjA... | FaPc4hXpwRqJc... | PPaIGfQ7UgCiR... | B4mpk7r1Oy6Q9... | YctHbb8gqgNVL... | tahmqTg8YteQa... |
+------------------+------------------+------------------+------------------+------------------+------------------+------------------+------------------+------------------+------------------+------------------+------------------+
Total record(s): 1

SQL> update stock set s_quantity=49 where s_i_id=10 and s_w_id=1;

SQL> insert into order_line values (1039, 1, 1, 1, 10, 1, '2026-07-02 16:00:39', 9, 41.250, 'profile-workload');

SQL> select i_price, i_name, i_data from item where i_id=10;
+------------------+------------------+------------------+
|          i_price |           i_name |           i_data |
+------------------+------------------+------------------+
|       309.625000 | GE4lpUDt340SQ... | afXPChY5c62yi... |
+------------------+------------------+------------------+
Total record(s): 1

SQL> commit;

SQL> begin;

SQL> select c_discount, c_last, c_credit, w_tax from customer, warehouse where w_id=1 and c_w_id=w_id and c_d_id=2 and c_id=1;
+------------------+------------------+------------------+------------------+
|       c_discount |           c_last |         c_credit |            w_tax |
+------------------+------------------+------------------+------------------+
|        26.250000 |     BARRBARRBARR |               GC |         0.125000 |
+------------------+------------------+------------------+------------------+
Total record(s): 1

SQL> select d_next_o_id, d_tax from district where d_id=2 and d_w_id=1;
+------------------+------------------+
|      d_next_o_id |            d_tax |
+------------------+------------------+
|             2037 |         0.312500 |
+------------------+------------------+
Total record(s): 1

SQL> update district set d_next_o_id=2040 where d_id=2 and d_w_id=1;

SQL> insert into orders values (1040, 2, 1, 1, '2026-07-02 16:00:40', 0, 5, 1);

SQL> insert into new_orders values (1040, 2, 1);

SQL> select i_price, i_name, i_data from item where i_id=1;
+------------------+------------------+------------------+
|          i_price |           i_name |           i_data |
+------------------+------------------+------------------+
|       387.500000 | em5qY0xbhf7jT... | ODk5NNaYinHCt... |
+------------------+------------------+------------------+
Total record(s): 1

SQL> select s_quantity, s_data, s_dist_01, s_dist_02, s_dist_03, s_dist_04, s_dist_05,s_dist_06, s_dist_07, s_dist_08, s_dist_09, s_dist_10 from stock where s_i_id=1 and s_w_id=1;
+------------------+------------------+------------------+------------------+------------------+------------------+------------------+------------------+------------------+------------------+------------------+------------------+
|       s_quantity |           s_data |        s_dist_01 |        s_dist_02 |        s_dist_03 |        s_dist_04 |        s_dist_05 |        s_dist_06 |        s_dist_07 |        s_dist_08 |        s_dist_09 |        s_dist_10 |
+------------------+------------------+------------------+------------------+------------------+------------------+------------------+------------------+------------------+------------------+------------------+------------------+
|               40 | EX7cPdLs2h5Cu... | BjeZBWGUE2RK9... | Giu0QtJbzMqDz... | x5qwcB5RFQ0PJ... | zBTPV7ZCAdkhp... | QLd5BxVOSe5EO... | L1UjatGc7rn5I... | 4cCGnVcADQNSR... | uwojesfvwKbKk... | 4N8CE0EbYc27l... | jD8imXof2fu84... |
+------------------+------------------+------------------+------------------+------------------+------------------+------------------+------------------+------------------+------------------+------------------+------------------+
Total record(s): 1

SQL> update stock set s_quantity=50 where s_i_id=1 and s_w_id=1;

SQL> insert into order_line values (1040, 2, 1, 1, 1, 1, '2026-07-02 16:00:40', 10, 13.125, 'profile-workload');

SQL> select i_price, i_name, i_data from item where i_id=1;
+------------------+------------------+------------------+
|          i_price |           i_name |           i_data |
+------------------+------------------+------------------+
|       387.500000 | em5qY0xbhf7jT... | ODk5NNaYinHCt... |
+------------------+------------------+------------------+
Total record(s): 1

SQL> commit;

SQL> begin;

SQL> select c_discount, c_last, c_credit, w_tax from customer, warehouse where w_id=1 and c_w_id=w_id and c_d_id=3 and c_id=2;
+------------------+------------------+------------------+------------------+
|       c_discount |           c_last |         c_credit |            w_tax |
+------------------+------------------+------------------+------------------+
|        31.250000 |     BARRBARROUGH |               BC |         0.125000 |
+------------------+------------------+------------------+------------------+
Total record(s): 1

SQL> select d_next_o_id, d_tax from district where d_id=3 and d_w_id=1;
+------------------+------------------+
|      d_next_o_id |            d_tax |
+------------------+------------------+
|             2038 |         0.125000 |
+------------------+------------------+
Total record(s): 1

SQL> update district set d_next_o_id=2041 where d_id=3 and d_w_id=1;

SQL> insert into orders values (1041, 3, 1, 2, '2026-07-02 16:00:41', 0, 5, 1);

SQL> insert into new_orders values (1041, 3, 1);

SQL> select i_price, i_name, i_data from item where i_id=2;
+------------------+------------------+------------------+
|          i_price |           i_name |           i_data |
+------------------+------------------+------------------+
|       376.125000 | MuXfgApP7KW0a... | 3Nb3DgfVu1KJp... |
+------------------+------------------+------------------+
Total record(s): 1

SQL> select s_quantity, s_data, s_dist_01, s_dist_02, s_dist_03, s_dist_04, s_dist_05,s_dist_06, s_dist_07, s_dist_08, s_dist_09, s_dist_10 from stock where s_i_id=2 and s_w_id=1;
+------------------+------------------+------------------+------------------+------------------+------------------+------------------+------------------+------------------+------------------+------------------+------------------+
|       s_quantity |           s_data |        s_dist_01 |        s_dist_02 |        s_dist_03 |        s_dist_04 |        s_dist_05 |        s_dist_06 |        s_dist_07 |        s_dist_08 |        s_dist_09 |        s_dist_10 |
+------------------+------------------+------------------+------------------+------------------+------------------+------------------+------------------+------------------+------------------+------------------+------------------+
|               41 | djOd4utkRfPov... | m5mzVzbMevZr0... | AcexKPCSIqIkI... | dtJHr8L1DGHhZ... | Q4qTTAxg8vItA... | mRVxHKkLJsGt5... | WY35fxzCEpf7J... | NudamqsKcBceN... | t6IWnrmkFgBcF... | 2QcCCffEf0CT8... | X1e603kIsyKdi... |
+------------------+------------------+------------------+------------------+------------------+------------------+------------------+------------------+------------------+------------------+------------------+------------------+
Total record(s): 1

SQL> update stock set s_quantity=51 where s_i_id=2 and s_w_id=1;

SQL> insert into order_line values (1041, 3, 1, 1, 2, 1, '2026-07-02 16:00:41', 11, 16.250, 'profile-workload');

SQL> select i_price, i_name, i_data from item where i_id=2;
+------------------+------------------+------------------+
|          i_price |           i_name |           i_data |
+------------------+------------------+------------------+
|       376.125000 | MuXfgApP7KW0a... | 3Nb3DgfVu1KJp... |
+------------------+------------------+------------------+
Total record(s): 1

SQL> commit;

SQL> begin;

SQL> select c_discount, c_last, c_credit, w_tax from customer, warehouse where w_id=1 and c_w_id=w_id and c_d_id=1 and c_id=3;
+------------------+------------------+------------------+------------------+
|       c_discount |           c_last |         c_credit |            w_tax |
+------------------+------------------+------------------+------------------+
|         6.125000 |     BARRBARRABLE |               BC |         0.125000 |
+------------------+------------------+------------------+------------------+
Total record(s): 1

SQL> select d_next_o_id, d_tax from district where d_id=1 and d_w_id=1;
+------------------+------------------+
|      d_next_o_id |            d_tax |
+------------------+------------------+
|             2039 |         0.312500 |
+------------------+------------------+
Total record(s): 1

SQL> update district set d_next_o_id=2042 where d_id=1 and d_w_id=1;

SQL> insert into orders values (1042, 1, 1, 3, '2026-07-02 16:00:42', 0, 5, 1);

SQL> insert into new_orders values (1042, 1, 1);

SQL> select i_price, i_name, i_data from item where i_id=3;
+------------------+------------------+------------------+
|          i_price |           i_name |           i_data |
+------------------+------------------+------------------+
|       109.311996 | yis0W0gx0pikT... | UNL1LJukAZWN0... |
+------------------+------------------+------------------+
Total record(s): 1

SQL> select s_quantity, s_data, s_dist_01, s_dist_02, s_dist_03, s_dist_04, s_dist_05,s_dist_06, s_dist_07, s_dist_08, s_dist_09, s_dist_10 from stock where s_i_id=3 and s_w_id=1;
+------------------+------------------+------------------+------------------+------------------+------------------+------------------+------------------+------------------+------------------+------------------+------------------+
|       s_quantity |           s_data |        s_dist_01 |        s_dist_02 |        s_dist_03 |        s_dist_04 |        s_dist_05 |        s_dist_06 |        s_dist_07 |        s_dist_08 |        s_dist_09 |        s_dist_10 |
+------------------+------------------+------------------+------------------+------------------+------------------+------------------+------------------+------------------+------------------+------------------+------------------+
|               42 | SW90NeiRcp87f... | PVa7W5l3wRhUk... | sFfSRZQKBjMBa... | 9PDW05BnxMAjj... | WDsQYXpbbflDi... | hhr7RsyaiQF26... | HQZojb6uhrRNn... | s6MwvjHhKyTOl... | 9YGuFFjBiK9br... | Awmc5ENeXc9hp... | j50sXBi3QQyxf... |
+------------------+------------------+------------------+------------------+------------------+------------------+------------------+------------------+------------------+------------------+------------------+------------------+
Total record(s): 1

SQL> update stock set s_quantity=52 where s_i_id=3 and s_w_id=1;

SQL> insert into order_line values (1042, 1, 1, 1, 3, 1, '2026-07-02 16:00:42', 5, 19.375, 'profile-workload');

SQL> select i_price, i_name, i_data from item where i_id=3;
+------------------+------------------+------------------+
|          i_price |           i_name |           i_data |
+------------------+------------------+------------------+
|       109.311996 | yis0W0gx0pikT... | UNL1LJukAZWN0... |
+------------------+------------------+------------------+
Total record(s): 1

SQL> commit;

SQL> begin;

SQL> select c_discount, c_last, c_credit, w_tax from customer, warehouse where w_id=1 and c_w_id=w_id and c_d_id=2 and c_id=4;
+------------------+------------------+------------------+------------------+
|       c_discount |           c_last |         c_credit |            w_tax |
+------------------+------------------+------------------+------------------+
|         2.625000 |     BARRBARRPRII |               BC |         0.125000 |
+------------------+------------------+------------------+------------------+
Total record(s): 1

SQL> select d_next_o_id, d_tax from district where d_id=2 and d_w_id=1;
+------------------+------------------+
|      d_next_o_id |            d_tax |
+------------------+------------------+
|             2040 |         0.312500 |
+------------------+------------------+
Total record(s): 1

SQL> update district set d_next_o_id=2043 where d_id=2 and d_w_id=1;

SQL> insert into orders values (1043, 2, 1, 4, '2026-07-02 16:00:43', 0, 5, 1);

SQL> insert into new_orders values (1043, 2, 1);

SQL> select i_price, i_name, i_data from item where i_id=4;
+------------------+------------------+------------------+
|          i_price |           i_name |           i_data |
+------------------+------------------+------------------+
|       409.625000 | 2ICLCJkJNRA17... | zIA2Qe5D57pOo... |
+------------------+------------------+------------------+
Total record(s): 1

SQL> select s_quantity, s_data, s_dist_01, s_dist_02, s_dist_03, s_dist_04, s_dist_05,s_dist_06, s_dist_07, s_dist_08, s_dist_09, s_dist_10 from stock where s_i_id=4 and s_w_id=1;
+------------------+------------------+------------------+------------------+------------------+------------------+------------------+------------------+------------------+------------------+------------------+------------------+
|       s_quantity |           s_data |        s_dist_01 |        s_dist_02 |        s_dist_03 |        s_dist_04 |        s_dist_05 |        s_dist_06 |        s_dist_07 |        s_dist_08 |        s_dist_09 |        s_dist_10 |
+------------------+------------------+------------------+------------------+------------------+------------------+------------------+------------------+------------------+------------------+------------------+------------------+
|               43 | tNV47N74JTS0h... | KhHDzdMjFV9aK... | FnqtSeXHt27hk... | I98ThwMdZvqRj... | nd0R8CYmCzMIR... | P0unv0aqSuyqM... | TxV4RKJXjWvgb... | 9bwmjHTDXSMgE... | Dbnc8n5QaCQcV... | IC1stRVUGTQfP... | h3hqiiIdNCVgi... |
+------------------+------------------+------------------+------------------+------------------+------------------+------------------+------------------+------------------+------------------+------------------+------------------+
Total record(s): 1

SQL> update stock set s_quantity=53 where s_i_id=4 and s_w_id=1;

SQL> insert into order_line values (1043, 2, 1, 1, 4, 1, '2026-07-02 16:00:43', 6, 22.500, 'profile-workload');

SQL> select i_price, i_name, i_data from item where i_id=4;
+------------------+------------------+------------------+
|          i_price |           i_name |           i_data |
+------------------+------------------+------------------+
|       409.625000 | 2ICLCJkJNRA17... | zIA2Qe5D57pOo... |
+------------------+------------------+------------------+
Total record(s): 1

SQL> commit;

SQL> begin;

SQL> select c_discount, c_last, c_credit, w_tax from customer, warehouse where w_id=1 and c_w_id=w_id and c_d_id=3 and c_id=5;
+------------------+------------------+------------------+------------------+
|       c_discount |           c_last |         c_credit |            w_tax |
+------------------+------------------+------------------+------------------+
|        13.500000 |     BARRBARRPRES |               GC |         0.125000 |
+------------------+------------------+------------------+------------------+
Total record(s): 1

SQL> select d_next_o_id, d_tax from district where d_id=3 and d_w_id=1;
+------------------+------------------+
|      d_next_o_id |            d_tax |
+------------------+------------------+
|             2041 |         0.125000 |
+------------------+------------------+
Total record(s): 1

SQL> update district set d_next_o_id=2044 where d_id=3 and d_w_id=1;

SQL> insert into orders values (1044, 3, 1, 5, '2026-07-02 16:00:44', 0, 5, 1);

SQL> insert into new_orders values (1044, 3, 1);

SQL> select i_price, i_name, i_data from item where i_id=5;
+------------------+------------------+------------------+
|          i_price |           i_name |           i_data |
+------------------+------------------+------------------+
|       275.312012 | RZk5jvuYMBSuu... | E0i7Tq7lKSEXP... |
+------------------+------------------+------------------+
Total record(s): 1

SQL> select s_quantity, s_data, s_dist_01, s_dist_02, s_dist_03, s_dist_04, s_dist_05,s_dist_06, s_dist_07, s_dist_08, s_dist_09, s_dist_10 from stock where s_i_id=5 and s_w_id=1;
+------------------+------------------+------------------+------------------+------------------+------------------+------------------+------------------+------------------+------------------+------------------+------------------+
|       s_quantity |           s_data |        s_dist_01 |        s_dist_02 |        s_dist_03 |        s_dist_04 |        s_dist_05 |        s_dist_06 |        s_dist_07 |        s_dist_08 |        s_dist_09 |        s_dist_10 |
+------------------+------------------+------------------+------------------+------------------+------------------+------------------+------------------+------------------+------------------+------------------+------------------+
|               44 | QYFsfK67qSSgD... | EyhdR4M4INXc6... | 3Sh5C1zBCE369... | DAVOmriOquWjn... | st8NpeFRSxXqV... | pbI8Bu5iafeZi... | RqerpGCSIGjUk... | 1qfNqV5BGwDCX... | OxRydX1ZaUo5g... | Q2zzmel4OIYR1... | 4bPmuMOwkfNJh... |
+------------------+------------------+------------------+------------------+------------------+------------------+------------------+------------------+------------------+------------------+------------------+------------------+
Total record(s): 1

SQL> update stock set s_quantity=54 where s_i_id=5 and s_w_id=1;

SQL> insert into order_line values (1044, 3, 1, 1, 5, 1, '2026-07-02 16:00:44', 7, 25.625, 'profile-workload');

SQL> select i_price, i_name, i_data from item where i_id=5;
+------------------+------------------+------------------+
|          i_price |           i_name |           i_data |
+------------------+------------------+------------------+
|       275.312012 | RZk5jvuYMBSuu... | E0i7Tq7lKSEXP... |
+------------------+------------------+------------------+
Total record(s): 1

SQL> commit;

SQL> begin;

SQL> select c_discount, c_last, c_credit, w_tax from customer, warehouse where w_id=1 and c_w_id=w_id and c_d_id=1 and c_id=6;
+------------------+------------------+------------------+------------------+
|       c_discount |           c_last |         c_credit |            w_tax |
+------------------+------------------+------------------+------------------+
|        42.500000 |     BARRBARRESEE |               GC |         0.125000 |
+------------------+------------------+------------------+------------------+
Total record(s): 1

SQL> select d_next_o_id, d_tax from district where d_id=1 and d_w_id=1;
+------------------+------------------+
|      d_next_o_id |            d_tax |
+------------------+------------------+
|             2042 |         0.312500 |
+------------------+------------------+
Total record(s): 1

SQL> update district set d_next_o_id=2045 where d_id=1 and d_w_id=1;

SQL> insert into orders values (1045, 1, 1, 6, '2026-07-02 16:00:45', 0, 5, 1);

SQL> insert into new_orders values (1045, 1, 1);

SQL> select i_price, i_name, i_data from item where i_id=6;
+------------------+------------------+------------------+
|          i_price |           i_name |           i_data |
+------------------+------------------+------------------+
|       246.625000 | XtAQYtNGlLC4W... | 475hhQJ8nAwFl... |
+------------------+------------------+------------------+
Total record(s): 1

SQL> select s_quantity, s_data, s_dist_01, s_dist_02, s_dist_03, s_dist_04, s_dist_05,s_dist_06, s_dist_07, s_dist_08, s_dist_09, s_dist_10 from stock where s_i_id=6 and s_w_id=1;
+------------------+------------------+------------------+------------------+------------------+------------------+------------------+------------------+------------------+------------------+------------------+------------------+
|       s_quantity |           s_data |        s_dist_01 |        s_dist_02 |        s_dist_03 |        s_dist_04 |        s_dist_05 |        s_dist_06 |        s_dist_07 |        s_dist_08 |        s_dist_09 |        s_dist_10 |
+------------------+------------------+------------------+------------------+------------------+------------------+------------------+------------------+------------------+------------------+------------------+------------------+
|               45 | 50jyi1h54GEtG... | OiK6a8H0lcdcd... | bwDwD4rTKeogY... | Xl7GYWRXWgP4A... | PBVwrhpwmVg50... | jqmZw3n5jFQMf... | hkMdmhQFGYsCj... | oS4oJdUIVsMEn... | 2DiVDJPAjAJpW... | t8sFA3u5UUTXk... | BU2YsWQVdREKm... |
+------------------+------------------+------------------+------------------+------------------+------------------+------------------+------------------+------------------+------------------+------------------+------------------+
Total record(s): 1

SQL> update stock set s_quantity=55 where s_i_id=6 and s_w_id=1;

SQL> insert into order_line values (1045, 1, 1, 1, 6, 1, '2026-07-02 16:00:45', 8, 28.750, 'profile-workload');

SQL> select i_price, i_name, i_data from item where i_id=6;
+------------------+------------------+------------------+
|          i_price |           i_name |           i_data |
+------------------+------------------+------------------+
|       246.625000 | XtAQYtNGlLC4W... | 475hhQJ8nAwFl... |
+------------------+------------------+------------------+
Total record(s): 1

SQL> commit;

SQL> begin;

SQL> select c_discount, c_last, c_credit, w_tax from customer, warehouse where w_id=1 and c_w_id=w_id and c_d_id=2 and c_id=7;
+------------------+------------------+------------------+------------------+
|       c_discount |           c_last |         c_credit |            w_tax |
+------------------+------------------+------------------+------------------+
|         8.625000 |     BARRBARRANTI |               GC |         0.125000 |
+------------------+------------------+------------------+------------------+
Total record(s): 1

SQL> select d_next_o_id, d_tax from district where d_id=2 and d_w_id=1;
+------------------+------------------+
|      d_next_o_id |            d_tax |
+------------------+------------------+
|             2043 |         0.312500 |
+------------------+------------------+
Total record(s): 1

SQL> update district set d_next_o_id=2046 where d_id=2 and d_w_id=1;

SQL> insert into orders values (1046, 2, 1, 7, '2026-07-02 16:00:46', 0, 5, 1);

SQL> insert into new_orders values (1046, 2, 1);

SQL> select i_price, i_name, i_data from item where i_id=7;
+------------------+------------------+------------------+
|          i_price |           i_name |           i_data |
+------------------+------------------+------------------+
|       720.312012 | QxmrKt4r3jZpe... | y3Ck1ZIsrAEvk... |
+------------------+------------------+------------------+
Total record(s): 1

SQL> select s_quantity, s_data, s_dist_01, s_dist_02, s_dist_03, s_dist_04, s_dist_05,s_dist_06, s_dist_07, s_dist_08, s_dist_09, s_dist_10 from stock where s_i_id=7 and s_w_id=1;
+------------------+------------------+------------------+------------------+------------------+------------------+------------------+------------------+------------------+------------------+------------------+------------------+
|       s_quantity |           s_data |        s_dist_01 |        s_dist_02 |        s_dist_03 |        s_dist_04 |        s_dist_05 |        s_dist_06 |        s_dist_07 |        s_dist_08 |        s_dist_09 |        s_dist_10 |
+------------------+------------------+------------------+------------------+------------------+------------------+------------------+------------------+------------------+------------------+------------------+------------------+
|               46 | 6TR82uEe90nx2... | zTbRDg94LHvMI... | hEXvypWdr3sUU... | HLXzlRZuw4ouj... | gTve6RS4jkci1... | SDVkfUqhlRi4O... | L7RZjPChBdWkI... | Va5kfTINfkU6k... | KjPoqwTgzPznL... | sv13V8rlPIUIb... | 1J47hj0njnyZw... |
+------------------+------------------+------------------+------------------+------------------+------------------+------------------+------------------+------------------+------------------+------------------+------------------+
Total record(s): 1

SQL> update stock set s_quantity=56 where s_i_id=7 and s_w_id=1;

SQL> insert into order_line values (1046, 2, 1, 1, 7, 1, '2026-07-02 16:00:46', 9, 31.875, 'profile-workload');

SQL> select i_price, i_name, i_data from item where i_id=7;
+------------------+------------------+------------------+
|          i_price |           i_name |           i_data |
+------------------+------------------+------------------+
|       720.312012 | QxmrKt4r3jZpe... | y3Ck1ZIsrAEvk... |
+------------------+------------------+------------------+
Total record(s): 1

SQL> commit;

SQL> begin;

SQL> select c_discount, c_last, c_credit, w_tax from customer, warehouse where w_id=1 and c_w_id=w_id and c_d_id=3 and c_id=8;
+------------------+------------------+------------------+------------------+
|       c_discount |           c_last |         c_credit |            w_tax |
+------------------+------------------+------------------+------------------+
|         7.500000 |     BARRBARRCALL |               BC |         0.125000 |
+------------------+------------------+------------------+------------------+
Total record(s): 1

SQL> select d_next_o_id, d_tax from district where d_id=3 and d_w_id=1;
+------------------+------------------+
|      d_next_o_id |            d_tax |
+------------------+------------------+
|             2044 |         0.125000 |
+------------------+------------------+
Total record(s): 1

SQL> update district set d_next_o_id=2047 where d_id=3 and d_w_id=1;

SQL> insert into orders values (1047, 3, 1, 8, '2026-07-02 16:00:47', 0, 5, 1);

SQL> insert into new_orders values (1047, 3, 1);

SQL> select i_price, i_name, i_data from item where i_id=8;
+------------------+------------------+------------------+
|          i_price |           i_name |           i_data |
+------------------+------------------+------------------+
|       299.625000 | LwcuLY4knHB2t... | XbZktjH3bejfU... |
+------------------+------------------+------------------+
Total record(s): 1

SQL> select s_quantity, s_data, s_dist_01, s_dist_02, s_dist_03, s_dist_04, s_dist_05,s_dist_06, s_dist_07, s_dist_08, s_dist_09, s_dist_10 from stock where s_i_id=8 and s_w_id=1;
+------------------+------------------+------------------+------------------+------------------+------------------+------------------+------------------+------------------+------------------+------------------+------------------+
|       s_quantity |           s_data |        s_dist_01 |        s_dist_02 |        s_dist_03 |        s_dist_04 |        s_dist_05 |        s_dist_06 |        s_dist_07 |        s_dist_08 |        s_dist_09 |        s_dist_10 |
+------------------+------------------+------------------+------------------+------------------+------------------+------------------+------------------+------------------+------------------+------------------+------------------+
|               47 | fTXM32U4bVGkz... | avoOS1XdrV51l... | Z9neUMy58l07U... | RNxN3XmFO1BgJ... | VnepNUJvyuw0p... | 6Ag1fw0vNNJKl... | 5uvinGPCep6xe... | ZPxi7QYYnb1fV... | uxA4gBY6UmQkC... | OuEIv3mEhSatH... | vVSJVc8LyoFjs... |
+------------------+------------------+------------------+------------------+------------------+------------------+------------------+------------------+------------------+------------------+------------------+------------------+
Total record(s): 1

SQL> update stock set s_quantity=57 where s_i_id=8 and s_w_id=1;

SQL> insert into order_line values (1047, 3, 1, 1, 8, 1, '2026-07-02 16:00:47', 10, 35.000, 'profile-workload');

SQL> select i_price, i_name, i_data from item where i_id=8;
+------------------+------------------+------------------+
|          i_price |           i_name |           i_data |
+------------------+------------------+------------------+
|       299.625000 | LwcuLY4knHB2t... | XbZktjH3bejfU... |
+------------------+------------------+------------------+
Total record(s): 1

SQL> commit;

SQL> begin;

SQL> select c_discount, c_last, c_credit, w_tax from customer, warehouse where w_id=1 and c_w_id=w_id and c_d_id=1 and c_id=9;
+------------------+------------------+------------------+------------------+
|       c_discount |           c_last |         c_credit |            w_tax |
+------------------+------------------+------------------+------------------+
|        19.125000 |     BARRBARRATIO |               BC |         0.125000 |
+------------------+------------------+------------------+------------------+
Total record(s): 1

SQL> select d_next_o_id, d_tax from district where d_id=1 and d_w_id=1;
+------------------+------------------+
|      d_next_o_id |            d_tax |
+------------------+------------------+
|             2045 |         0.312500 |
+------------------+------------------+
Total record(s): 1

SQL> update district set d_next_o_id=2048 where d_id=1 and d_w_id=1;

SQL> insert into orders values (1048, 1, 1, 9, '2026-07-02 16:00:48', 0, 5, 1);

SQL> insert into new_orders values (1048, 1, 1);

SQL> select i_price, i_name, i_data from item where i_id=9;
+------------------+------------------+------------------+
|          i_price |           i_name |           i_data |
+------------------+------------------+------------------+
|       399.250000 | Uc9L7VYwDlNMH... | SZr0MmdvXoiJp... |
+------------------+------------------+------------------+
Total record(s): 1

SQL> select s_quantity, s_data, s_dist_01, s_dist_02, s_dist_03, s_dist_04, s_dist_05,s_dist_06, s_dist_07, s_dist_08, s_dist_09, s_dist_10 from stock where s_i_id=9 and s_w_id=1;
+------------------+------------------+------------------+------------------+------------------+------------------+------------------+------------------+------------------+------------------+------------------+------------------+
|       s_quantity |           s_data |        s_dist_01 |        s_dist_02 |        s_dist_03 |        s_dist_04 |        s_dist_05 |        s_dist_06 |        s_dist_07 |        s_dist_08 |        s_dist_09 |        s_dist_10 |
+------------------+------------------+------------------+------------------+------------------+------------------+------------------+------------------+------------------+------------------+------------------+------------------+
|               48 | doNfCZ41KD2bA... | YRgh8eIxiFTCf... | urPDGs5lOGRj1... | ndEJXpGXq2Yoo... | TE1gnwxbFgZy3... | S4NfC74qIDvrr... | ZOTOXZq8RwlHX... | T97qM204iWLJs... | 1LPnk4ibiCEMd... | 8j8SPj1oyFkvs... | Oa5enU4CjO0KW... |
+------------------+------------------+------------------+------------------+------------------+------------------+------------------+------------------+------------------+------------------+------------------+------------------+
Total record(s): 1

SQL> update stock set s_quantity=58 where s_i_id=9 and s_w_id=1;

SQL> insert into order_line values (1048, 1, 1, 1, 9, 1, '2026-07-02 16:00:48', 11, 38.125, 'profile-workload');

SQL> select i_price, i_name, i_data from item where i_id=9;
+------------------+------------------+------------------+
|          i_price |           i_name |           i_data |
+------------------+------------------+------------------+
|       399.250000 | Uc9L7VYwDlNMH... | SZr0MmdvXoiJp... |
+------------------+------------------+------------------+
Total record(s): 1

SQL> commit;

SQL> begin;

SQL> select c_discount, c_last, c_credit, w_tax from customer, warehouse where w_id=1 and c_w_id=w_id and c_d_id=2 and c_id=10;
+------------------+------------------+------------------+------------------+
|       c_discount |           c_last |         c_credit |            w_tax |
+------------------+------------------+------------------+------------------+
|        33.312500 |     BARRBARREING |               GC |         0.125000 |
+------------------+------------------+------------------+------------------+
Total record(s): 1

SQL> select d_next_o_id, d_tax from district where d_id=2 and d_w_id=1;
+------------------+------------------+
|      d_next_o_id |            d_tax |
+------------------+------------------+
|             2046 |         0.312500 |
+------------------+------------------+
Total record(s): 1

SQL> update district set d_next_o_id=2049 where d_id=2 and d_w_id=1;

SQL> insert into orders values (1049, 2, 1, 10, '2026-07-02 16:00:49', 0, 5, 1);

SQL> insert into new_orders values (1049, 2, 1);

SQL> select i_price, i_name, i_data from item where i_id=10;
+------------------+------------------+------------------+
|          i_price |           i_name |           i_data |
+------------------+------------------+------------------+
|       309.625000 | GE4lpUDt340SQ... | afXPChY5c62yi... |
+------------------+------------------+------------------+
Total record(s): 1

SQL> select s_quantity, s_data, s_dist_01, s_dist_02, s_dist_03, s_dist_04, s_dist_05,s_dist_06, s_dist_07, s_dist_08, s_dist_09, s_dist_10 from stock where s_i_id=10 and s_w_id=1;
+------------------+------------------+------------------+------------------+------------------+------------------+------------------+------------------+------------------+------------------+------------------+------------------+
|       s_quantity |           s_data |        s_dist_01 |        s_dist_02 |        s_dist_03 |        s_dist_04 |        s_dist_05 |        s_dist_06 |        s_dist_07 |        s_dist_08 |        s_dist_09 |        s_dist_10 |
+------------------+------------------+------------------+------------------+------------------+------------------+------------------+------------------+------------------+------------------+------------------+------------------+
|               49 | gXrIBzRLX1Hrc... | eKrLB8TVHiI44... | ouIyEmeGRGi0o... | c4bwuOWiQjEoV... | Ef2IURhPGXHIb... | thXVk6wG5UMjA... | FaPc4hXpwRqJc... | PPaIGfQ7UgCiR... | B4mpk7r1Oy6Q9... | YctHbb8gqgNVL... | tahmqTg8YteQa... |
+------------------+------------------+------------------+------------------+------------------+------------------+------------------+------------------+------------------+------------------+------------------+------------------+
Total record(s): 1

SQL> update stock set s_quantity=59 where s_i_id=10 and s_w_id=1;

SQL> insert into order_line values (1049, 2, 1, 1, 10, 1, '2026-07-02 16:00:49', 5, 41.250, 'profile-workload');

SQL> select i_price, i_name, i_data from item where i_id=10;
+------------------+------------------+------------------+
|          i_price |           i_name |           i_data |
+------------------+------------------+------------------+
|       309.625000 | GE4lpUDt340SQ... | afXPChY5c62yi... |
+------------------+------------------+------------------+
Total record(s): 1

SQL> commit;

SQL> begin;

SQL> select c_discount, c_last, c_credit, w_tax from customer, warehouse where w_id=1 and c_w_id=w_id and c_d_id=3 and c_id=1;
+------------------+------------------+------------------+------------------+
|       c_discount |           c_last |         c_credit |            w_tax |
+------------------+------------------+------------------+------------------+
|        35.312500 |     BARRBARRBARR |               GC |         0.125000 |
+------------------+------------------+------------------+------------------+
Total record(s): 1

SQL> select d_next_o_id, d_tax from district where d_id=3 and d_w_id=1;
+------------------+------------------+
|      d_next_o_id |            d_tax |
+------------------+------------------+
|             2047 |         0.125000 |
+------------------+------------------+
Total record(s): 1

SQL> update district set d_next_o_id=2050 where d_id=3 and d_w_id=1;

SQL> insert into orders values (1050, 3, 1, 1, '2026-07-02 16:00:50', 0, 5, 1);

SQL> insert into new_orders values (1050, 3, 1);

SQL> select i_price, i_name, i_data from item where i_id=1;
+------------------+------------------+------------------+
|          i_price |           i_name |           i_data |
+------------------+------------------+------------------+
|       387.500000 | em5qY0xbhf7jT... | ODk5NNaYinHCt... |
+------------------+------------------+------------------+
Total record(s): 1

SQL> select s_quantity, s_data, s_dist_01, s_dist_02, s_dist_03, s_dist_04, s_dist_05,s_dist_06, s_dist_07, s_dist_08, s_dist_09, s_dist_10 from stock where s_i_id=1 and s_w_id=1;
+------------------+------------------+------------------+------------------+------------------+------------------+------------------+------------------+------------------+------------------+------------------+------------------+
|       s_quantity |           s_data |        s_dist_01 |        s_dist_02 |        s_dist_03 |        s_dist_04 |        s_dist_05 |        s_dist_06 |        s_dist_07 |        s_dist_08 |        s_dist_09 |        s_dist_10 |
+------------------+------------------+------------------+------------------+------------------+------------------+------------------+------------------+------------------+------------------+------------------+------------------+
|               50 | EX7cPdLs2h5Cu... | BjeZBWGUE2RK9... | Giu0QtJbzMqDz... | x5qwcB5RFQ0PJ... | zBTPV7ZCAdkhp... | QLd5BxVOSe5EO... | L1UjatGc7rn5I... | 4cCGnVcADQNSR... | uwojesfvwKbKk... | 4N8CE0EbYc27l... | jD8imXof2fu84... |
+------------------+------------------+------------------+------------------+------------------+------------------+------------------+------------------+------------------+------------------+------------------+------------------+
Total record(s): 1

SQL> update stock set s_quantity=60 where s_i_id=1 and s_w_id=1;

SQL> insert into order_line values (1050, 3, 1, 1, 1, 1, '2026-07-02 16:00:50', 6, 13.125, 'profile-workload');

SQL> select i_price, i_name, i_data from item where i_id=1;
+------------------+------------------+------------------+
|          i_price |           i_name |           i_data |
+------------------+------------------+------------------+
|       387.500000 | em5qY0xbhf7jT... | ODk5NNaYinHCt... |
+------------------+------------------+------------------+
Total record(s): 1

SQL> commit;

SQL> begin;

SQL> select c_discount, c_last, c_credit, w_tax from customer, warehouse where w_id=1 and c_w_id=w_id and c_d_id=1 and c_id=2;
+------------------+------------------+------------------+------------------+
|       c_discount |           c_last |         c_credit |            w_tax |
+------------------+------------------+------------------+------------------+
|         8.625000 |     BARRBARROUGH |               GC |         0.125000 |
+------------------+------------------+------------------+------------------+
Total record(s): 1

SQL> select d_next_o_id, d_tax from district where d_id=1 and d_w_id=1;
+------------------+------------------+
|      d_next_o_id |            d_tax |
+------------------+------------------+
|             2048 |         0.312500 |
+------------------+------------------+
Total record(s): 1

SQL> update district set d_next_o_id=2051 where d_id=1 and d_w_id=1;

SQL> insert into orders values (1051, 1, 1, 2, '2026-07-02 16:00:51', 0, 5, 1);

SQL> insert into new_orders values (1051, 1, 1);

SQL> select i_price, i_name, i_data from item where i_id=2;
+------------------+------------------+------------------+
|          i_price |           i_name |           i_data |
+------------------+------------------+------------------+
|       376.125000 | MuXfgApP7KW0a... | 3Nb3DgfVu1KJp... |
+------------------+------------------+------------------+
Total record(s): 1

SQL> select s_quantity, s_data, s_dist_01, s_dist_02, s_dist_03, s_dist_04, s_dist_05,s_dist_06, s_dist_07, s_dist_08, s_dist_09, s_dist_10 from stock where s_i_id=2 and s_w_id=1;
+------------------+------------------+------------------+------------------+------------------+------------------+------------------+------------------+------------------+------------------+------------------+------------------+
|       s_quantity |           s_data |        s_dist_01 |        s_dist_02 |        s_dist_03 |        s_dist_04 |        s_dist_05 |        s_dist_06 |        s_dist_07 |        s_dist_08 |        s_dist_09 |        s_dist_10 |
+------------------+------------------+------------------+------------------+------------------+------------------+------------------+------------------+------------------+------------------+------------------+------------------+
|               51 | djOd4utkRfPov... | m5mzVzbMevZr0... | AcexKPCSIqIkI... | dtJHr8L1DGHhZ... | Q4qTTAxg8vItA... | mRVxHKkLJsGt5... | WY35fxzCEpf7J... | NudamqsKcBceN... | t6IWnrmkFgBcF... | 2QcCCffEf0CT8... | X1e603kIsyKdi... |
+------------------+------------------+------------------+------------------+------------------+------------------+------------------+------------------+------------------+------------------+------------------+------------------+
Total record(s): 1

SQL> update stock set s_quantity=61 where s_i_id=2 and s_w_id=1;

SQL> insert into order_line values (1051, 1, 1, 1, 2, 1, '2026-07-02 16:00:51', 7, 16.250, 'profile-workload');

SQL> select i_price, i_name, i_data from item where i_id=2;
+------------------+------------------+------------------+
|          i_price |           i_name |           i_data |
+------------------+------------------+------------------+
|       376.125000 | MuXfgApP7KW0a... | 3Nb3DgfVu1KJp... |
+------------------+------------------+------------------+
Total record(s): 1

SQL> commit;

SQL> begin;

SQL> select c_discount, c_last, c_credit, w_tax from customer, warehouse where w_id=1 and c_w_id=w_id and c_d_id=2 and c_id=3;
+------------------+------------------+------------------+------------------+
|       c_discount |           c_last |         c_credit |            w_tax |
+------------------+------------------+------------------+------------------+
|        47.125000 |     BARRBARRABLE |               BC |         0.125000 |
+------------------+------------------+------------------+------------------+
Total record(s): 1

SQL> select d_next_o_id, d_tax from district where d_id=2 and d_w_id=1;
+------------------+------------------+
|      d_next_o_id |            d_tax |
+------------------+------------------+
|             2049 |         0.312500 |
+------------------+------------------+
Total record(s): 1

SQL> update district set d_next_o_id=2052 where d_id=2 and d_w_id=1;

SQL> insert into orders values (1052, 2, 1, 3, '2026-07-02 16:00:52', 0, 5, 1);

SQL> insert into new_orders values (1052, 2, 1);

SQL> select i_price, i_name, i_data from item where i_id=3;
+------------------+------------------+------------------+
|          i_price |           i_name |           i_data |
+------------------+------------------+------------------+
|       109.311996 | yis0W0gx0pikT... | UNL1LJukAZWN0... |
+------------------+------------------+------------------+
Total record(s): 1

SQL> select s_quantity, s_data, s_dist_01, s_dist_02, s_dist_03, s_dist_04, s_dist_05,s_dist_06, s_dist_07, s_dist_08, s_dist_09, s_dist_10 from stock where s_i_id=3 and s_w_id=1;
+------------------+------------------+------------------+------------------+------------------+------------------+------------------+------------------+------------------+------------------+------------------+------------------+
|       s_quantity |           s_data |        s_dist_01 |        s_dist_02 |        s_dist_03 |        s_dist_04 |        s_dist_05 |        s_dist_06 |        s_dist_07 |        s_dist_08 |        s_dist_09 |        s_dist_10 |
+------------------+------------------+------------------+------------------+------------------+------------------+------------------+------------------+------------------+------------------+------------------+------------------+
|               52 | SW90NeiRcp87f... | PVa7W5l3wRhUk... | sFfSRZQKBjMBa... | 9PDW05BnxMAjj... | WDsQYXpbbflDi... | hhr7RsyaiQF26... | HQZojb6uhrRNn... | s6MwvjHhKyTOl... | 9YGuFFjBiK9br... | Awmc5ENeXc9hp... | j50sXBi3QQyxf... |
+------------------+------------------+------------------+------------------+------------------+------------------+------------------+------------------+------------------+------------------+------------------+------------------+
Total record(s): 1

SQL> update stock set s_quantity=62 where s_i_id=3 and s_w_id=1;

SQL> insert into order_line values (1052, 2, 1, 1, 3, 1, '2026-07-02 16:00:52', 8, 19.375, 'profile-workload');

SQL> select i_price, i_name, i_data from item where i_id=3;
+------------------+------------------+------------------+
|          i_price |           i_name |           i_data |
+------------------+------------------+------------------+
|       109.311996 | yis0W0gx0pikT... | UNL1LJukAZWN0... |
+------------------+------------------+------------------+
Total record(s): 1

SQL> commit;

SQL> begin;

SQL> select c_discount, c_last, c_credit, w_tax from customer, warehouse where w_id=1 and c_w_id=w_id and c_d_id=3 and c_id=4;
+------------------+------------------+------------------+------------------+
|       c_discount |           c_last |         c_credit |            w_tax |
+------------------+------------------+------------------+------------------+
|        26.125000 |     BARRBARRPRII |               BC |         0.125000 |
+------------------+------------------+------------------+------------------+
Total record(s): 1

SQL> select d_next_o_id, d_tax from district where d_id=3 and d_w_id=1;
+------------------+------------------+
|      d_next_o_id |            d_tax |
+------------------+------------------+
|             2050 |         0.125000 |
+------------------+------------------+
Total record(s): 1

SQL> update district set d_next_o_id=2053 where d_id=3 and d_w_id=1;

SQL> insert into orders values (1053, 3, 1, 4, '2026-07-02 16:00:53', 0, 5, 1);

SQL> insert into new_orders values (1053, 3, 1);

SQL> select i_price, i_name, i_data from item where i_id=4;
+------------------+------------------+------------------+
|          i_price |           i_name |           i_data |
+------------------+------------------+------------------+
|       409.625000 | 2ICLCJkJNRA17... | zIA2Qe5D57pOo... |
+------------------+------------------+------------------+
Total record(s): 1

SQL> select s_quantity, s_data, s_dist_01, s_dist_02, s_dist_03, s_dist_04, s_dist_05,s_dist_06, s_dist_07, s_dist_08, s_dist_09, s_dist_10 from stock where s_i_id=4 and s_w_id=1;
+------------------+------------------+------------------+------------------+------------------+------------------+------------------+------------------+------------------+------------------+------------------+------------------+
|       s_quantity |           s_data |        s_dist_01 |        s_dist_02 |        s_dist_03 |        s_dist_04 |        s_dist_05 |        s_dist_06 |        s_dist_07 |        s_dist_08 |        s_dist_09 |        s_dist_10 |
+------------------+------------------+------------------+------------------+------------------+------------------+------------------+------------------+------------------+------------------+------------------+------------------+
|               53 | tNV47N74JTS0h... | KhHDzdMjFV9aK... | FnqtSeXHt27hk... | I98ThwMdZvqRj... | nd0R8CYmCzMIR... | P0unv0aqSuyqM... | TxV4RKJXjWvgb... | 9bwmjHTDXSMgE... | Dbnc8n5QaCQcV... | IC1stRVUGTQfP... | h3hqiiIdNCVgi... |
+------------------+------------------+------------------+------------------+------------------+------------------+------------------+------------------+------------------+------------------+------------------+------------------+
Total record(s): 1

SQL> update stock set s_quantity=63 where s_i_id=4 and s_w_id=1;

SQL> insert into order_line values (1053, 3, 1, 1, 4, 1, '2026-07-02 16:00:53', 9, 22.500, 'profile-workload');

SQL> select i_price, i_name, i_data from item where i_id=4;
+------------------+------------------+------------------+
|          i_price |           i_name |           i_data |
+------------------+------------------+------------------+
|       409.625000 | 2ICLCJkJNRA17... | zIA2Qe5D57pOo... |
+------------------+------------------+------------------+
Total record(s): 1

SQL> commit;

SQL> begin;

SQL> select c_discount, c_last, c_credit, w_tax from customer, warehouse where w_id=1 and c_w_id=w_id and c_d_id=1 and c_id=5;
+------------------+------------------+------------------+------------------+
|       c_discount |           c_last |         c_credit |            w_tax |
+------------------+------------------+------------------+------------------+
|        24.625000 |     BARRBARRPRES |               GC |         0.125000 |
+------------------+------------------+------------------+------------------+
Total record(s): 1

SQL> select d_next_o_id, d_tax from district where d_id=1 and d_w_id=1;
+------------------+------------------+
|      d_next_o_id |            d_tax |
+------------------+------------------+
|             2051 |         0.312500 |
+------------------+------------------+
Total record(s): 1

SQL> update district set d_next_o_id=2054 where d_id=1 and d_w_id=1;

SQL> insert into orders values (1054, 1, 1, 5, '2026-07-02 16:00:54', 0, 5, 1);

SQL> insert into new_orders values (1054, 1, 1);

SQL> select i_price, i_name, i_data from item where i_id=5;
+------------------+------------------+------------------+
|          i_price |           i_name |           i_data |
+------------------+------------------+------------------+
|       275.312012 | RZk5jvuYMBSuu... | E0i7Tq7lKSEXP... |
+------------------+------------------+------------------+
Total record(s): 1

SQL> select s_quantity, s_data, s_dist_01, s_dist_02, s_dist_03, s_dist_04, s_dist_05,s_dist_06, s_dist_07, s_dist_08, s_dist_09, s_dist_10 from stock where s_i_id=5 and s_w_id=1;
+------------------+------------------+------------------+------------------+------------------+------------------+------------------+------------------+------------------+------------------+------------------+------------------+
|       s_quantity |           s_data |        s_dist_01 |        s_dist_02 |        s_dist_03 |        s_dist_04 |        s_dist_05 |        s_dist_06 |        s_dist_07 |        s_dist_08 |        s_dist_09 |        s_dist_10 |
+------------------+------------------+------------------+------------------+------------------+------------------+------------------+------------------+------------------+------------------+------------------+------------------+
|               54 | QYFsfK67qSSgD... | EyhdR4M4INXc6... | 3Sh5C1zBCE369... | DAVOmriOquWjn... | st8NpeFRSxXqV... | pbI8Bu5iafeZi... | RqerpGCSIGjUk... | 1qfNqV5BGwDCX... | OxRydX1ZaUo5g... | Q2zzmel4OIYR1... | 4bPmuMOwkfNJh... |
+------------------+------------------+------------------+------------------+------------------+------------------+------------------+------------------+------------------+------------------+------------------+------------------+
Total record(s): 1

SQL> update stock set s_quantity=64 where s_i_id=5 and s_w_id=1;

SQL> insert into order_line values (1054, 1, 1, 1, 5, 1, '2026-07-02 16:00:54', 10, 25.625, 'profile-workload');

SQL> select i_price, i_name, i_data from item where i_id=5;
+------------------+------------------+------------------+
|          i_price |           i_name |           i_data |
+------------------+------------------+------------------+
|       275.312012 | RZk5jvuYMBSuu... | E0i7Tq7lKSEXP... |
+------------------+------------------+------------------+
Total record(s): 1

SQL> commit;

SQL> begin;

SQL> select c_discount, c_last, c_credit, w_tax from customer, warehouse where w_id=1 and c_w_id=w_id and c_d_id=2 and c_id=6;
+------------------+------------------+------------------+------------------+
|       c_discount |           c_last |         c_credit |            w_tax |
+------------------+------------------+------------------+------------------+
|        19.500000 |     BARRBARRESEE |               BC |         0.125000 |
+------------------+------------------+------------------+------------------+
Total record(s): 1

SQL> select d_next_o_id, d_tax from district where d_id=2 and d_w_id=1;
+------------------+------------------+
|      d_next_o_id |            d_tax |
+------------------+------------------+
|             2052 |         0.312500 |
+------------------+------------------+
Total record(s): 1

SQL> update district set d_next_o_id=2055 where d_id=2 and d_w_id=1;

SQL> insert into orders values (1055, 2, 1, 6, '2026-07-02 16:00:55', 0, 5, 1);

SQL> insert into new_orders values (1055, 2, 1);

SQL> select i_price, i_name, i_data from item where i_id=6;
+------------------+------------------+------------------+
|          i_price |           i_name |           i_data |
+------------------+------------------+------------------+
|       246.625000 | XtAQYtNGlLC4W... | 475hhQJ8nAwFl... |
+------------------+------------------+------------------+
Total record(s): 1

SQL> select s_quantity, s_data, s_dist_01, s_dist_02, s_dist_03, s_dist_04, s_dist_05,s_dist_06, s_dist_07, s_dist_08, s_dist_09, s_dist_10 from stock where s_i_id=6 and s_w_id=1;
+------------------+------------------+------------------+------------------+------------------+------------------+------------------+------------------+------------------+------------------+------------------+------------------+
|       s_quantity |           s_data |        s_dist_01 |        s_dist_02 |        s_dist_03 |        s_dist_04 |        s_dist_05 |        s_dist_06 |        s_dist_07 |        s_dist_08 |        s_dist_09 |        s_dist_10 |
+------------------+------------------+------------------+------------------+------------------+------------------+------------------+------------------+------------------+------------------+------------------+------------------+
|               55 | 50jyi1h54GEtG... | OiK6a8H0lcdcd... | bwDwD4rTKeogY... | Xl7GYWRXWgP4A... | PBVwrhpwmVg50... | jqmZw3n5jFQMf... | hkMdmhQFGYsCj... | oS4oJdUIVsMEn... | 2DiVDJPAjAJpW... | t8sFA3u5UUTXk... | BU2YsWQVdREKm... |
+------------------+------------------+------------------+------------------+------------------+------------------+------------------+------------------+------------------+------------------+------------------+------------------+
Total record(s): 1

SQL> update stock set s_quantity=65 where s_i_id=6 and s_w_id=1;

SQL> insert into order_line values (1055, 2, 1, 1, 6, 1, '2026-07-02 16:00:55', 11, 28.750, 'profile-workload');

SQL> select i_price, i_name, i_data from item where i_id=6;
+------------------+------------------+------------------+
|          i_price |           i_name |           i_data |
+------------------+------------------+------------------+
|       246.625000 | XtAQYtNGlLC4W... | 475hhQJ8nAwFl... |
+------------------+------------------+------------------+
Total record(s): 1

SQL> commit;

SQL> begin;

SQL> select c_discount, c_last, c_credit, w_tax from customer, warehouse where w_id=1 and c_w_id=w_id and c_d_id=3 and c_id=7;
+------------------+------------------+------------------+------------------+
|       c_discount |           c_last |         c_credit |            w_tax |
+------------------+------------------+------------------+------------------+
|         3.312500 |     BARRBARRANTI |               BC |         0.125000 |
+------------------+------------------+------------------+------------------+
Total record(s): 1

SQL> select d_next_o_id, d_tax from district where d_id=3 and d_w_id=1;
+------------------+------------------+
|      d_next_o_id |            d_tax |
+------------------+------------------+
|             2053 |         0.125000 |
+------------------+------------------+
Total record(s): 1

SQL> update district set d_next_o_id=2056 where d_id=3 and d_w_id=1;

SQL> insert into orders values (1056, 3, 1, 7, '2026-07-02 16:00:56', 0, 5, 1);

SQL> insert into new_orders values (1056, 3, 1);

SQL> select i_price, i_name, i_data from item where i_id=7;
+------------------+------------------+------------------+
|          i_price |           i_name |           i_data |
+------------------+------------------+------------------+
|       720.312012 | QxmrKt4r3jZpe... | y3Ck1ZIsrAEvk... |
+------------------+------------------+------------------+
Total record(s): 1

SQL> select s_quantity, s_data, s_dist_01, s_dist_02, s_dist_03, s_dist_04, s_dist_05,s_dist_06, s_dist_07, s_dist_08, s_dist_09, s_dist_10 from stock where s_i_id=7 and s_w_id=1;
+------------------+------------------+------------------+------------------+------------------+------------------+------------------+------------------+------------------+------------------+------------------+------------------+
|       s_quantity |           s_data |        s_dist_01 |        s_dist_02 |        s_dist_03 |        s_dist_04 |        s_dist_05 |        s_dist_06 |        s_dist_07 |        s_dist_08 |        s_dist_09 |        s_dist_10 |
+------------------+------------------+------------------+------------------+------------------+------------------+------------------+------------------+------------------+------------------+------------------+------------------+
|               56 | 6TR82uEe90nx2... | zTbRDg94LHvMI... | hEXvypWdr3sUU... | HLXzlRZuw4ouj... | gTve6RS4jkci1... | SDVkfUqhlRi4O... | L7RZjPChBdWkI... | Va5kfTINfkU6k... | KjPoqwTgzPznL... | sv13V8rlPIUIb... | 1J47hj0njnyZw... |
+------------------+------------------+------------------+------------------+------------------+------------------+------------------+------------------+------------------+------------------+------------------+------------------+
Total record(s): 1

SQL> update stock set s_quantity=66 where s_i_id=7 and s_w_id=1;

SQL> insert into order_line values (1056, 3, 1, 1, 7, 1, '2026-07-02 16:00:56', 5, 31.875, 'profile-workload');

SQL> select i_price, i_name, i_data from item where i_id=7;
+------------------+------------------+------------------+
|          i_price |           i_name |           i_data |
+------------------+------------------+------------------+
|       720.312012 | QxmrKt4r3jZpe... | y3Ck1ZIsrAEvk... |
+------------------+------------------+------------------+
Total record(s): 1

SQL> commit;

SQL> begin;

SQL> select c_discount, c_last, c_credit, w_tax from customer, warehouse where w_id=1 and c_w_id=w_id and c_d_id=1 and c_id=8;
+------------------+------------------+------------------+------------------+
|       c_discount |           c_last |         c_credit |            w_tax |
+------------------+------------------+------------------+------------------+
|        30.625000 |     BARRBARRCALL |               BC |         0.125000 |
+------------------+------------------+------------------+------------------+
Total record(s): 1

SQL> select d_next_o_id, d_tax from district where d_id=1 and d_w_id=1;
+------------------+------------------+
|      d_next_o_id |            d_tax |
+------------------+------------------+
|             2054 |         0.312500 |
+------------------+------------------+
Total record(s): 1

SQL> update district set d_next_o_id=2057 where d_id=1 and d_w_id=1;

SQL> insert into orders values (1057, 1, 1, 8, '2026-07-02 16:00:57', 0, 5, 1);

SQL> insert into new_orders values (1057, 1, 1);

SQL> select i_price, i_name, i_data from item where i_id=8;
+------------------+------------------+------------------+
|          i_price |           i_name |           i_data |
+------------------+------------------+------------------+
|       299.625000 | LwcuLY4knHB2t... | XbZktjH3bejfU... |
+------------------+------------------+------------------+
Total record(s): 1

SQL> select s_quantity, s_data, s_dist_01, s_dist_02, s_dist_03, s_dist_04, s_dist_05,s_dist_06, s_dist_07, s_dist_08, s_dist_09, s_dist_10 from stock where s_i_id=8 and s_w_id=1;
+------------------+------------------+------------------+------------------+------------------+------------------+------------------+------------------+------------------+------------------+------------------+------------------+
|       s_quantity |           s_data |        s_dist_01 |        s_dist_02 |        s_dist_03 |        s_dist_04 |        s_dist_05 |        s_dist_06 |        s_dist_07 |        s_dist_08 |        s_dist_09 |        s_dist_10 |
+------------------+------------------+------------------+------------------+------------------+------------------+------------------+------------------+------------------+------------------+------------------+------------------+
|               57 | fTXM32U4bVGkz... | avoOS1XdrV51l... | Z9neUMy58l07U... | RNxN3XmFO1BgJ... | VnepNUJvyuw0p... | 6Ag1fw0vNNJKl... | 5uvinGPCep6xe... | ZPxi7QYYnb1fV... | uxA4gBY6UmQkC... | OuEIv3mEhSatH... | vVSJVc8LyoFjs... |
+------------------+------------------+------------------+------------------+------------------+------------------+------------------+------------------+------------------+------------------+------------------+------------------+
Total record(s): 1

SQL> update stock set s_quantity=67 where s_i_id=8 and s_w_id=1;

SQL> insert into order_line values (1057, 1, 1, 1, 8, 1, '2026-07-02 16:00:57', 6, 35.000, 'profile-workload');

SQL> select i_price, i_name, i_data from item where i_id=8;
+------------------+------------------+------------------+
|          i_price |           i_name |           i_data |
+------------------+------------------+------------------+
|       299.625000 | LwcuLY4knHB2t... | XbZktjH3bejfU... |
+------------------+------------------+------------------+
Total record(s): 1

SQL> commit;

SQL> begin;

SQL> select c_discount, c_last, c_credit, w_tax from customer, warehouse where w_id=1 and c_w_id=w_id and c_d_id=2 and c_id=9;
+------------------+------------------+------------------+------------------+
|       c_discount |           c_last |         c_credit |            w_tax |
+------------------+------------------+------------------+------------------+
|        37.500000 |     BARRBARRATIO |               GC |         0.125000 |
+------------------+------------------+------------------+------------------+
Total record(s): 1

SQL> select d_next_o_id, d_tax from district where d_id=2 and d_w_id=1;
+------------------+------------------+
|      d_next_o_id |            d_tax |
+------------------+------------------+
|             2055 |         0.312500 |
+------------------+------------------+
Total record(s): 1

SQL> update district set d_next_o_id=2058 where d_id=2 and d_w_id=1;

SQL> insert into orders values (1058, 2, 1, 9, '2026-07-02 16:00:58', 0, 5, 1);

SQL> insert into new_orders values (1058, 2, 1);

SQL> select i_price, i_name, i_data from item where i_id=9;
+------------------+------------------+------------------+
|          i_price |           i_name |           i_data |
+------------------+------------------+------------------+
|       399.250000 | Uc9L7VYwDlNMH... | SZr0MmdvXoiJp... |
+------------------+------------------+------------------+
Total record(s): 1

SQL> select s_quantity, s_data, s_dist_01, s_dist_02, s_dist_03, s_dist_04, s_dist_05,s_dist_06, s_dist_07, s_dist_08, s_dist_09, s_dist_10 from stock where s_i_id=9 and s_w_id=1;
+------------------+------------------+------------------+------------------+------------------+------------------+------------------+------------------+------------------+------------------+------------------+------------------+
|       s_quantity |           s_data |        s_dist_01 |        s_dist_02 |        s_dist_03 |        s_dist_04 |        s_dist_05 |        s_dist_06 |        s_dist_07 |        s_dist_08 |        s_dist_09 |        s_dist_10 |
+------------------+------------------+------------------+------------------+------------------+------------------+------------------+------------------+------------------+------------------+------------------+------------------+
|               58 | doNfCZ41KD2bA... | YRgh8eIxiFTCf... | urPDGs5lOGRj1... | ndEJXpGXq2Yoo... | TE1gnwxbFgZy3... | S4NfC74qIDvrr... | ZOTOXZq8RwlHX... | T97qM204iWLJs... | 1LPnk4ibiCEMd... | 8j8SPj1oyFkvs... | Oa5enU4CjO0KW... |
+------------------+------------------+------------------+------------------+------------------+------------------+------------------+------------------+------------------+------------------+------------------+------------------+
Total record(s): 1

SQL> update stock set s_quantity=68 where s_i_id=9 and s_w_id=1;

SQL> insert into order_line values (1058, 2, 1, 1, 9, 1, '2026-07-02 16:00:58', 7, 38.125, 'profile-workload');

SQL> select i_price, i_name, i_data from item where i_id=9;
+------------------+------------------+------------------+
|          i_price |           i_name |           i_data |
+------------------+------------------+------------------+
|       399.250000 | Uc9L7VYwDlNMH... | SZr0MmdvXoiJp... |
+------------------+------------------+------------------+
Total record(s): 1

SQL> commit;

SQL> begin;

SQL> select c_discount, c_last, c_credit, w_tax from customer, warehouse where w_id=1 and c_w_id=w_id and c_d_id=3 and c_id=10;
+------------------+------------------+------------------+------------------+
|       c_discount |           c_last |         c_credit |            w_tax |
+------------------+------------------+------------------+------------------+
|        29.625000 |     BARRBARREING |               GC |         0.125000 |
+------------------+------------------+------------------+------------------+
Total record(s): 1

SQL> select d_next_o_id, d_tax from district where d_id=3 and d_w_id=1;
+------------------+------------------+
|      d_next_o_id |            d_tax |
+------------------+------------------+
|             2056 |         0.125000 |
+------------------+------------------+
Total record(s): 1

SQL> update district set d_next_o_id=2059 where d_id=3 and d_w_id=1;

SQL> insert into orders values (1059, 3, 1, 10, '2026-07-02 16:00:59', 0, 5, 1);

SQL> insert into new_orders values (1059, 3, 1);

SQL> select i_price, i_name, i_data from item where i_id=10;
+------------------+------------------+------------------+
|          i_price |           i_name |           i_data |
+------------------+------------------+------------------+
|       309.625000 | GE4lpUDt340SQ... | afXPChY5c62yi... |
+------------------+------------------+------------------+
Total record(s): 1

SQL> select s_quantity, s_data, s_dist_01, s_dist_02, s_dist_03, s_dist_04, s_dist_05,s_dist_06, s_dist_07, s_dist_08, s_dist_09, s_dist_10 from stock where s_i_id=10 and s_w_id=1;
+------------------+------------------+------------------+------------------+------------------+------------------+------------------+------------------+------------------+------------------+------------------+------------------+
|       s_quantity |           s_data |        s_dist_01 |        s_dist_02 |        s_dist_03 |        s_dist_04 |        s_dist_05 |        s_dist_06 |        s_dist_07 |        s_dist_08 |        s_dist_09 |        s_dist_10 |
+------------------+------------------+------------------+------------------+------------------+------------------+------------------+------------------+------------------+------------------+------------------+------------------+
|               59 | gXrIBzRLX1Hrc... | eKrLB8TVHiI44... | ouIyEmeGRGi0o... | c4bwuOWiQjEoV... | Ef2IURhPGXHIb... | thXVk6wG5UMjA... | FaPc4hXpwRqJc... | PPaIGfQ7UgCiR... | B4mpk7r1Oy6Q9... | YctHbb8gqgNVL... | tahmqTg8YteQa... |
+------------------+------------------+------------------+------------------+------------------+------------------+------------------+------------------+------------------+------------------+------------------+------------------+
Total record(s): 1

SQL> update stock set s_quantity=69 where s_i_id=10 and s_w_id=1;

SQL> insert into order_line values (1059, 3, 1, 1, 10, 1, '2026-07-02 16:00:59', 8, 41.250, 'profile-workload');

SQL> select i_price, i_name, i_data from item where i_id=10;
+------------------+------------------+------------------+
|          i_price |           i_name |           i_data |
+------------------+------------------+------------------+
|       309.625000 | GE4lpUDt340SQ... | afXPChY5c62yi... |
+------------------+------------------+------------------+
Total record(s): 1

SQL> commit;

SQL> begin;

SQL> select c_discount, c_last, c_credit, w_tax from customer, warehouse where w_id=1 and c_w_id=w_id and c_d_id=1 and c_id=1;
+------------------+------------------+------------------+------------------+
|       c_discount |           c_last |         c_credit |            w_tax |
+------------------+------------------+------------------+------------------+
|         6.500000 |     BARRBARRBARR |               GC |         0.125000 |
+------------------+------------------+------------------+------------------+
Total record(s): 1

SQL> select d_next_o_id, d_tax from district where d_id=1 and d_w_id=1;
+------------------+------------------+
|      d_next_o_id |            d_tax |
+------------------+------------------+
|             2057 |         0.312500 |
+------------------+------------------+
Total record(s): 1

SQL> update district set d_next_o_id=2060 where d_id=1 and d_w_id=1;

SQL> insert into orders values (1060, 1, 1, 1, '2026-07-02 16:01:00', 0, 5, 1);

SQL> insert into new_orders values (1060, 1, 1);

SQL> select i_price, i_name, i_data from item where i_id=1;
+------------------+------------------+------------------+
|          i_price |           i_name |           i_data |
+------------------+------------------+------------------+
|       387.500000 | em5qY0xbhf7jT... | ODk5NNaYinHCt... |
+------------------+------------------+------------------+
Total record(s): 1

SQL> select s_quantity, s_data, s_dist_01, s_dist_02, s_dist_03, s_dist_04, s_dist_05,s_dist_06, s_dist_07, s_dist_08, s_dist_09, s_dist_10 from stock where s_i_id=1 and s_w_id=1;
+------------------+------------------+------------------+------------------+------------------+------------------+------------------+------------------+------------------+------------------+------------------+------------------+
|       s_quantity |           s_data |        s_dist_01 |        s_dist_02 |        s_dist_03 |        s_dist_04 |        s_dist_05 |        s_dist_06 |        s_dist_07 |        s_dist_08 |        s_dist_09 |        s_dist_10 |
+------------------+------------------+------------------+------------------+------------------+------------------+------------------+------------------+------------------+------------------+------------------+------------------+
|               60 | EX7cPdLs2h5Cu... | BjeZBWGUE2RK9... | Giu0QtJbzMqDz... | x5qwcB5RFQ0PJ... | zBTPV7ZCAdkhp... | QLd5BxVOSe5EO... | L1UjatGc7rn5I... | 4cCGnVcADQNSR... | uwojesfvwKbKk... | 4N8CE0EbYc27l... | jD8imXof2fu84... |
+------------------+------------------+------------------+------------------+------------------+------------------+------------------+------------------+------------------+------------------+------------------+------------------+
Total record(s): 1

SQL> update stock set s_quantity=70 where s_i_id=1 and s_w_id=1;

SQL> insert into order_line values (1060, 1, 1, 1, 1, 1, '2026-07-02 16:01:00', 9, 13.125, 'profile-workload');

SQL> select i_price, i_name, i_data from item where i_id=1;
+------------------+------------------+------------------+
|          i_price |           i_name |           i_data |
+------------------+------------------+------------------+
|       387.500000 | em5qY0xbhf7jT... | ODk5NNaYinHCt... |
+------------------+------------------+------------------+
Total record(s): 1

SQL> commit;

SQL> begin;

SQL> select c_discount, c_last, c_credit, w_tax from customer, warehouse where w_id=1 and c_w_id=w_id and c_d_id=2 and c_id=2;
+------------------+------------------+------------------+------------------+
|       c_discount |           c_last |         c_credit |            w_tax |
+------------------+------------------+------------------+------------------+
|         3.125000 |     BARRBARROUGH |               GC |         0.125000 |
+------------------+------------------+------------------+------------------+
Total record(s): 1

SQL> select d_next_o_id, d_tax from district where d_id=2 and d_w_id=1;
+------------------+------------------+
|      d_next_o_id |            d_tax |
+------------------+------------------+
|             2058 |         0.312500 |
+------------------+------------------+
Total record(s): 1

SQL> update district set d_next_o_id=2061 where d_id=2 and d_w_id=1;

SQL> insert into orders values (1061, 2, 1, 2, '2026-07-02 16:01:01', 0, 5, 1);

SQL> insert into new_orders values (1061, 2, 1);

SQL> select i_price, i_name, i_data from item where i_id=2;
+------------------+------------------+------------------+
|          i_price |           i_name |           i_data |
+------------------+------------------+------------------+
|       376.125000 | MuXfgApP7KW0a... | 3Nb3DgfVu1KJp... |
+------------------+------------------+------------------+
Total record(s): 1

SQL> select s_quantity, s_data, s_dist_01, s_dist_02, s_dist_03, s_dist_04, s_dist_05,s_dist_06, s_dist_07, s_dist_08, s_dist_09, s_dist_10 from stock where s_i_id=2 and s_w_id=1;
+------------------+------------------+------------------+------------------+------------------+------------------+------------------+------------------+------------------+------------------+------------------+------------------+
|       s_quantity |           s_data |        s_dist_01 |        s_dist_02 |        s_dist_03 |        s_dist_04 |        s_dist_05 |        s_dist_06 |        s_dist_07 |        s_dist_08 |        s_dist_09 |        s_dist_10 |
+------------------+------------------+------------------+------------------+------------------+------------------+------------------+------------------+------------------+------------------+------------------+------------------+
|               61 | djOd4utkRfPov... | m5mzVzbMevZr0... | AcexKPCSIqIkI... | dtJHr8L1DGHhZ... | Q4qTTAxg8vItA... | mRVxHKkLJsGt5... | WY35fxzCEpf7J... | NudamqsKcBceN... | t6IWnrmkFgBcF... | 2QcCCffEf0CT8... | X1e603kIsyKdi... |
+------------------+------------------+------------------+------------------+------------------+------------------+------------------+------------------+------------------+------------------+------------------+------------------+
Total record(s): 1

SQL> update stock set s_quantity=71 where s_i_id=2 and s_w_id=1;

SQL> insert into order_line values (1061, 2, 1, 1, 2, 1, '2026-07-02 16:01:01', 10, 16.250, 'profile-workload');

SQL> select i_price, i_name, i_data from item where i_id=2;
+------------------+------------------+------------------+
|          i_price |           i_name |           i_data |
+------------------+------------------+------------------+
|       376.125000 | MuXfgApP7KW0a... | 3Nb3DgfVu1KJp... |
+------------------+------------------+------------------+
Total record(s): 1

SQL> commit;

SQL> begin;

SQL> select c_discount, c_last, c_credit, w_tax from customer, warehouse where w_id=1 and c_w_id=w_id and c_d_id=3 and c_id=3;
+------------------+------------------+------------------+------------------+
|       c_discount |           c_last |         c_credit |            w_tax |
+------------------+------------------+------------------+------------------+
|        10.500000 |     BARRBARRABLE |               BC |         0.125000 |
+------------------+------------------+------------------+------------------+
Total record(s): 1

SQL> select d_next_o_id, d_tax from district where d_id=3 and d_w_id=1;
+------------------+------------------+
|      d_next_o_id |            d_tax |
+------------------+------------------+
|             2059 |         0.125000 |
+------------------+------------------+
Total record(s): 1

SQL> update district set d_next_o_id=2062 where d_id=3 and d_w_id=1;

SQL> insert into orders values (1062, 3, 1, 3, '2026-07-02 16:01:02', 0, 5, 1);

SQL> insert into new_orders values (1062, 3, 1);

SQL> select i_price, i_name, i_data from item where i_id=3;
+------------------+------------------+------------------+
|          i_price |           i_name |           i_data |
+------------------+------------------+------------------+
|       109.311996 | yis0W0gx0pikT... | UNL1LJukAZWN0... |
+------------------+------------------+------------------+
Total record(s): 1

SQL> select s_quantity, s_data, s_dist_01, s_dist_02, s_dist_03, s_dist_04, s_dist_05,s_dist_06, s_dist_07, s_dist_08, s_dist_09, s_dist_10 from stock where s_i_id=3 and s_w_id=1;
+------------------+------------------+------------------+------------------+------------------+------------------+------------------+------------------+------------------+------------------+------------------+------------------+
|       s_quantity |           s_data |        s_dist_01 |        s_dist_02 |        s_dist_03 |        s_dist_04 |        s_dist_05 |        s_dist_06 |        s_dist_07 |        s_dist_08 |        s_dist_09 |        s_dist_10 |
+------------------+------------------+------------------+------------------+------------------+------------------+------------------+------------------+------------------+------------------+------------------+------------------+
|               62 | SW90NeiRcp87f... | PVa7W5l3wRhUk... | sFfSRZQKBjMBa... | 9PDW05BnxMAjj... | WDsQYXpbbflDi... | hhr7RsyaiQF26... | HQZojb6uhrRNn... | s6MwvjHhKyTOl... | 9YGuFFjBiK9br... | Awmc5ENeXc9hp... | j50sXBi3QQyxf... |
+------------------+------------------+------------------+------------------+------------------+------------------+------------------+------------------+------------------+------------------+------------------+------------------+
Total record(s): 1

SQL> update stock set s_quantity=72 where s_i_id=3 and s_w_id=1;

SQL> insert into order_line values (1062, 3, 1, 1, 3, 1, '2026-07-02 16:01:02', 11, 19.375, 'profile-workload');

SQL> select i_price, i_name, i_data from item where i_id=3;
+------------------+------------------+------------------+
|          i_price |           i_name |           i_data |
+------------------+------------------+------------------+
|       109.311996 | yis0W0gx0pikT... | UNL1LJukAZWN0... |
+------------------+------------------+------------------+
Total record(s): 1

SQL> commit;

SQL> begin;

SQL> select c_discount, c_last, c_credit, w_tax from customer, warehouse where w_id=1 and c_w_id=w_id and c_d_id=1 and c_id=4;
+------------------+------------------+------------------+------------------+
|       c_discount |           c_last |         c_credit |            w_tax |
+------------------+------------------+------------------+------------------+
|         9.500000 |     BARRBARRPRII |               GC |         0.125000 |
+------------------+------------------+------------------+------------------+
Total record(s): 1

SQL> select d_next_o_id, d_tax from district where d_id=1 and d_w_id=1;
+------------------+------------------+
|      d_next_o_id |            d_tax |
+------------------+------------------+
|             2060 |         0.312500 |
+------------------+------------------+
Total record(s): 1

SQL> update district set d_next_o_id=2063 where d_id=1 and d_w_id=1;

SQL> insert into orders values (1063, 1, 1, 4, '2026-07-02 16:01:03', 0, 5, 1);

SQL> insert into new_orders values (1063, 1, 1);

SQL> select i_price, i_name, i_data from item where i_id=4;
+------------------+------------------+------------------+
|          i_price |           i_name |           i_data |
+------------------+------------------+------------------+
|       409.625000 | 2ICLCJkJNRA17... | zIA2Qe5D57pOo... |
+------------------+------------------+------------------+
Total record(s): 1

SQL> select s_quantity, s_data, s_dist_01, s_dist_02, s_dist_03, s_dist_04, s_dist_05,s_dist_06, s_dist_07, s_dist_08, s_dist_09, s_dist_10 from stock where s_i_id=4 and s_w_id=1;
+------------------+------------------+------------------+------------------+------------------+------------------+------------------+------------------+------------------+------------------+------------------+------------------+
|       s_quantity |           s_data |        s_dist_01 |        s_dist_02 |        s_dist_03 |        s_dist_04 |        s_dist_05 |        s_dist_06 |        s_dist_07 |        s_dist_08 |        s_dist_09 |        s_dist_10 |
+------------------+------------------+------------------+------------------+------------------+------------------+------------------+------------------+------------------+------------------+------------------+------------------+
|               63 | tNV47N74JTS0h... | KhHDzdMjFV9aK... | FnqtSeXHt27hk... | I98ThwMdZvqRj... | nd0R8CYmCzMIR... | P0unv0aqSuyqM... | TxV4RKJXjWvgb... | 9bwmjHTDXSMgE... | Dbnc8n5QaCQcV... | IC1stRVUGTQfP... | h3hqiiIdNCVgi... |
+------------------+------------------+------------------+------------------+------------------+------------------+------------------+------------------+------------------+------------------+------------------+------------------+
Total record(s): 1

SQL> update stock set s_quantity=73 where s_i_id=4 and s_w_id=1;

SQL> insert into order_line values (1063, 1, 1, 1, 4, 1, '2026-07-02 16:01:03', 5, 22.500, 'profile-workload');

SQL> select i_price, i_name, i_data from item where i_id=4;
+------------------+------------------+------------------+
|          i_price |           i_name |           i_data |
+------------------+------------------+------------------+
|       409.625000 | 2ICLCJkJNRA17... | zIA2Qe5D57pOo... |
+------------------+------------------+------------------+
Total record(s): 1

SQL> commit;

SQL> begin;

SQL> select c_discount, c_last, c_credit, w_tax from customer, warehouse where w_id=1 and c_w_id=w_id and c_d_id=2 and c_id=5;
+------------------+------------------+------------------+------------------+
|       c_discount |           c_last |         c_credit |            w_tax |
+------------------+------------------+------------------+------------------+
|         8.500000 |     BARRBARRPRES |               BC |         0.125000 |
+------------------+------------------+------------------+------------------+
Total record(s): 1

SQL> select d_next_o_id, d_tax from district where d_id=2 and d_w_id=1;
+------------------+------------------+
|      d_next_o_id |            d_tax |
+------------------+------------------+
|             2061 |         0.312500 |
+------------------+------------------+
Total record(s): 1

SQL> update district set d_next_o_id=2064 where d_id=2 and d_w_id=1;

SQL> insert into orders values (1064, 2, 1, 5, '2026-07-02 16:01:04', 0, 5, 1);

SQL> insert into new_orders values (1064, 2, 1);

SQL> select i_price, i_name, i_data from item where i_id=5;
+------------------+------------------+------------------+
|          i_price |           i_name |           i_data |
+------------------+------------------+------------------+
|       275.312012 | RZk5jvuYMBSuu... | E0i7Tq7lKSEXP... |
+------------------+------------------+------------------+
Total record(s): 1

SQL> select s_quantity, s_data, s_dist_01, s_dist_02, s_dist_03, s_dist_04, s_dist_05,s_dist_06, s_dist_07, s_dist_08, s_dist_09, s_dist_10 from stock where s_i_id=5 and s_w_id=1;
+------------------+------------------+------------------+------------------+------------------+------------------+------------------+------------------+------------------+------------------+------------------+------------------+
|       s_quantity |           s_data |        s_dist_01 |        s_dist_02 |        s_dist_03 |        s_dist_04 |        s_dist_05 |        s_dist_06 |        s_dist_07 |        s_dist_08 |        s_dist_09 |        s_dist_10 |
+------------------+------------------+------------------+------------------+------------------+------------------+------------------+------------------+------------------+------------------+------------------+------------------+
|               64 | QYFsfK67qSSgD... | EyhdR4M4INXc6... | 3Sh5C1zBCE369... | DAVOmriOquWjn... | st8NpeFRSxXqV... | pbI8Bu5iafeZi... | RqerpGCSIGjUk... | 1qfNqV5BGwDCX... | OxRydX1ZaUo5g... | Q2zzmel4OIYR1... | 4bPmuMOwkfNJh... |
+------------------+------------------+------------------+------------------+------------------+------------------+------------------+------------------+------------------+------------------+------------------+------------------+
Total record(s): 1

SQL> update stock set s_quantity=74 where s_i_id=5 and s_w_id=1;

SQL> insert into order_line values (1064, 2, 1, 1, 5, 1, '2026-07-02 16:01:04', 6, 25.625, 'profile-workload');

SQL> select i_price, i_name, i_data from item where i_id=5;
+------------------+------------------+------------------+
|          i_price |           i_name |           i_data |
+------------------+------------------+------------------+
|       275.312012 | RZk5jvuYMBSuu... | E0i7Tq7lKSEXP... |
+------------------+------------------+------------------+
Total record(s): 1

SQL> commit;

SQL> begin;

SQL> select c_discount, c_last, c_credit, w_tax from customer, warehouse where w_id=1 and c_w_id=w_id and c_d_id=3 and c_id=6;
+------------------+------------------+------------------+------------------+
|       c_discount |           c_last |         c_credit |            w_tax |
+------------------+------------------+------------------+------------------+
|        23.500000 |     BARRBARRESEE |               BC |         0.125000 |
+------------------+------------------+------------------+------------------+
Total record(s): 1

SQL> select d_next_o_id, d_tax from district where d_id=3 and d_w_id=1;
+------------------+------------------+
|      d_next_o_id |            d_tax |
+------------------+------------------+
|             2062 |         0.125000 |
+------------------+------------------+
Total record(s): 1

SQL> update district set d_next_o_id=2065 where d_id=3 and d_w_id=1;

SQL> insert into orders values (1065, 3, 1, 6, '2026-07-02 16:01:05', 0, 5, 1);

SQL> insert into new_orders values (1065, 3, 1);

SQL> select i_price, i_name, i_data from item where i_id=6;
+------------------+------------------+------------------+
|          i_price |           i_name |           i_data |
+------------------+------------------+------------------+
|       246.625000 | XtAQYtNGlLC4W... | 475hhQJ8nAwFl... |
+------------------+------------------+------------------+
Total record(s): 1

SQL> select s_quantity, s_data, s_dist_01, s_dist_02, s_dist_03, s_dist_04, s_dist_05,s_dist_06, s_dist_07, s_dist_08, s_dist_09, s_dist_10 from stock where s_i_id=6 and s_w_id=1;
+------------------+------------------+------------------+------------------+------------------+------------------+------------------+------------------+------------------+------------------+------------------+------------------+
|       s_quantity |           s_data |        s_dist_01 |        s_dist_02 |        s_dist_03 |        s_dist_04 |        s_dist_05 |        s_dist_06 |        s_dist_07 |        s_dist_08 |        s_dist_09 |        s_dist_10 |
+------------------+------------------+------------------+------------------+------------------+------------------+------------------+------------------+------------------+------------------+------------------+------------------+
|               65 | 50jyi1h54GEtG... | OiK6a8H0lcdcd... | bwDwD4rTKeogY... | Xl7GYWRXWgP4A... | PBVwrhpwmVg50... | jqmZw3n5jFQMf... | hkMdmhQFGYsCj... | oS4oJdUIVsMEn... | 2DiVDJPAjAJpW... | t8sFA3u5UUTXk... | BU2YsWQVdREKm... |
+------------------+------------------+------------------+------------------+------------------+------------------+------------------+------------------+------------------+------------------+------------------+------------------+
Total record(s): 1

SQL> update stock set s_quantity=75 where s_i_id=6 and s_w_id=1;

SQL> insert into order_line values (1065, 3, 1, 1, 6, 1, '2026-07-02 16:01:05', 7, 28.750, 'profile-workload');

SQL> select i_price, i_name, i_data from item where i_id=6;
+------------------+------------------+------------------+
|          i_price |           i_name |           i_data |
+------------------+------------------+------------------+
|       246.625000 | XtAQYtNGlLC4W... | 475hhQJ8nAwFl... |
+------------------+------------------+------------------+
Total record(s): 1

SQL> commit;

SQL> begin;

SQL> select c_discount, c_last, c_credit, w_tax from customer, warehouse where w_id=1 and c_w_id=w_id and c_d_id=1 and c_id=7;
+------------------+------------------+------------------+------------------+
|       c_discount |           c_last |         c_credit |            w_tax |
+------------------+------------------+------------------+------------------+
|        41.312500 |     BARRBARRANTI |               BC |         0.125000 |
+------------------+------------------+------------------+------------------+
Total record(s): 1

SQL> select d_next_o_id, d_tax from district where d_id=1 and d_w_id=1;
+------------------+------------------+
|      d_next_o_id |            d_tax |
+------------------+------------------+
|             2063 |         0.312500 |
+------------------+------------------+
Total record(s): 1

SQL> update district set d_next_o_id=2066 where d_id=1 and d_w_id=1;

SQL> insert into orders values (1066, 1, 1, 7, '2026-07-02 16:01:06', 0, 5, 1);

SQL> insert into new_orders values (1066, 1, 1);

SQL> select i_price, i_name, i_data from item where i_id=7;
+------------------+------------------+------------------+
|          i_price |           i_name |           i_data |
+------------------+------------------+------------------+
|       720.312012 | QxmrKt4r3jZpe... | y3Ck1ZIsrAEvk... |
+------------------+------------------+------------------+
Total record(s): 1

SQL> select s_quantity, s_data, s_dist_01, s_dist_02, s_dist_03, s_dist_04, s_dist_05,s_dist_06, s_dist_07, s_dist_08, s_dist_09, s_dist_10 from stock where s_i_id=7 and s_w_id=1;
+------------------+------------------+------------------+------------------+------------------+------------------+------------------+------------------+------------------+------------------+------------------+------------------+
|       s_quantity |           s_data |        s_dist_01 |        s_dist_02 |        s_dist_03 |        s_dist_04 |        s_dist_05 |        s_dist_06 |        s_dist_07 |        s_dist_08 |        s_dist_09 |        s_dist_10 |
+------------------+------------------+------------------+------------------+------------------+------------------+------------------+------------------+------------------+------------------+------------------+------------------+
|               66 | 6TR82uEe90nx2... | zTbRDg94LHvMI... | hEXvypWdr3sUU... | HLXzlRZuw4ouj... | gTve6RS4jkci1... | SDVkfUqhlRi4O... | L7RZjPChBdWkI... | Va5kfTINfkU6k... | KjPoqwTgzPznL... | sv13V8rlPIUIb... | 1J47hj0njnyZw... |
+------------------+------------------+------------------+------------------+------------------+------------------+------------------+------------------+------------------+------------------+------------------+------------------+
Total record(s): 1

SQL> update stock set s_quantity=76 where s_i_id=7 and s_w_id=1;

SQL> insert into order_line values (1066, 1, 1, 1, 7, 1, '2026-07-02 16:01:06', 8, 31.875, 'profile-workload');

SQL> select i_price, i_name, i_data from item where i_id=7;
+------------------+------------------+------------------+
|          i_price |           i_name |           i_data |
+------------------+------------------+------------------+
|       720.312012 | QxmrKt4r3jZpe... | y3Ck1ZIsrAEvk... |
+------------------+------------------+------------------+
Total record(s): 1

SQL> commit;

SQL> begin;

SQL> select c_discount, c_last, c_credit, w_tax from customer, warehouse where w_id=1 and c_w_id=w_id and c_d_id=2 and c_id=8;
+------------------+------------------+------------------+------------------+
|       c_discount |           c_last |         c_credit |            w_tax |
+------------------+------------------+------------------+------------------+
|        24.312500 |     BARRBARRCALL |               BC |         0.125000 |
+------------------+------------------+------------------+------------------+
Total record(s): 1

SQL> select d_next_o_id, d_tax from district where d_id=2 and d_w_id=1;
+------------------+------------------+
|      d_next_o_id |            d_tax |
+------------------+------------------+
|             2064 |         0.312500 |
+------------------+------------------+
Total record(s): 1

SQL> update district set d_next_o_id=2067 where d_id=2 and d_w_id=1;

SQL> insert into orders values (1067, 2, 1, 8, '2026-07-02 16:01:07', 0, 5, 1);

SQL> insert into new_orders values (1067, 2, 1);

SQL> select i_price, i_name, i_data from item where i_id=8;
+------------------+------------------+------------------+
|          i_price |           i_name |           i_data |
+------------------+------------------+------------------+
|       299.625000 | LwcuLY4knHB2t... | XbZktjH3bejfU... |
+------------------+------------------+------------------+
Total record(s): 1

SQL> select s_quantity, s_data, s_dist_01, s_dist_02, s_dist_03, s_dist_04, s_dist_05,s_dist_06, s_dist_07, s_dist_08, s_dist_09, s_dist_10 from stock where s_i_id=8 and s_w_id=1;
+------------------+------------------+------------------+------------------+------------------+------------------+------------------+------------------+------------------+------------------+------------------+------------------+
|       s_quantity |           s_data |        s_dist_01 |        s_dist_02 |        s_dist_03 |        s_dist_04 |        s_dist_05 |        s_dist_06 |        s_dist_07 |        s_dist_08 |        s_dist_09 |        s_dist_10 |
+------------------+------------------+------------------+------------------+------------------+------------------+------------------+------------------+------------------+------------------+------------------+------------------+
|               67 | fTXM32U4bVGkz... | avoOS1XdrV51l... | Z9neUMy58l07U... | RNxN3XmFO1BgJ... | VnepNUJvyuw0p... | 6Ag1fw0vNNJKl... | 5uvinGPCep6xe... | ZPxi7QYYnb1fV... | uxA4gBY6UmQkC... | OuEIv3mEhSatH... | vVSJVc8LyoFjs... |
+------------------+------------------+------------------+------------------+------------------+------------------+------------------+------------------+------------------+------------------+------------------+------------------+
Total record(s): 1

SQL> update stock set s_quantity=77 where s_i_id=8 and s_w_id=1;

SQL> insert into order_line values (1067, 2, 1, 1, 8, 1, '2026-07-02 16:01:07', 9, 35.000, 'profile-workload');

SQL> select i_price, i_name, i_data from item where i_id=8;
+------------------+------------------+------------------+
|          i_price |           i_name |           i_data |
+------------------+------------------+------------------+
|       299.625000 | LwcuLY4knHB2t... | XbZktjH3bejfU... |
+------------------+------------------+------------------+
Total record(s): 1

SQL> commit;

SQL> begin;

SQL> select c_discount, c_last, c_credit, w_tax from customer, warehouse where w_id=1 and c_w_id=w_id and c_d_id=3 and c_id=9;
+------------------+------------------+------------------+------------------+
|       c_discount |           c_last |         c_credit |            w_tax |
+------------------+------------------+------------------+------------------+
|        35.125000 |     BARRBARRATIO |               GC |         0.125000 |
+------------------+------------------+------------------+------------------+
Total record(s): 1

SQL> select d_next_o_id, d_tax from district where d_id=3 and d_w_id=1;
+------------------+------------------+
|      d_next_o_id |            d_tax |
+------------------+------------------+
|             2065 |         0.125000 |
+------------------+------------------+
Total record(s): 1

SQL> update district set d_next_o_id=2068 where d_id=3 and d_w_id=1;

SQL> insert into orders values (1068, 3, 1, 9, '2026-07-02 16:01:08', 0, 5, 1);

SQL> insert into new_orders values (1068, 3, 1);

SQL> select i_price, i_name, i_data from item where i_id=9;
+------------------+------------------+------------------+
|          i_price |           i_name |           i_data |
+------------------+------------------+------------------+
|       399.250000 | Uc9L7VYwDlNMH... | SZr0MmdvXoiJp... |
+------------------+------------------+------------------+
Total record(s): 1

SQL> select s_quantity, s_data, s_dist_01, s_dist_02, s_dist_03, s_dist_04, s_dist_05,s_dist_06, s_dist_07, s_dist_08, s_dist_09, s_dist_10 from stock where s_i_id=9 and s_w_id=1;
+------------------+------------------+------------------+------------------+------------------+------------------+------------------+------------------+------------------+------------------+------------------+------------------+
|       s_quantity |           s_data |        s_dist_01 |        s_dist_02 |        s_dist_03 |        s_dist_04 |        s_dist_05 |        s_dist_06 |        s_dist_07 |        s_dist_08 |        s_dist_09 |        s_dist_10 |
+------------------+------------------+------------------+------------------+------------------+------------------+------------------+------------------+------------------+------------------+------------------+------------------+
|               68 | doNfCZ41KD2bA... | YRgh8eIxiFTCf... | urPDGs5lOGRj1... | ndEJXpGXq2Yoo... | TE1gnwxbFgZy3... | S4NfC74qIDvrr... | ZOTOXZq8RwlHX... | T97qM204iWLJs... | 1LPnk4ibiCEMd... | 8j8SPj1oyFkvs... | Oa5enU4CjO0KW... |
+------------------+------------------+------------------+------------------+------------------+------------------+------------------+------------------+------------------+------------------+------------------+------------------+
Total record(s): 1

SQL> update stock set s_quantity=78 where s_i_id=9 and s_w_id=1;

SQL> insert into order_line values (1068, 3, 1, 1, 9, 1, '2026-07-02 16:01:08', 10, 38.125, 'profile-workload');

SQL> select i_price, i_name, i_data from item where i_id=9;
+------------------+------------------+------------------+
|          i_price |           i_name |           i_data |
+------------------+------------------+------------------+
|       399.250000 | Uc9L7VYwDlNMH... | SZr0MmdvXoiJp... |
+------------------+------------------+------------------+
Total record(s): 1

SQL> commit;

SQL> begin;

SQL> select c_discount, c_last, c_credit, w_tax from customer, warehouse where w_id=1 and c_w_id=w_id and c_d_id=1 and c_id=10;
+------------------+------------------+------------------+------------------+
|       c_discount |           c_last |         c_credit |            w_tax |
+------------------+------------------+------------------+------------------+
|        25.125000 |     BARRBARREING |               GC |         0.125000 |
+------------------+------------------+------------------+------------------+
Total record(s): 1

SQL> select d_next_o_id, d_tax from district where d_id=1 and d_w_id=1;
+------------------+------------------+
|      d_next_o_id |            d_tax |
+------------------+------------------+
|             2066 |         0.312500 |
+------------------+------------------+
Total record(s): 1

SQL> update district set d_next_o_id=2069 where d_id=1 and d_w_id=1;

SQL> insert into orders values (1069, 1, 1, 10, '2026-07-02 16:01:09', 0, 5, 1);

SQL> insert into new_orders values (1069, 1, 1);

SQL> select i_price, i_name, i_data from item where i_id=10;
+------------------+------------------+------------------+
|          i_price |           i_name |           i_data |
+------------------+------------------+------------------+
|       309.625000 | GE4lpUDt340SQ... | afXPChY5c62yi... |
+------------------+------------------+------------------+
Total record(s): 1

SQL> select s_quantity, s_data, s_dist_01, s_dist_02, s_dist_03, s_dist_04, s_dist_05,s_dist_06, s_dist_07, s_dist_08, s_dist_09, s_dist_10 from stock where s_i_id=10 and s_w_id=1;
+------------------+------------------+------------------+------------------+------------------+------------------+------------------+------------------+------------------+------------------+------------------+------------------+
|       s_quantity |           s_data |        s_dist_01 |        s_dist_02 |        s_dist_03 |        s_dist_04 |        s_dist_05 |        s_dist_06 |        s_dist_07 |        s_dist_08 |        s_dist_09 |        s_dist_10 |
+------------------+------------------+------------------+------------------+------------------+------------------+------------------+------------------+------------------+------------------+------------------+------------------+
|               69 | gXrIBzRLX1Hrc... | eKrLB8TVHiI44... | ouIyEmeGRGi0o... | c4bwuOWiQjEoV... | Ef2IURhPGXHIb... | thXVk6wG5UMjA... | FaPc4hXpwRqJc... | PPaIGfQ7UgCiR... | B4mpk7r1Oy6Q9... | YctHbb8gqgNVL... | tahmqTg8YteQa... |
+------------------+------------------+------------------+------------------+------------------+------------------+------------------+------------------+------------------+------------------+------------------+------------------+
Total record(s): 1

SQL> update stock set s_quantity=79 where s_i_id=10 and s_w_id=1;

SQL> insert into order_line values (1069, 1, 1, 1, 10, 1, '2026-07-02 16:01:09', 11, 41.250, 'profile-workload');

SQL> select i_price, i_name, i_data from item where i_id=10;
+------------------+------------------+------------------+
|          i_price |           i_name |           i_data |
+------------------+------------------+------------------+
|       309.625000 | GE4lpUDt340SQ... | afXPChY5c62yi... |
+------------------+------------------+------------------+
Total record(s): 1

SQL> commit;

SQL> begin;

SQL> select c_discount, c_last, c_credit, w_tax from customer, warehouse where w_id=1 and c_w_id=w_id and c_d_id=2 and c_id=1;
+------------------+------------------+------------------+------------------+
|       c_discount |           c_last |         c_credit |            w_tax |
+------------------+------------------+------------------+------------------+
|        26.250000 |     BARRBARRBARR |               GC |         0.125000 |
+------------------+------------------+------------------+------------------+
Total record(s): 1

SQL> select d_next_o_id, d_tax from district where d_id=2 and d_w_id=1;
+------------------+------------------+
|      d_next_o_id |            d_tax |
+------------------+------------------+
|             2067 |         0.312500 |
+------------------+------------------+
Total record(s): 1

SQL> update district set d_next_o_id=2070 where d_id=2 and d_w_id=1;

SQL> insert into orders values (1070, 2, 1, 1, '2026-07-02 16:01:10', 0, 5, 1);

SQL> insert into new_orders values (1070, 2, 1);

SQL> select i_price, i_name, i_data from item where i_id=1;
+------------------+------------------+------------------+
|          i_price |           i_name |           i_data |
+------------------+------------------+------------------+
|       387.500000 | em5qY0xbhf7jT... | ODk5NNaYinHCt... |
+------------------+------------------+------------------+
Total record(s): 1

SQL> select s_quantity, s_data, s_dist_01, s_dist_02, s_dist_03, s_dist_04, s_dist_05,s_dist_06, s_dist_07, s_dist_08, s_dist_09, s_dist_10 from stock where s_i_id=1 and s_w_id=1;
+------------------+------------------+------------------+------------------+------------------+------------------+------------------+------------------+------------------+------------------+------------------+------------------+
|       s_quantity |           s_data |        s_dist_01 |        s_dist_02 |        s_dist_03 |        s_dist_04 |        s_dist_05 |        s_dist_06 |        s_dist_07 |        s_dist_08 |        s_dist_09 |        s_dist_10 |
+------------------+------------------+------------------+------------------+------------------+------------------+------------------+------------------+------------------+------------------+------------------+------------------+
|               70 | EX7cPdLs2h5Cu... | BjeZBWGUE2RK9... | Giu0QtJbzMqDz... | x5qwcB5RFQ0PJ... | zBTPV7ZCAdkhp... | QLd5BxVOSe5EO... | L1UjatGc7rn5I... | 4cCGnVcADQNSR... | uwojesfvwKbKk... | 4N8CE0EbYc27l... | jD8imXof2fu84... |
+------------------+------------------+------------------+------------------+------------------+------------------+------------------+------------------+------------------+------------------+------------------+------------------+
Total record(s): 1

SQL> update stock set s_quantity=10 where s_i_id=1 and s_w_id=1;

SQL> insert into order_line values (1070, 2, 1, 1, 1, 1, '2026-07-02 16:01:10', 5, 13.125, 'profile-workload');

SQL> select i_price, i_name, i_data from item where i_id=1;
+------------------+------------------+------------------+
|          i_price |           i_name |           i_data |
+------------------+------------------+------------------+
|       387.500000 | em5qY0xbhf7jT... | ODk5NNaYinHCt... |
+------------------+------------------+------------------+
Total record(s): 1

SQL> commit;

SQL> begin;

SQL> select c_discount, c_last, c_credit, w_tax from customer, warehouse where w_id=1 and c_w_id=w_id and c_d_id=3 and c_id=2;
+------------------+------------------+------------------+------------------+
|       c_discount |           c_last |         c_credit |            w_tax |
+------------------+------------------+------------------+------------------+
|        31.250000 |     BARRBARROUGH |               BC |         0.125000 |
+------------------+------------------+------------------+------------------+
Total record(s): 1

SQL> select d_next_o_id, d_tax from district where d_id=3 and d_w_id=1;
+------------------+------------------+
|      d_next_o_id |            d_tax |
+------------------+------------------+
|             2068 |         0.125000 |
+------------------+------------------+
Total record(s): 1

SQL> update district set d_next_o_id=2071 where d_id=3 and d_w_id=1;

SQL> insert into orders values (1071, 3, 1, 2, '2026-07-02 16:01:11', 0, 5, 1);

SQL> insert into new_orders values (1071, 3, 1);

SQL> select i_price, i_name, i_data from item where i_id=2;
+------------------+------------------+------------------+
|          i_price |           i_name |           i_data |
+------------------+------------------+------------------+
|       376.125000 | MuXfgApP7KW0a... | 3Nb3DgfVu1KJp... |
+------------------+------------------+------------------+
Total record(s): 1

SQL> select s_quantity, s_data, s_dist_01, s_dist_02, s_dist_03, s_dist_04, s_dist_05,s_dist_06, s_dist_07, s_dist_08, s_dist_09, s_dist_10 from stock where s_i_id=2 and s_w_id=1;
+------------------+------------------+------------------+------------------+------------------+------------------+------------------+------------------+------------------+------------------+------------------+------------------+
|       s_quantity |           s_data |        s_dist_01 |        s_dist_02 |        s_dist_03 |        s_dist_04 |        s_dist_05 |        s_dist_06 |        s_dist_07 |        s_dist_08 |        s_dist_09 |        s_dist_10 |
+------------------+------------------+------------------+------------------+------------------+------------------+------------------+------------------+------------------+------------------+------------------+------------------+
|               71 | djOd4utkRfPov... | m5mzVzbMevZr0... | AcexKPCSIqIkI... | dtJHr8L1DGHhZ... | Q4qTTAxg8vItA... | mRVxHKkLJsGt5... | WY35fxzCEpf7J... | NudamqsKcBceN... | t6IWnrmkFgBcF... | 2QcCCffEf0CT8... | X1e603kIsyKdi... |
+------------------+------------------+------------------+------------------+------------------+------------------+------------------+------------------+------------------+------------------+------------------+------------------+
Total record(s): 1

SQL> update stock set s_quantity=11 where s_i_id=2 and s_w_id=1;

SQL> insert into order_line values (1071, 3, 1, 1, 2, 1, '2026-07-02 16:01:11', 6, 16.250, 'profile-workload');

SQL> select i_price, i_name, i_data from item where i_id=2;
+------------------+------------------+------------------+
|          i_price |           i_name |           i_data |
+------------------+------------------+------------------+
|       376.125000 | MuXfgApP7KW0a... | 3Nb3DgfVu1KJp... |
+------------------+------------------+------------------+
Total record(s): 1

SQL> commit;

SQL> begin;

SQL> select c_discount, c_last, c_credit, w_tax from customer, warehouse where w_id=1 and c_w_id=w_id and c_d_id=1 and c_id=3;
+------------------+------------------+------------------+------------------+
|       c_discount |           c_last |         c_credit |            w_tax |
+------------------+------------------+------------------+------------------+
|         6.125000 |     BARRBARRABLE |               BC |         0.125000 |
+------------------+------------------+------------------+------------------+
Total record(s): 1

SQL> select d_next_o_id, d_tax from district where d_id=1 and d_w_id=1;
+------------------+------------------+
|      d_next_o_id |            d_tax |
+------------------+------------------+
|             2069 |         0.312500 |
+------------------+------------------+
Total record(s): 1

SQL> update district set d_next_o_id=2072 where d_id=1 and d_w_id=1;

SQL> insert into orders values (1072, 1, 1, 3, '2026-07-02 16:01:12', 0, 5, 1);

SQL> insert into new_orders values (1072, 1, 1);

SQL> select i_price, i_name, i_data from item where i_id=3;
+------------------+------------------+------------------+
|          i_price |           i_name |           i_data |
+------------------+------------------+------------------+
|       109.311996 | yis0W0gx0pikT... | UNL1LJukAZWN0... |
+------------------+------------------+------------------+
Total record(s): 1

SQL> select s_quantity, s_data, s_dist_01, s_dist_02, s_dist_03, s_dist_04, s_dist_05,s_dist_06, s_dist_07, s_dist_08, s_dist_09, s_dist_10 from stock where s_i_id=3 and s_w_id=1;
+------------------+------------------+------------------+------------------+------------------+------------------+------------------+------------------+------------------+------------------+------------------+------------------+
|       s_quantity |           s_data |        s_dist_01 |        s_dist_02 |        s_dist_03 |        s_dist_04 |        s_dist_05 |        s_dist_06 |        s_dist_07 |        s_dist_08 |        s_dist_09 |        s_dist_10 |
+------------------+------------------+------------------+------------------+------------------+------------------+------------------+------------------+------------------+------------------+------------------+------------------+
|               72 | SW90NeiRcp87f... | PVa7W5l3wRhUk... | sFfSRZQKBjMBa... | 9PDW05BnxMAjj... | WDsQYXpbbflDi... | hhr7RsyaiQF26... | HQZojb6uhrRNn... | s6MwvjHhKyTOl... | 9YGuFFjBiK9br... | Awmc5ENeXc9hp... | j50sXBi3QQyxf... |
+------------------+------------------+------------------+------------------+------------------+------------------+------------------+------------------+------------------+------------------+------------------+------------------+
Total record(s): 1

SQL> update stock set s_quantity=12 where s_i_id=3 and s_w_id=1;

SQL> insert into order_line values (1072, 1, 1, 1, 3, 1, '2026-07-02 16:01:12', 7, 19.375, 'profile-workload');

SQL> select i_price, i_name, i_data from item where i_id=3;
+------------------+------------------+------------------+
|          i_price |           i_name |           i_data |
+------------------+------------------+------------------+
|       109.311996 | yis0W0gx0pikT... | UNL1LJukAZWN0... |
+------------------+------------------+------------------+
Total record(s): 1

SQL> commit;

SQL> begin;

SQL> select c_discount, c_last, c_credit, w_tax from customer, warehouse where w_id=1 and c_w_id=w_id and c_d_id=2 and c_id=4;
+------------------+------------------+------------------+------------------+
|       c_discount |           c_last |         c_credit |            w_tax |
+------------------+------------------+------------------+------------------+
|         2.625000 |     BARRBARRPRII |               BC |         0.125000 |
+------------------+------------------+------------------+------------------+
Total record(s): 1

SQL> select d_next_o_id, d_tax from district where d_id=2 and d_w_id=1;
+------------------+------------------+
|      d_next_o_id |            d_tax |
+------------------+------------------+
|             2070 |         0.312500 |
+------------------+------------------+
Total record(s): 1

SQL> update district set d_next_o_id=2073 where d_id=2 and d_w_id=1;

SQL> insert into orders values (1073, 2, 1, 4, '2026-07-02 16:01:13', 0, 5, 1);

SQL> insert into new_orders values (1073, 2, 1);

SQL> select i_price, i_name, i_data from item where i_id=4;
+------------------+------------------+------------------+
|          i_price |           i_name |           i_data |
+------------------+------------------+------------------+
|       409.625000 | 2ICLCJkJNRA17... | zIA2Qe5D57pOo... |
+------------------+------------------+------------------+
Total record(s): 1

SQL> select s_quantity, s_data, s_dist_01, s_dist_02, s_dist_03, s_dist_04, s_dist_05,s_dist_06, s_dist_07, s_dist_08, s_dist_09, s_dist_10 from stock where s_i_id=4 and s_w_id=1;
+------------------+------------------+------------------+------------------+------------------+------------------+------------------+------------------+------------------+------------------+------------------+------------------+
|       s_quantity |           s_data |        s_dist_01 |        s_dist_02 |        s_dist_03 |        s_dist_04 |        s_dist_05 |        s_dist_06 |        s_dist_07 |        s_dist_08 |        s_dist_09 |        s_dist_10 |
+------------------+------------------+------------------+------------------+------------------+------------------+------------------+------------------+------------------+------------------+------------------+------------------+
|               73 | tNV47N74JTS0h... | KhHDzdMjFV9aK... | FnqtSeXHt27hk... | I98ThwMdZvqRj... | nd0R8CYmCzMIR... | P0unv0aqSuyqM... | TxV4RKJXjWvgb... | 9bwmjHTDXSMgE... | Dbnc8n5QaCQcV... | IC1stRVUGTQfP... | h3hqiiIdNCVgi... |
+------------------+------------------+------------------+------------------+------------------+------------------+------------------+------------------+------------------+------------------+------------------+------------------+
Total record(s): 1

SQL> update stock set s_quantity=13 where s_i_id=4 and s_w_id=1;

SQL> insert into order_line values (1073, 2, 1, 1, 4, 1, '2026-07-02 16:01:13', 8, 22.500, 'profile-workload');

SQL> select i_price, i_name, i_data from item where i_id=4;
+------------------+------------------+------------------+
|          i_price |           i_name |           i_data |
+------------------+------------------+------------------+
|       409.625000 | 2ICLCJkJNRA17... | zIA2Qe5D57pOo... |
+------------------+------------------+------------------+
Total record(s): 1

SQL> commit;

SQL> begin;

SQL> select c_discount, c_last, c_credit, w_tax from customer, warehouse where w_id=1 and c_w_id=w_id and c_d_id=3 and c_id=5;
+------------------+------------------+------------------+------------------+
|       c_discount |           c_last |         c_credit |            w_tax |
+------------------+------------------+------------------+------------------+
|        13.500000 |     BARRBARRPRES |               GC |         0.125000 |
+------------------+------------------+------------------+------------------+
Total record(s): 1

SQL> select d_next_o_id, d_tax from district where d_id=3 and d_w_id=1;
+------------------+------------------+
|      d_next_o_id |            d_tax |
+------------------+------------------+
|             2071 |         0.125000 |
+------------------+------------------+
Total record(s): 1

SQL> update district set d_next_o_id=2074 where d_id=3 and d_w_id=1;

SQL> insert into orders values (1074, 3, 1, 5, '2026-07-02 16:01:14', 0, 5, 1);

SQL> insert into new_orders values (1074, 3, 1);

SQL> select i_price, i_name, i_data from item where i_id=5;
+------------------+------------------+------------------+
|          i_price |           i_name |           i_data |
+------------------+------------------+------------------+
|       275.312012 | RZk5jvuYMBSuu... | E0i7Tq7lKSEXP... |
+------------------+------------------+------------------+
Total record(s): 1

SQL> select s_quantity, s_data, s_dist_01, s_dist_02, s_dist_03, s_dist_04, s_dist_05,s_dist_06, s_dist_07, s_dist_08, s_dist_09, s_dist_10 from stock where s_i_id=5 and s_w_id=1;
+------------------+------------------+------------------+------------------+------------------+------------------+------------------+------------------+------------------+------------------+------------------+------------------+
|       s_quantity |           s_data |        s_dist_01 |        s_dist_02 |        s_dist_03 |        s_dist_04 |        s_dist_05 |        s_dist_06 |        s_dist_07 |        s_dist_08 |        s_dist_09 |        s_dist_10 |
+------------------+------------------+------------------+------------------+------------------+------------------+------------------+------------------+------------------+------------------+------------------+------------------+
|               74 | QYFsfK67qSSgD... | EyhdR4M4INXc6... | 3Sh5C1zBCE369... | DAVOmriOquWjn... | st8NpeFRSxXqV... | pbI8Bu5iafeZi... | RqerpGCSIGjUk... | 1qfNqV5BGwDCX... | OxRydX1ZaUo5g... | Q2zzmel4OIYR1... | 4bPmuMOwkfNJh... |
+------------------+------------------+------------------+------------------+------------------+------------------+------------------+------------------+------------------+------------------+------------------+------------------+
Total record(s): 1

SQL> update stock set s_quantity=14 where s_i_id=5 and s_w_id=1;

SQL> insert into order_line values (1074, 3, 1, 1, 5, 1, '2026-07-02 16:01:14', 9, 25.625, 'profile-workload');

SQL> select i_price, i_name, i_data from item where i_id=5;
+------------------+------------------+------------------+
|          i_price |           i_name |           i_data |
+------------------+------------------+------------------+
|       275.312012 | RZk5jvuYMBSuu... | E0i7Tq7lKSEXP... |
+------------------+------------------+------------------+
Total record(s): 1

SQL> commit;

SQL> begin;

SQL> select c_discount, c_last, c_credit, w_tax from customer, warehouse where w_id=1 and c_w_id=w_id and c_d_id=1 and c_id=6;
+------------------+------------------+------------------+------------------+
|       c_discount |           c_last |         c_credit |            w_tax |
+------------------+------------------+------------------+------------------+
|        42.500000 |     BARRBARRESEE |               GC |         0.125000 |
+------------------+------------------+------------------+------------------+
Total record(s): 1

SQL> select d_next_o_id, d_tax from district where d_id=1 and d_w_id=1;
+------------------+------------------+
|      d_next_o_id |            d_tax |
+------------------+------------------+
|             2072 |         0.312500 |
+------------------+------------------+
Total record(s): 1

SQL> update district set d_next_o_id=2075 where d_id=1 and d_w_id=1;

SQL> insert into orders values (1075, 1, 1, 6, '2026-07-02 16:01:15', 0, 5, 1);

SQL> insert into new_orders values (1075, 1, 1);

SQL> select i_price, i_name, i_data from item where i_id=6;
+------------------+------------------+------------------+
|          i_price |           i_name |           i_data |
+------------------+------------------+------------------+
|       246.625000 | XtAQYtNGlLC4W... | 475hhQJ8nAwFl... |
+------------------+------------------+------------------+
Total record(s): 1

SQL> select s_quantity, s_data, s_dist_01, s_dist_02, s_dist_03, s_dist_04, s_dist_05,s_dist_06, s_dist_07, s_dist_08, s_dist_09, s_dist_10 from stock where s_i_id=6 and s_w_id=1;
+------------------+------------------+------------------+------------------+------------------+------------------+------------------+------------------+------------------+------------------+------------------+------------------+
|       s_quantity |           s_data |        s_dist_01 |        s_dist_02 |        s_dist_03 |        s_dist_04 |        s_dist_05 |        s_dist_06 |        s_dist_07 |        s_dist_08 |        s_dist_09 |        s_dist_10 |
+------------------+------------------+------------------+------------------+------------------+------------------+------------------+------------------+------------------+------------------+------------------+------------------+
|               75 | 50jyi1h54GEtG... | OiK6a8H0lcdcd... | bwDwD4rTKeogY... | Xl7GYWRXWgP4A... | PBVwrhpwmVg50... | jqmZw3n5jFQMf... | hkMdmhQFGYsCj... | oS4oJdUIVsMEn... | 2DiVDJPAjAJpW... | t8sFA3u5UUTXk... | BU2YsWQVdREKm... |
+------------------+------------------+------------------+------------------+------------------+------------------+------------------+------------------+------------------+------------------+------------------+------------------+
Total record(s): 1

SQL> update stock set s_quantity=15 where s_i_id=6 and s_w_id=1;

SQL> insert into order_line values (1075, 1, 1, 1, 6, 1, '2026-07-02 16:01:15', 10, 28.750, 'profile-workload');

SQL> select i_price, i_name, i_data from item where i_id=6;
+------------------+------------------+------------------+
|          i_price |           i_name |           i_data |
+------------------+------------------+------------------+
|       246.625000 | XtAQYtNGlLC4W... | 475hhQJ8nAwFl... |
+------------------+------------------+------------------+
Total record(s): 1

SQL> commit;

SQL> begin;

SQL> select c_discount, c_last, c_credit, w_tax from customer, warehouse where w_id=1 and c_w_id=w_id and c_d_id=2 and c_id=7;
+------------------+------------------+------------------+------------------+
|       c_discount |           c_last |         c_credit |            w_tax |
+------------------+------------------+------------------+------------------+
|         8.625000 |     BARRBARRANTI |               GC |         0.125000 |
+------------------+------------------+------------------+------------------+
Total record(s): 1

SQL> select d_next_o_id, d_tax from district where d_id=2 and d_w_id=1;
+------------------+------------------+
|      d_next_o_id |            d_tax |
+------------------+------------------+
|             2073 |         0.312500 |
+------------------+------------------+
Total record(s): 1

SQL> update district set d_next_o_id=2076 where d_id=2 and d_w_id=1;

SQL> insert into orders values (1076, 2, 1, 7, '2026-07-02 16:01:16', 0, 5, 1);

SQL> insert into new_orders values (1076, 2, 1);

SQL> select i_price, i_name, i_data from item where i_id=7;
+------------------+------------------+------------------+
|          i_price |           i_name |           i_data |
+------------------+------------------+------------------+
|       720.312012 | QxmrKt4r3jZpe... | y3Ck1ZIsrAEvk... |
+------------------+------------------+------------------+
Total record(s): 1

SQL> select s_quantity, s_data, s_dist_01, s_dist_02, s_dist_03, s_dist_04, s_dist_05,s_dist_06, s_dist_07, s_dist_08, s_dist_09, s_dist_10 from stock where s_i_id=7 and s_w_id=1;
+------------------+------------------+------------------+------------------+------------------+------------------+------------------+------------------+------------------+------------------+------------------+------------------+
|       s_quantity |           s_data |        s_dist_01 |        s_dist_02 |        s_dist_03 |        s_dist_04 |        s_dist_05 |        s_dist_06 |        s_dist_07 |        s_dist_08 |        s_dist_09 |        s_dist_10 |
+------------------+------------------+------------------+------------------+------------------+------------------+------------------+------------------+------------------+------------------+------------------+------------------+
|               76 | 6TR82uEe90nx2... | zTbRDg94LHvMI... | hEXvypWdr3sUU... | HLXzlRZuw4ouj... | gTve6RS4jkci1... | SDVkfUqhlRi4O... | L7RZjPChBdWkI... | Va5kfTINfkU6k... | KjPoqwTgzPznL... | sv13V8rlPIUIb... | 1J47hj0njnyZw... |
+------------------+------------------+------------------+------------------+------------------+------------------+------------------+------------------+------------------+------------------+------------------+------------------+
Total record(s): 1

SQL> update stock set s_quantity=16 where s_i_id=7 and s_w_id=1;

SQL> insert into order_line values (1076, 2, 1, 1, 7, 1, '2026-07-02 16:01:16', 11, 31.875, 'profile-workload');

SQL> select i_price, i_name, i_data from item where i_id=7;
+------------------+------------------+------------------+
|          i_price |           i_name |           i_data |
+------------------+------------------+------------------+
|       720.312012 | QxmrKt4r3jZpe... | y3Ck1ZIsrAEvk... |
+------------------+------------------+------------------+
Total record(s): 1

SQL> commit;

SQL> begin;

SQL> select c_discount, c_last, c_credit, w_tax from customer, warehouse where w_id=1 and c_w_id=w_id and c_d_id=3 and c_id=8;
+------------------+------------------+------------------+------------------+
|       c_discount |           c_last |         c_credit |            w_tax |
+------------------+------------------+------------------+------------------+
|         7.500000 |     BARRBARRCALL |               BC |         0.125000 |
+------------------+------------------+------------------+------------------+
Total record(s): 1

SQL> select d_next_o_id, d_tax from district where d_id=3 and d_w_id=1;
+------------------+------------------+
|      d_next_o_id |            d_tax |
+------------------+------------------+
|             2074 |         0.125000 |
+------------------+------------------+
Total record(s): 1

SQL> update district set d_next_o_id=2077 where d_id=3 and d_w_id=1;

SQL> insert into orders values (1077, 3, 1, 8, '2026-07-02 16:01:17', 0, 5, 1);

SQL> insert into new_orders values (1077, 3, 1);

SQL> select i_price, i_name, i_data from item where i_id=8;
+------------------+------------------+------------------+
|          i_price |           i_name |           i_data |
+------------------+------------------+------------------+
|       299.625000 | LwcuLY4knHB2t... | XbZktjH3bejfU... |
+------------------+------------------+------------------+
Total record(s): 1

SQL> select s_quantity, s_data, s_dist_01, s_dist_02, s_dist_03, s_dist_04, s_dist_05,s_dist_06, s_dist_07, s_dist_08, s_dist_09, s_dist_10 from stock where s_i_id=8 and s_w_id=1;
+------------------+------------------+------------------+------------------+------------------+------------------+------------------+------------------+------------------+------------------+------------------+------------------+
|       s_quantity |           s_data |        s_dist_01 |        s_dist_02 |        s_dist_03 |        s_dist_04 |        s_dist_05 |        s_dist_06 |        s_dist_07 |        s_dist_08 |        s_dist_09 |        s_dist_10 |
+------------------+------------------+------------------+------------------+------------------+------------------+------------------+------------------+------------------+------------------+------------------+------------------+
|               77 | fTXM32U4bVGkz... | avoOS1XdrV51l... | Z9neUMy58l07U... | RNxN3XmFO1BgJ... | VnepNUJvyuw0p... | 6Ag1fw0vNNJKl... | 5uvinGPCep6xe... | ZPxi7QYYnb1fV... | uxA4gBY6UmQkC... | OuEIv3mEhSatH... | vVSJVc8LyoFjs... |
+------------------+------------------+------------------+------------------+------------------+------------------+------------------+------------------+------------------+------------------+------------------+------------------+
Total record(s): 1

SQL> update stock set s_quantity=17 where s_i_id=8 and s_w_id=1;

SQL> insert into order_line values (1077, 3, 1, 1, 8, 1, '2026-07-02 16:01:17', 5, 35.000, 'profile-workload');

SQL> select i_price, i_name, i_data from item where i_id=8;
+------------------+------------------+------------------+
|          i_price |           i_name |           i_data |
+------------------+------------------+------------------+
|       299.625000 | LwcuLY4knHB2t... | XbZktjH3bejfU... |
+------------------+------------------+------------------+
Total record(s): 1

SQL> commit;

SQL> begin;

SQL> select c_discount, c_last, c_credit, w_tax from customer, warehouse where w_id=1 and c_w_id=w_id and c_d_id=1 and c_id=9;
+------------------+------------------+------------------+------------------+
|       c_discount |           c_last |         c_credit |            w_tax |
+------------------+------------------+------------------+------------------+
|        19.125000 |     BARRBARRATIO |               BC |         0.125000 |
+------------------+------------------+------------------+------------------+
Total record(s): 1

SQL> select d_next_o_id, d_tax from district where d_id=1 and d_w_id=1;
+------------------+------------------+
|      d_next_o_id |            d_tax |
+------------------+------------------+
|             2075 |         0.312500 |
+------------------+------------------+
Total record(s): 1

SQL> update district set d_next_o_id=2078 where d_id=1 and d_w_id=1;

SQL> insert into orders values (1078, 1, 1, 9, '2026-07-02 16:01:18', 0, 5, 1);

SQL> insert into new_orders values (1078, 1, 1);

SQL> select i_price, i_name, i_data from item where i_id=9;
+------------------+------------------+------------------+
|          i_price |           i_name |           i_data |
+------------------+------------------+------------------+
|       399.250000 | Uc9L7VYwDlNMH... | SZr0MmdvXoiJp... |
+------------------+------------------+------------------+
Total record(s): 1

SQL> select s_quantity, s_data, s_dist_01, s_dist_02, s_dist_03, s_dist_04, s_dist_05,s_dist_06, s_dist_07, s_dist_08, s_dist_09, s_dist_10 from stock where s_i_id=9 and s_w_id=1;
+------------------+------------------+------------------+------------------+------------------+------------------+------------------+------------------+------------------+------------------+------------------+------------------+
|       s_quantity |           s_data |        s_dist_01 |        s_dist_02 |        s_dist_03 |        s_dist_04 |        s_dist_05 |        s_dist_06 |        s_dist_07 |        s_dist_08 |        s_dist_09 |        s_dist_10 |
+------------------+------------------+------------------+------------------+------------------+------------------+------------------+------------------+------------------+------------------+------------------+------------------+
|               78 | doNfCZ41KD2bA... | YRgh8eIxiFTCf... | urPDGs5lOGRj1... | ndEJXpGXq2Yoo... | TE1gnwxbFgZy3... | S4NfC74qIDvrr... | ZOTOXZq8RwlHX... | T97qM204iWLJs... | 1LPnk4ibiCEMd... | 8j8SPj1oyFkvs... | Oa5enU4CjO0KW... |
+------------------+------------------+------------------+------------------+------------------+------------------+------------------+------------------+------------------+------------------+------------------+------------------+
Total record(s): 1

SQL> update stock set s_quantity=18 where s_i_id=9 and s_w_id=1;

SQL> insert into order_line values (1078, 1, 1, 1, 9, 1, '2026-07-02 16:01:18', 6, 38.125, 'profile-workload');

SQL> select i_price, i_name, i_data from item where i_id=9;
+------------------+------------------+------------------+
|          i_price |           i_name |           i_data |
+------------------+------------------+------------------+
|       399.250000 | Uc9L7VYwDlNMH... | SZr0MmdvXoiJp... |
+------------------+------------------+------------------+
Total record(s): 1

SQL> commit;

SQL> begin;

SQL> select c_discount, c_last, c_credit, w_tax from customer, warehouse where w_id=1 and c_w_id=w_id and c_d_id=2 and c_id=10;
+------------------+------------------+------------------+------------------+
|       c_discount |           c_last |         c_credit |            w_tax |
+------------------+------------------+------------------+------------------+
|        33.312500 |     BARRBARREING |               GC |         0.125000 |
+------------------+------------------+------------------+------------------+
Total record(s): 1

SQL> select d_next_o_id, d_tax from district where d_id=2 and d_w_id=1;
+------------------+------------------+
|      d_next_o_id |            d_tax |
+------------------+------------------+
|             2076 |         0.312500 |
+------------------+------------------+
Total record(s): 1

SQL> update district set d_next_o_id=2079 where d_id=2 and d_w_id=1;

SQL> insert into orders values (1079, 2, 1, 10, '2026-07-02 16:01:19', 0, 5, 1);

SQL> insert into new_orders values (1079, 2, 1);

SQL> select i_price, i_name, i_data from item where i_id=10;
+------------------+------------------+------------------+
|          i_price |           i_name |           i_data |
+------------------+------------------+------------------+
|       309.625000 | GE4lpUDt340SQ... | afXPChY5c62yi... |
+------------------+------------------+------------------+
Total record(s): 1

SQL> select s_quantity, s_data, s_dist_01, s_dist_02, s_dist_03, s_dist_04, s_dist_05,s_dist_06, s_dist_07, s_dist_08, s_dist_09, s_dist_10 from stock where s_i_id=10 and s_w_id=1;
+------------------+------------------+------------------+------------------+------------------+------------------+------------------+------------------+------------------+------------------+------------------+------------------+
|       s_quantity |           s_data |        s_dist_01 |        s_dist_02 |        s_dist_03 |        s_dist_04 |        s_dist_05 |        s_dist_06 |        s_dist_07 |        s_dist_08 |        s_dist_09 |        s_dist_10 |
+------------------+------------------+------------------+------------------+------------------+------------------+------------------+------------------+------------------+------------------+------------------+------------------+
|               79 | gXrIBzRLX1Hrc... | eKrLB8TVHiI44... | ouIyEmeGRGi0o... | c4bwuOWiQjEoV... | Ef2IURhPGXHIb... | thXVk6wG5UMjA... | FaPc4hXpwRqJc... | PPaIGfQ7UgCiR... | B4mpk7r1Oy6Q9... | YctHbb8gqgNVL... | tahmqTg8YteQa... |
+------------------+------------------+------------------+------------------+------------------+------------------+------------------+------------------+------------------+------------------+------------------+------------------+
Total record(s): 1

SQL> update stock set s_quantity=19 where s_i_id=10 and s_w_id=1;

SQL> insert into order_line values (1079, 2, 1, 1, 10, 1, '2026-07-02 16:01:19', 7, 41.250, 'profile-workload');

SQL> select i_price, i_name, i_data from item where i_id=10;
+------------------+------------------+------------------+
|          i_price |           i_name |           i_data |
+------------------+------------------+------------------+
|       309.625000 | GE4lpUDt340SQ... | afXPChY5c62yi... |
+------------------+------------------+------------------+
Total record(s): 1

SQL> commit;

SQL> begin;

SQL> select c_discount, c_last, c_credit, w_tax from customer, warehouse where w_id=1 and c_w_id=w_id and c_d_id=3 and c_id=1;
+------------------+------------------+------------------+------------------+
|       c_discount |           c_last |         c_credit |            w_tax |
+------------------+------------------+------------------+------------------+
|        35.312500 |     BARRBARRBARR |               GC |         0.125000 |
+------------------+------------------+------------------+------------------+
Total record(s): 1

SQL> select d_next_o_id, d_tax from district where d_id=3 and d_w_id=1;
+------------------+------------------+
|      d_next_o_id |            d_tax |
+------------------+------------------+
|             2077 |         0.125000 |
+------------------+------------------+
Total record(s): 1

SQL> update district set d_next_o_id=2080 where d_id=3 and d_w_id=1;

SQL> insert into orders values (1080, 3, 1, 1, '2026-07-02 16:01:20', 0, 5, 1);

SQL> insert into new_orders values (1080, 3, 1);

SQL> select i_price, i_name, i_data from item where i_id=1;
+------------------+------------------+------------------+
|          i_price |           i_name |           i_data |
+------------------+------------------+------------------+
|       387.500000 | em5qY0xbhf7jT... | ODk5NNaYinHCt... |
+------------------+------------------+------------------+
Total record(s): 1

SQL> select s_quantity, s_data, s_dist_01, s_dist_02, s_dist_03, s_dist_04, s_dist_05,s_dist_06, s_dist_07, s_dist_08, s_dist_09, s_dist_10 from stock where s_i_id=1 and s_w_id=1;
+------------------+------------------+------------------+------------------+------------------+------------------+------------------+------------------+------------------+------------------+------------------+------------------+
|       s_quantity |           s_data |        s_dist_01 |        s_dist_02 |        s_dist_03 |        s_dist_04 |        s_dist_05 |        s_dist_06 |        s_dist_07 |        s_dist_08 |        s_dist_09 |        s_dist_10 |
+------------------+------------------+------------------+------------------+------------------+------------------+------------------+------------------+------------------+------------------+------------------+------------------+
|               10 | EX7cPdLs2h5Cu... | BjeZBWGUE2RK9... | Giu0QtJbzMqDz... | x5qwcB5RFQ0PJ... | zBTPV7ZCAdkhp... | QLd5BxVOSe5EO... | L1UjatGc7rn5I... | 4cCGnVcADQNSR... | uwojesfvwKbKk... | 4N8CE0EbYc27l... | jD8imXof2fu84... |
+------------------+------------------+------------------+------------------+------------------+------------------+------------------+------------------+------------------+------------------+------------------+------------------+
Total record(s): 1

SQL> update stock set s_quantity=20 where s_i_id=1 and s_w_id=1;

SQL> insert into order_line values (1080, 3, 1, 1, 1, 1, '2026-07-02 16:01:20', 8, 13.125, 'profile-workload');

SQL> select i_price, i_name, i_data from item where i_id=1;
+------------------+------------------+------------------+
|          i_price |           i_name |           i_data |
+------------------+------------------+------------------+
|       387.500000 | em5qY0xbhf7jT... | ODk5NNaYinHCt... |
+------------------+------------------+------------------+
Total record(s): 1

SQL> commit;

SQL> begin;

SQL> select c_discount, c_last, c_credit, w_tax from customer, warehouse where w_id=1 and c_w_id=w_id and c_d_id=1 and c_id=2;
+------------------+------------------+------------------+------------------+
|       c_discount |           c_last |         c_credit |            w_tax |
+------------------+------------------+------------------+------------------+
|         8.625000 |     BARRBARROUGH |               GC |         0.125000 |
+------------------+------------------+------------------+------------------+
Total record(s): 1

SQL> select d_next_o_id, d_tax from district where d_id=1 and d_w_id=1;
+------------------+------------------+
|      d_next_o_id |            d_tax |
+------------------+------------------+
|             2078 |         0.312500 |
+------------------+------------------+
Total record(s): 1

SQL> update district set d_next_o_id=2081 where d_id=1 and d_w_id=1;

SQL> insert into orders values (1081, 1, 1, 2, '2026-07-02 16:01:21', 0, 5, 1);

SQL> insert into new_orders values (1081, 1, 1);

SQL> select i_price, i_name, i_data from item where i_id=2;
+------------------+------------------+------------------+
|          i_price |           i_name |           i_data |
+------------------+------------------+------------------+
|       376.125000 | MuXfgApP7KW0a... | 3Nb3DgfVu1KJp... |
+------------------+------------------+------------------+
Total record(s): 1

SQL> select s_quantity, s_data, s_dist_01, s_dist_02, s_dist_03, s_dist_04, s_dist_05,s_dist_06, s_dist_07, s_dist_08, s_dist_09, s_dist_10 from stock where s_i_id=2 and s_w_id=1;
+------------------+------------------+------------------+------------------+------------------+------------------+------------------+------------------+------------------+------------------+------------------+------------------+
|       s_quantity |           s_data |        s_dist_01 |        s_dist_02 |        s_dist_03 |        s_dist_04 |        s_dist_05 |        s_dist_06 |        s_dist_07 |        s_dist_08 |        s_dist_09 |        s_dist_10 |
+------------------+------------------+------------------+------------------+------------------+------------------+------------------+------------------+------------------+------------------+------------------+------------------+
|               11 | djOd4utkRfPov... | m5mzVzbMevZr0... | AcexKPCSIqIkI... | dtJHr8L1DGHhZ... | Q4qTTAxg8vItA... | mRVxHKkLJsGt5... | WY35fxzCEpf7J... | NudamqsKcBceN... | t6IWnrmkFgBcF... | 2QcCCffEf0CT8... | X1e603kIsyKdi... |
+------------------+------------------+------------------+------------------+------------------+------------------+------------------+------------------+------------------+------------------+------------------+------------------+
Total record(s): 1

SQL> update stock set s_quantity=21 where s_i_id=2 and s_w_id=1;

SQL> insert into order_line values (1081, 1, 1, 1, 2, 1, '2026-07-02 16:01:21', 9, 16.250, 'profile-workload');

SQL> select i_price, i_name, i_data from item where i_id=2;
+------------------+------------------+------------------+
|          i_price |           i_name |           i_data |
+------------------+------------------+------------------+
|       376.125000 | MuXfgApP7KW0a... | 3Nb3DgfVu1KJp... |
+------------------+------------------+------------------+
Total record(s): 1

SQL> commit;

SQL> begin;

SQL> select c_discount, c_last, c_credit, w_tax from customer, warehouse where w_id=1 and c_w_id=w_id and c_d_id=2 and c_id=3;
+------------------+------------------+------------------+------------------+
|       c_discount |           c_last |         c_credit |            w_tax |
+------------------+------------------+------------------+------------------+
|        47.125000 |     BARRBARRABLE |               BC |         0.125000 |
+------------------+------------------+------------------+------------------+
Total record(s): 1

SQL> select d_next_o_id, d_tax from district where d_id=2 and d_w_id=1;
+------------------+------------------+
|      d_next_o_id |            d_tax |
+------------------+------------------+
|             2079 |         0.312500 |
+------------------+------------------+
Total record(s): 1

SQL> update district set d_next_o_id=2082 where d_id=2 and d_w_id=1;

SQL> insert into orders values (1082, 2, 1, 3, '2026-07-02 16:01:22', 0, 5, 1);

SQL> insert into new_orders values (1082, 2, 1);

SQL> select i_price, i_name, i_data from item where i_id=3;
+------------------+------------------+------------------+
|          i_price |           i_name |           i_data |
+------------------+------------------+------------------+
|       109.311996 | yis0W0gx0pikT... | UNL1LJukAZWN0... |
+------------------+------------------+------------------+
Total record(s): 1

SQL> select s_quantity, s_data, s_dist_01, s_dist_02, s_dist_03, s_dist_04, s_dist_05,s_dist_06, s_dist_07, s_dist_08, s_dist_09, s_dist_10 from stock where s_i_id=3 and s_w_id=1;
+------------------+------------------+------------------+------------------+------------------+------------------+------------------+------------------+------------------+------------------+------------------+------------------+
|       s_quantity |           s_data |        s_dist_01 |        s_dist_02 |        s_dist_03 |        s_dist_04 |        s_dist_05 |        s_dist_06 |        s_dist_07 |        s_dist_08 |        s_dist_09 |        s_dist_10 |
+------------------+------------------+------------------+------------------+------------------+------------------+------------------+------------------+------------------+------------------+------------------+------------------+
|               12 | SW90NeiRcp87f... | PVa7W5l3wRhUk... | sFfSRZQKBjMBa... | 9PDW05BnxMAjj... | WDsQYXpbbflDi... | hhr7RsyaiQF26... | HQZojb6uhrRNn... | s6MwvjHhKyTOl... | 9YGuFFjBiK9br... | Awmc5ENeXc9hp... | j50sXBi3QQyxf... |
+------------------+------------------+------------------+------------------+------------------+------------------+------------------+------------------+------------------+------------------+------------------+------------------+
Total record(s): 1

SQL> update stock set s_quantity=22 where s_i_id=3 and s_w_id=1;

SQL> insert into order_line values (1082, 2, 1, 1, 3, 1, '2026-07-02 16:01:22', 10, 19.375, 'profile-workload');

SQL> select i_price, i_name, i_data from item where i_id=3;
+------------------+------------------+------------------+
|          i_price |           i_name |           i_data |
+------------------+------------------+------------------+
|       109.311996 | yis0W0gx0pikT... | UNL1LJukAZWN0... |
+------------------+------------------+------------------+
Total record(s): 1

SQL> commit;

SQL> begin;

SQL> select c_discount, c_last, c_credit, w_tax from customer, warehouse where w_id=1 and c_w_id=w_id and c_d_id=3 and c_id=4;
+------------------+------------------+------------------+------------------+
|       c_discount |           c_last |         c_credit |            w_tax |
+------------------+------------------+------------------+------------------+
|        26.125000 |     BARRBARRPRII |               BC |         0.125000 |
+------------------+------------------+------------------+------------------+
Total record(s): 1

SQL> select d_next_o_id, d_tax from district where d_id=3 and d_w_id=1;
+------------------+------------------+
|      d_next_o_id |            d_tax |
+------------------+------------------+
|             2080 |         0.125000 |
+------------------+------------------+
Total record(s): 1

SQL> update district set d_next_o_id=2083 where d_id=3 and d_w_id=1;

SQL> insert into orders values (1083, 3, 1, 4, '2026-07-02 16:01:23', 0, 5, 1);

SQL> insert into new_orders values (1083, 3, 1);

SQL> select i_price, i_name, i_data from item where i_id=4;
+------------------+------------------+------------------+
|          i_price |           i_name |           i_data |
+------------------+------------------+------------------+
|       409.625000 | 2ICLCJkJNRA17... | zIA2Qe5D57pOo... |
+------------------+------------------+------------------+
Total record(s): 1

SQL> select s_quantity, s_data, s_dist_01, s_dist_02, s_dist_03, s_dist_04, s_dist_05,s_dist_06, s_dist_07, s_dist_08, s_dist_09, s_dist_10 from stock where s_i_id=4 and s_w_id=1;
+------------------+------------------+------------------+------------------+------------------+------------------+------------------+------------------+------------------+------------------+------------------+------------------+
|       s_quantity |           s_data |        s_dist_01 |        s_dist_02 |        s_dist_03 |        s_dist_04 |        s_dist_05 |        s_dist_06 |        s_dist_07 |        s_dist_08 |        s_dist_09 |        s_dist_10 |
+------------------+------------------+------------------+------------------+------------------+------------------+------------------+------------------+------------------+------------------+------------------+------------------+
|               13 | tNV47N74JTS0h... | KhHDzdMjFV9aK... | FnqtSeXHt27hk... | I98ThwMdZvqRj... | nd0R8CYmCzMIR... | P0unv0aqSuyqM... | TxV4RKJXjWvgb... | 9bwmjHTDXSMgE... | Dbnc8n5QaCQcV... | IC1stRVUGTQfP... | h3hqiiIdNCVgi... |
+------------------+------------------+------------------+------------------+------------------+------------------+------------------+------------------+------------------+------------------+------------------+------------------+
Total record(s): 1

SQL> update stock set s_quantity=23 where s_i_id=4 and s_w_id=1;

SQL> insert into order_line values (1083, 3, 1, 1, 4, 1, '2026-07-02 16:01:23', 11, 22.500, 'profile-workload');

SQL> select i_price, i_name, i_data from item where i_id=4;
+------------------+------------------+------------------+
|          i_price |           i_name |           i_data |
+------------------+------------------+------------------+
|       409.625000 | 2ICLCJkJNRA17... | zIA2Qe5D57pOo... |
+------------------+------------------+------------------+
Total record(s): 1

SQL> commit;

SQL> begin;

SQL> select c_discount, c_last, c_credit, w_tax from customer, warehouse where w_id=1 and c_w_id=w_id and c_d_id=1 and c_id=5;
+------------------+------------------+------------------+------------------+
|       c_discount |           c_last |         c_credit |            w_tax |
+------------------+------------------+------------------+------------------+
|        24.625000 |     BARRBARRPRES |               GC |         0.125000 |
+------------------+------------------+------------------+------------------+
Total record(s): 1

SQL> select d_next_o_id, d_tax from district where d_id=1 and d_w_id=1;
+------------------+------------------+
|      d_next_o_id |            d_tax |
+------------------+------------------+
|             2081 |         0.312500 |
+------------------+------------------+
Total record(s): 1

SQL> update district set d_next_o_id=2084 where d_id=1 and d_w_id=1;

SQL> insert into orders values (1084, 1, 1, 5, '2026-07-02 16:01:24', 0, 5, 1);

SQL> insert into new_orders values (1084, 1, 1);

SQL> select i_price, i_name, i_data from item where i_id=5;
+------------------+------------------+------------------+
|          i_price |           i_name |           i_data |
+------------------+------------------+------------------+
|       275.312012 | RZk5jvuYMBSuu... | E0i7Tq7lKSEXP... |
+------------------+------------------+------------------+
Total record(s): 1

SQL> select s_quantity, s_data, s_dist_01, s_dist_02, s_dist_03, s_dist_04, s_dist_05,s_dist_06, s_dist_07, s_dist_08, s_dist_09, s_dist_10 from stock where s_i_id=5 and s_w_id=1;
+------------------+------------------+------------------+------------------+------------------+------------------+------------------+------------------+------------------+------------------+------------------+------------------+
|       s_quantity |           s_data |        s_dist_01 |        s_dist_02 |        s_dist_03 |        s_dist_04 |        s_dist_05 |        s_dist_06 |        s_dist_07 |        s_dist_08 |        s_dist_09 |        s_dist_10 |
+------------------+------------------+------------------+------------------+------------------+------------------+------------------+------------------+------------------+------------------+------------------+------------------+
|               14 | QYFsfK67qSSgD... | EyhdR4M4INXc6... | 3Sh5C1zBCE369... | DAVOmriOquWjn... | st8NpeFRSxXqV... | pbI8Bu5iafeZi... | RqerpGCSIGjUk... | 1qfNqV5BGwDCX... | OxRydX1ZaUo5g... | Q2zzmel4OIYR1... | 4bPmuMOwkfNJh... |
+------------------+------------------+------------------+------------------+------------------+------------------+------------------+------------------+------------------+------------------+------------------+------------------+
Total record(s): 1

SQL> update stock set s_quantity=24 where s_i_id=5 and s_w_id=1;

SQL> insert into order_line values (1084, 1, 1, 1, 5, 1, '2026-07-02 16:01:24', 5, 25.625, 'profile-workload');

SQL> select i_price, i_name, i_data from item where i_id=5;
+------------------+------------------+------------------+
|          i_price |           i_name |           i_data |
+------------------+------------------+------------------+
|       275.312012 | RZk5jvuYMBSuu... | E0i7Tq7lKSEXP... |
+------------------+------------------+------------------+
Total record(s): 1

SQL> commit;

SQL> begin;

SQL> select c_discount, c_last, c_credit, w_tax from customer, warehouse where w_id=1 and c_w_id=w_id and c_d_id=2 and c_id=6;
+------------------+------------------+------------------+------------------+
|       c_discount |           c_last |         c_credit |            w_tax |
+------------------+------------------+------------------+------------------+
|        19.500000 |     BARRBARRESEE |               BC |         0.125000 |
+------------------+------------------+------------------+------------------+
Total record(s): 1

SQL> select d_next_o_id, d_tax from district where d_id=2 and d_w_id=1;
+------------------+------------------+
|      d_next_o_id |            d_tax |
+------------------+------------------+
|             2082 |         0.312500 |
+------------------+------------------+
Total record(s): 1

SQL> update district set d_next_o_id=2085 where d_id=2 and d_w_id=1;

SQL> insert into orders values (1085, 2, 1, 6, '2026-07-02 16:01:25', 0, 5, 1);

SQL> insert into new_orders values (1085, 2, 1);

SQL> select i_price, i_name, i_data from item where i_id=6;
+------------------+------------------+------------------+
|          i_price |           i_name |           i_data |
+------------------+------------------+------------------+
|       246.625000 | XtAQYtNGlLC4W... | 475hhQJ8nAwFl... |
+------------------+------------------+------------------+
Total record(s): 1

SQL> select s_quantity, s_data, s_dist_01, s_dist_02, s_dist_03, s_dist_04, s_dist_05,s_dist_06, s_dist_07, s_dist_08, s_dist_09, s_dist_10 from stock where s_i_id=6 and s_w_id=1;
+------------------+------------------+------------------+------------------+------------------+------------------+------------------+------------------+------------------+------------------+------------------+------------------+
|       s_quantity |           s_data |        s_dist_01 |        s_dist_02 |        s_dist_03 |        s_dist_04 |        s_dist_05 |        s_dist_06 |        s_dist_07 |        s_dist_08 |        s_dist_09 |        s_dist_10 |
+------------------+------------------+------------------+------------------+------------------+------------------+------------------+------------------+------------------+------------------+------------------+------------------+
|               15 | 50jyi1h54GEtG... | OiK6a8H0lcdcd... | bwDwD4rTKeogY... | Xl7GYWRXWgP4A... | PBVwrhpwmVg50... | jqmZw3n5jFQMf... | hkMdmhQFGYsCj... | oS4oJdUIVsMEn... | 2DiVDJPAjAJpW... | t8sFA3u5UUTXk... | BU2YsWQVdREKm... |
+------------------+------------------+------------------+------------------+------------------+------------------+------------------+------------------+------------------+------------------+------------------+------------------+
Total record(s): 1

SQL> update stock set s_quantity=25 where s_i_id=6 and s_w_id=1;

SQL> insert into order_line values (1085, 2, 1, 1, 6, 1, '2026-07-02 16:01:25', 6, 28.750, 'profile-workload');

SQL> select i_price, i_name, i_data from item where i_id=6;
+------------------+------------------+------------------+
|          i_price |           i_name |           i_data |
+------------------+------------------+------------------+
|       246.625000 | XtAQYtNGlLC4W... | 475hhQJ8nAwFl... |
+------------------+------------------+------------------+
Total record(s): 1

SQL> commit;

SQL> begin;

SQL> select c_discount, c_last, c_credit, w_tax from customer, warehouse where w_id=1 and c_w_id=w_id and c_d_id=3 and c_id=7;
+------------------+------------------+------------------+------------------+
|       c_discount |           c_last |         c_credit |            w_tax |
+------------------+------------------+------------------+------------------+
|         3.312500 |     BARRBARRANTI |               BC |         0.125000 |
+------------------+------------------+------------------+------------------+
Total record(s): 1

SQL> select d_next_o_id, d_tax from district where d_id=3 and d_w_id=1;
+------------------+------------------+
|      d_next_o_id |            d_tax |
+------------------+------------------+
|             2083 |         0.125000 |
+------------------+------------------+
Total record(s): 1

SQL> update district set d_next_o_id=2086 where d_id=3 and d_w_id=1;

SQL> insert into orders values (1086, 3, 1, 7, '2026-07-02 16:01:26', 0, 5, 1);

SQL> insert into new_orders values (1086, 3, 1);

SQL> select i_price, i_name, i_data from item where i_id=7;
+------------------+------------------+------------------+
|          i_price |           i_name |           i_data |
+------------------+------------------+------------------+
|       720.312012 | QxmrKt4r3jZpe... | y3Ck1ZIsrAEvk... |
+------------------+------------------+------------------+
Total record(s): 1

SQL> select s_quantity, s_data, s_dist_01, s_dist_02, s_dist_03, s_dist_04, s_dist_05,s_dist_06, s_dist_07, s_dist_08, s_dist_09, s_dist_10 from stock where s_i_id=7 and s_w_id=1;
+------------------+------------------+------------------+------------------+------------------+------------------+------------------+------------------+------------------+------------------+------------------+------------------+
|       s_quantity |           s_data |        s_dist_01 |        s_dist_02 |        s_dist_03 |        s_dist_04 |        s_dist_05 |        s_dist_06 |        s_dist_07 |        s_dist_08 |        s_dist_09 |        s_dist_10 |
+------------------+------------------+------------------+------------------+------------------+------------------+------------------+------------------+------------------+------------------+------------------+------------------+
|               16 | 6TR82uEe90nx2... | zTbRDg94LHvMI... | hEXvypWdr3sUU... | HLXzlRZuw4ouj... | gTve6RS4jkci1... | SDVkfUqhlRi4O... | L7RZjPChBdWkI... | Va5kfTINfkU6k... | KjPoqwTgzPznL... | sv13V8rlPIUIb... | 1J47hj0njnyZw... |
+------------------+------------------+------------------+------------------+------------------+------------------+------------------+------------------+------------------+------------------+------------------+------------------+
Total record(s): 1

SQL> update stock set s_quantity=26 where s_i_id=7 and s_w_id=1;

SQL> insert into order_line values (1086, 3, 1, 1, 7, 1, '2026-07-02 16:01:26', 7, 31.875, 'profile-workload');

SQL> select i_price, i_name, i_data from item where i_id=7;
+------------------+------------------+------------------+
|          i_price |           i_name |           i_data |
+------------------+------------------+------------------+
|       720.312012 | QxmrKt4r3jZpe... | y3Ck1ZIsrAEvk... |
+------------------+------------------+------------------+
Total record(s): 1

SQL> commit;

SQL> begin;

SQL> select c_discount, c_last, c_credit, w_tax from customer, warehouse where w_id=1 and c_w_id=w_id and c_d_id=1 and c_id=8;
+------------------+------------------+------------------+------------------+
|       c_discount |           c_last |         c_credit |            w_tax |
+------------------+------------------+------------------+------------------+
|        30.625000 |     BARRBARRCALL |               BC |         0.125000 |
+------------------+------------------+------------------+------------------+
Total record(s): 1

SQL> select d_next_o_id, d_tax from district where d_id=1 and d_w_id=1;
+------------------+------------------+
|      d_next_o_id |            d_tax |
+------------------+------------------+
|             2084 |         0.312500 |
+------------------+------------------+
Total record(s): 1

SQL> update district set d_next_o_id=2087 where d_id=1 and d_w_id=1;

SQL> insert into orders values (1087, 1, 1, 8, '2026-07-02 16:01:27', 0, 5, 1);

SQL> insert into new_orders values (1087, 1, 1);

SQL> select i_price, i_name, i_data from item where i_id=8;
+------------------+------------------+------------------+
|          i_price |           i_name |           i_data |
+------------------+------------------+------------------+
|       299.625000 | LwcuLY4knHB2t... | XbZktjH3bejfU... |
+------------------+------------------+------------------+
Total record(s): 1

SQL> select s_quantity, s_data, s_dist_01, s_dist_02, s_dist_03, s_dist_04, s_dist_05,s_dist_06, s_dist_07, s_dist_08, s_dist_09, s_dist_10 from stock where s_i_id=8 and s_w_id=1;
+------------------+------------------+------------------+------------------+------------------+------------------+------------------+------------------+------------------+------------------+------------------+------------------+
|       s_quantity |           s_data |        s_dist_01 |        s_dist_02 |        s_dist_03 |        s_dist_04 |        s_dist_05 |        s_dist_06 |        s_dist_07 |        s_dist_08 |        s_dist_09 |        s_dist_10 |
+------------------+------------------+------------------+------------------+------------------+------------------+------------------+------------------+------------------+------------------+------------------+------------------+
|               17 | fTXM32U4bVGkz... | avoOS1XdrV51l... | Z9neUMy58l07U... | RNxN3XmFO1BgJ... | VnepNUJvyuw0p... | 6Ag1fw0vNNJKl... | 5uvinGPCep6xe... | ZPxi7QYYnb1fV... | uxA4gBY6UmQkC... | OuEIv3mEhSatH... | vVSJVc8LyoFjs... |
+------------------+------------------+------------------+------------------+------------------+------------------+------------------+------------------+------------------+------------------+------------------+------------------+
Total record(s): 1

SQL> update stock set s_quantity=27 where s_i_id=8 and s_w_id=1;

SQL> insert into order_line values (1087, 1, 1, 1, 8, 1, '2026-07-02 16:01:27', 8, 35.000, 'profile-workload');

SQL> select i_price, i_name, i_data from item where i_id=8;
+------------------+------------------+------------------+
|          i_price |           i_name |           i_data |
+------------------+------------------+------------------+
|       299.625000 | LwcuLY4knHB2t... | XbZktjH3bejfU... |
+------------------+------------------+------------------+
Total record(s): 1

SQL> commit;

SQL> begin;

SQL> select c_discount, c_last, c_credit, w_tax from customer, warehouse where w_id=1 and c_w_id=w_id and c_d_id=2 and c_id=9;
+------------------+------------------+------------------+------------------+
|       c_discount |           c_last |         c_credit |            w_tax |
+------------------+------------------+------------------+------------------+
|        37.500000 |     BARRBARRATIO |               GC |         0.125000 |
+------------------+------------------+------------------+------------------+
Total record(s): 1

SQL> select d_next_o_id, d_tax from district where d_id=2 and d_w_id=1;
+------------------+------------------+
|      d_next_o_id |            d_tax |
+------------------+------------------+
|             2085 |         0.312500 |
+------------------+------------------+
Total record(s): 1

SQL> update district set d_next_o_id=2088 where d_id=2 and d_w_id=1;

SQL> insert into orders values (1088, 2, 1, 9, '2026-07-02 16:01:28', 0, 5, 1);

SQL> insert into new_orders values (1088, 2, 1);

SQL> select i_price, i_name, i_data from item where i_id=9;
+------------------+------------------+------------------+
|          i_price |           i_name |           i_data |
+------------------+------------------+------------------+
|       399.250000 | Uc9L7VYwDlNMH... | SZr0MmdvXoiJp... |
+------------------+------------------+------------------+
Total record(s): 1

SQL> select s_quantity, s_data, s_dist_01, s_dist_02, s_dist_03, s_dist_04, s_dist_05,s_dist_06, s_dist_07, s_dist_08, s_dist_09, s_dist_10 from stock where s_i_id=9 and s_w_id=1;
+------------------+------------------+------------------+------------------+------------------+------------------+------------------+------------------+------------------+------------------+------------------+------------------+
|       s_quantity |           s_data |        s_dist_01 |        s_dist_02 |        s_dist_03 |        s_dist_04 |        s_dist_05 |        s_dist_06 |        s_dist_07 |        s_dist_08 |        s_dist_09 |        s_dist_10 |
+------------------+------------------+------------------+------------------+------------------+------------------+------------------+------------------+------------------+------------------+------------------+------------------+
|               18 | doNfCZ41KD2bA... | YRgh8eIxiFTCf... | urPDGs5lOGRj1... | ndEJXpGXq2Yoo... | TE1gnwxbFgZy3... | S4NfC74qIDvrr... | ZOTOXZq8RwlHX... | T97qM204iWLJs... | 1LPnk4ibiCEMd... | 8j8SPj1oyFkvs... | Oa5enU4CjO0KW... |
+------------------+------------------+------------------+------------------+------------------+------------------+------------------+------------------+------------------+------------------+------------------+------------------+
Total record(s): 1

SQL> update stock set s_quantity=28 where s_i_id=9 and s_w_id=1;

SQL> insert into order_line values (1088, 2, 1, 1, 9, 1, '2026-07-02 16:01:28', 9, 38.125, 'profile-workload');

SQL> select i_price, i_name, i_data from item where i_id=9;
+------------------+------------------+------------------+
|          i_price |           i_name |           i_data |
+------------------+------------------+------------------+
|       399.250000 | Uc9L7VYwDlNMH... | SZr0MmdvXoiJp... |
+------------------+------------------+------------------+
Total record(s): 1

SQL> commit;

SQL> begin;

SQL> select c_discount, c_last, c_credit, w_tax from customer, warehouse where w_id=1 and c_w_id=w_id and c_d_id=3 and c_id=10;
+------------------+------------------+------------------+------------------+
|       c_discount |           c_last |         c_credit |            w_tax |
+------------------+------------------+------------------+------------------+
|        29.625000 |     BARRBARREING |               GC |         0.125000 |
+------------------+------------------+------------------+------------------+
Total record(s): 1

SQL> select d_next_o_id, d_tax from district where d_id=3 and d_w_id=1;
+------------------+------------------+
|      d_next_o_id |            d_tax |
+------------------+------------------+
|             2086 |         0.125000 |
+------------------+------------------+
Total record(s): 1

SQL> update district set d_next_o_id=2089 where d_id=3 and d_w_id=1;

SQL> insert into orders values (1089, 3, 1, 10, '2026-07-02 16:01:29', 0, 5, 1);

SQL> insert into new_orders values (1089, 3, 1);

SQL> select i_price, i_name, i_data from item where i_id=10;
+------------------+------------------+------------------+
|          i_price |           i_name |           i_data |
+------------------+------------------+------------------+
|       309.625000 | GE4lpUDt340SQ... | afXPChY5c62yi... |
+------------------+------------------+------------------+
Total record(s): 1

SQL> select s_quantity, s_data, s_dist_01, s_dist_02, s_dist_03, s_dist_04, s_dist_05,s_dist_06, s_dist_07, s_dist_08, s_dist_09, s_dist_10 from stock where s_i_id=10 and s_w_id=1;
+------------------+------------------+------------------+------------------+------------------+------------------+------------------+------------------+------------------+------------------+------------------+------------------+
|       s_quantity |           s_data |        s_dist_01 |        s_dist_02 |        s_dist_03 |        s_dist_04 |        s_dist_05 |        s_dist_06 |        s_dist_07 |        s_dist_08 |        s_dist_09 |        s_dist_10 |
+------------------+------------------+------------------+------------------+------------------+------------------+------------------+------------------+------------------+------------------+------------------+------------------+
|               19 | gXrIBzRLX1Hrc... | eKrLB8TVHiI44... | ouIyEmeGRGi0o... | c4bwuOWiQjEoV... | Ef2IURhPGXHIb... | thXVk6wG5UMjA... | FaPc4hXpwRqJc... | PPaIGfQ7UgCiR... | B4mpk7r1Oy6Q9... | YctHbb8gqgNVL... | tahmqTg8YteQa... |
+------------------+------------------+------------------+------------------+------------------+------------------+------------------+------------------+------------------+------------------+------------------+------------------+
Total record(s): 1

SQL> update stock set s_quantity=29 where s_i_id=10 and s_w_id=1;

SQL> insert into order_line values (1089, 3, 1, 1, 10, 1, '2026-07-02 16:01:29', 10, 41.250, 'profile-workload');

SQL> select i_price, i_name, i_data from item where i_id=10;
+------------------+------------------+------------------+
|          i_price |           i_name |           i_data |
+------------------+------------------+------------------+
|       309.625000 | GE4lpUDt340SQ... | afXPChY5c62yi... |
+------------------+------------------+------------------+
Total record(s): 1

SQL> commit;

SQL> begin;

SQL> select c_discount, c_last, c_credit, w_tax from customer, warehouse where w_id=1 and c_w_id=w_id and c_d_id=1 and c_id=1;
+------------------+------------------+------------------+------------------+
|       c_discount |           c_last |         c_credit |            w_tax |
+------------------+------------------+------------------+------------------+
|         6.500000 |     BARRBARRBARR |               GC |         0.125000 |
+------------------+------------------+------------------+------------------+
Total record(s): 1

SQL> select d_next_o_id, d_tax from district where d_id=1 and d_w_id=1;
+------------------+------------------+
|      d_next_o_id |            d_tax |
+------------------+------------------+
|             2087 |         0.312500 |
+------------------+------------------+
Total record(s): 1

SQL> update district set d_next_o_id=2090 where d_id=1 and d_w_id=1;

SQL> insert into orders values (1090, 1, 1, 1, '2026-07-02 16:01:30', 0, 5, 1);

SQL> insert into new_orders values (1090, 1, 1);

SQL> select i_price, i_name, i_data from item where i_id=1;
+------------------+------------------+------------------+
|          i_price |           i_name |           i_data |
+------------------+------------------+------------------+
|       387.500000 | em5qY0xbhf7jT... | ODk5NNaYinHCt... |
+------------------+------------------+------------------+
Total record(s): 1

SQL> select s_quantity, s_data, s_dist_01, s_dist_02, s_dist_03, s_dist_04, s_dist_05,s_dist_06, s_dist_07, s_dist_08, s_dist_09, s_dist_10 from stock where s_i_id=1 and s_w_id=1;
+------------------+------------------+------------------+------------------+------------------+------------------+------------------+------------------+------------------+------------------+------------------+------------------+
|       s_quantity |           s_data |        s_dist_01 |        s_dist_02 |        s_dist_03 |        s_dist_04 |        s_dist_05 |        s_dist_06 |        s_dist_07 |        s_dist_08 |        s_dist_09 |        s_dist_10 |
+------------------+------------------+------------------+------------------+------------------+------------------+------------------+------------------+------------------+------------------+------------------+------------------+
|               20 | EX7cPdLs2h5Cu... | BjeZBWGUE2RK9... | Giu0QtJbzMqDz... | x5qwcB5RFQ0PJ... | zBTPV7ZCAdkhp... | QLd5BxVOSe5EO... | L1UjatGc7rn5I... | 4cCGnVcADQNSR... | uwojesfvwKbKk... | 4N8CE0EbYc27l... | jD8imXof2fu84... |
+------------------+------------------+------------------+------------------+------------------+------------------+------------------+------------------+------------------+------------------+------------------+------------------+
Total record(s): 1

SQL> update stock set s_quantity=30 where s_i_id=1 and s_w_id=1;

SQL> insert into order_line values (1090, 1, 1, 1, 1, 1, '2026-07-02 16:01:30', 11, 13.125, 'profile-workload');

SQL> select i_price, i_name, i_data from item where i_id=1;
+------------------+------------------+------------------+
|          i_price |           i_name |           i_data |
+------------------+------------------+------------------+
|       387.500000 | em5qY0xbhf7jT... | ODk5NNaYinHCt... |
+------------------+------------------+------------------+
Total record(s): 1

SQL> commit;

SQL> begin;

SQL> select c_discount, c_last, c_credit, w_tax from customer, warehouse where w_id=1 and c_w_id=w_id and c_d_id=2 and c_id=2;
+------------------+------------------+------------------+------------------+
|       c_discount |           c_last |         c_credit |            w_tax |
+------------------+------------------+------------------+------------------+
|         3.125000 |     BARRBARROUGH |               GC |         0.125000 |
+------------------+------------------+------------------+------------------+
Total record(s): 1

SQL> select d_next_o_id, d_tax from district where d_id=2 and d_w_id=1;
+------------------+------------------+
|      d_next_o_id |            d_tax |
+------------------+------------------+
|             2088 |         0.312500 |
+------------------+------------------+
Total record(s): 1

SQL> update district set d_next_o_id=2091 where d_id=2 and d_w_id=1;

SQL> insert into orders values (1091, 2, 1, 2, '2026-07-02 16:01:31', 0, 5, 1);

SQL> insert into new_orders values (1091, 2, 1);

SQL> select i_price, i_name, i_data from item where i_id=2;
+------------------+------------------+------------------+
|          i_price |           i_name |           i_data |
+------------------+------------------+------------------+
|       376.125000 | MuXfgApP7KW0a... | 3Nb3DgfVu1KJp... |
+------------------+------------------+------------------+
Total record(s): 1

SQL> select s_quantity, s_data, s_dist_01, s_dist_02, s_dist_03, s_dist_04, s_dist_05,s_dist_06, s_dist_07, s_dist_08, s_dist_09, s_dist_10 from stock where s_i_id=2 and s_w_id=1;
+------------------+------------------+------------------+------------------+------------------+------------------+------------------+------------------+------------------+------------------+------------------+------------------+
|       s_quantity |           s_data |        s_dist_01 |        s_dist_02 |        s_dist_03 |        s_dist_04 |        s_dist_05 |        s_dist_06 |        s_dist_07 |        s_dist_08 |        s_dist_09 |        s_dist_10 |
+------------------+------------------+------------------+------------------+------------------+------------------+------------------+------------------+------------------+------------------+------------------+------------------+
|               21 | djOd4utkRfPov... | m5mzVzbMevZr0... | AcexKPCSIqIkI... | dtJHr8L1DGHhZ... | Q4qTTAxg8vItA... | mRVxHKkLJsGt5... | WY35fxzCEpf7J... | NudamqsKcBceN... | t6IWnrmkFgBcF... | 2QcCCffEf0CT8... | X1e603kIsyKdi... |
+------------------+------------------+------------------+------------------+------------------+------------------+------------------+------------------+------------------+------------------+------------------+------------------+
Total record(s): 1

SQL> update stock set s_quantity=31 where s_i_id=2 and s_w_id=1;

SQL> insert into order_line values (1091, 2, 1, 1, 2, 1, '2026-07-02 16:01:31', 5, 16.250, 'profile-workload');

SQL> select i_price, i_name, i_data from item where i_id=2;
+------------------+------------------+------------------+
|          i_price |           i_name |           i_data |
+------------------+------------------+------------------+
|       376.125000 | MuXfgApP7KW0a... | 3Nb3DgfVu1KJp... |
+------------------+------------------+------------------+
Total record(s): 1

SQL> commit;

SQL> begin;

SQL> select c_discount, c_last, c_credit, w_tax from customer, warehouse where w_id=1 and c_w_id=w_id and c_d_id=3 and c_id=3;
+------------------+------------------+------------------+------------------+
|       c_discount |           c_last |         c_credit |            w_tax |
+------------------+------------------+------------------+------------------+
|        10.500000 |     BARRBARRABLE |               BC |         0.125000 |
+------------------+------------------+------------------+------------------+
Total record(s): 1

SQL> select d_next_o_id, d_tax from district where d_id=3 and d_w_id=1;
+------------------+------------------+
|      d_next_o_id |            d_tax |
+------------------+------------------+
|             2089 |         0.125000 |
+------------------+------------------+
Total record(s): 1

SQL> update district set d_next_o_id=2092 where d_id=3 and d_w_id=1;

SQL> insert into orders values (1092, 3, 1, 3, '2026-07-02 16:01:32', 0, 5, 1);

SQL> insert into new_orders values (1092, 3, 1);

SQL> select i_price, i_name, i_data from item where i_id=3;
+------------------+------------------+------------------+
|          i_price |           i_name |           i_data |
+------------------+------------------+------------------+
|       109.311996 | yis0W0gx0pikT... | UNL1LJukAZWN0... |
+------------------+------------------+------------------+
Total record(s): 1

SQL> select s_quantity, s_data, s_dist_01, s_dist_02, s_dist_03, s_dist_04, s_dist_05,s_dist_06, s_dist_07, s_dist_08, s_dist_09, s_dist_10 from stock where s_i_id=3 and s_w_id=1;
+------------------+------------------+------------------+------------------+------------------+------------------+------------------+------------------+------------------+------------------+------------------+------------------+
|       s_quantity |           s_data |        s_dist_01 |        s_dist_02 |        s_dist_03 |        s_dist_04 |        s_dist_05 |        s_dist_06 |        s_dist_07 |        s_dist_08 |        s_dist_09 |        s_dist_10 |
+------------------+------------------+------------------+------------------+------------------+------------------+------------------+------------------+------------------+------------------+------------------+------------------+
|               22 | SW90NeiRcp87f... | PVa7W5l3wRhUk... | sFfSRZQKBjMBa... | 9PDW05BnxMAjj... | WDsQYXpbbflDi... | hhr7RsyaiQF26... | HQZojb6uhrRNn... | s6MwvjHhKyTOl... | 9YGuFFjBiK9br... | Awmc5ENeXc9hp... | j50sXBi3QQyxf... |
+------------------+------------------+------------------+------------------+------------------+------------------+------------------+------------------+------------------+------------------+------------------+------------------+
Total record(s): 1

SQL> update stock set s_quantity=32 where s_i_id=3 and s_w_id=1;

SQL> insert into order_line values (1092, 3, 1, 1, 3, 1, '2026-07-02 16:01:32', 6, 19.375, 'profile-workload');

SQL> select i_price, i_name, i_data from item where i_id=3;
+------------------+------------------+------------------+
|          i_price |           i_name |           i_data |
+------------------+------------------+------------------+
|       109.311996 | yis0W0gx0pikT... | UNL1LJukAZWN0... |
+------------------+------------------+------------------+
Total record(s): 1

SQL> commit;

SQL> begin;

SQL> select c_discount, c_last, c_credit, w_tax from customer, warehouse where w_id=1 and c_w_id=w_id and c_d_id=1 and c_id=4;
+------------------+------------------+------------------+------------------+
|       c_discount |           c_last |         c_credit |            w_tax |
+------------------+------------------+------------------+------------------+
|         9.500000 |     BARRBARRPRII |               GC |         0.125000 |
+------------------+------------------+------------------+------------------+
Total record(s): 1

SQL> select d_next_o_id, d_tax from district where d_id=1 and d_w_id=1;
+------------------+------------------+
|      d_next_o_id |            d_tax |
+------------------+------------------+
|             2090 |         0.312500 |
+------------------+------------------+
Total record(s): 1

SQL> update district set d_next_o_id=2093 where d_id=1 and d_w_id=1;

SQL> insert into orders values (1093, 1, 1, 4, '2026-07-02 16:01:33', 0, 5, 1);

SQL> insert into new_orders values (1093, 1, 1);

SQL> select i_price, i_name, i_data from item where i_id=4;
+------------------+------------------+------------------+
|          i_price |           i_name |           i_data |
+------------------+------------------+------------------+
|       409.625000 | 2ICLCJkJNRA17... | zIA2Qe5D57pOo... |
+------------------+------------------+------------------+
Total record(s): 1

SQL> select s_quantity, s_data, s_dist_01, s_dist_02, s_dist_03, s_dist_04, s_dist_05,s_dist_06, s_dist_07, s_dist_08, s_dist_09, s_dist_10 from stock where s_i_id=4 and s_w_id=1;
+------------------+------------------+------------------+------------------+------------------+------------------+------------------+------------------+------------------+------------------+------------------+------------------+
|       s_quantity |           s_data |        s_dist_01 |        s_dist_02 |        s_dist_03 |        s_dist_04 |        s_dist_05 |        s_dist_06 |        s_dist_07 |        s_dist_08 |        s_dist_09 |        s_dist_10 |
+------------------+------------------+------------------+------------------+------------------+------------------+------------------+------------------+------------------+------------------+------------------+------------------+
|               23 | tNV47N74JTS0h... | KhHDzdMjFV9aK... | FnqtSeXHt27hk... | I98ThwMdZvqRj... | nd0R8CYmCzMIR... | P0unv0aqSuyqM... | TxV4RKJXjWvgb... | 9bwmjHTDXSMgE... | Dbnc8n5QaCQcV... | IC1stRVUGTQfP... | h3hqiiIdNCVgi... |
+------------------+------------------+------------------+------------------+------------------+------------------+------------------+------------------+------------------+------------------+------------------+------------------+
Total record(s): 1

SQL> update stock set s_quantity=33 where s_i_id=4 and s_w_id=1;

SQL> insert into order_line values (1093, 1, 1, 1, 4, 1, '2026-07-02 16:01:33', 7, 22.500, 'profile-workload');

SQL> select i_price, i_name, i_data from item where i_id=4;
+------------------+------------------+------------------+
|          i_price |           i_name |           i_data |
+------------------+------------------+------------------+
|       409.625000 | 2ICLCJkJNRA17... | zIA2Qe5D57pOo... |
+------------------+------------------+------------------+
Total record(s): 1

SQL> commit;

SQL> begin;

SQL> select c_discount, c_last, c_credit, w_tax from customer, warehouse where w_id=1 and c_w_id=w_id and c_d_id=2 and c_id=5;
+------------------+------------------+------------------+------------------+
|       c_discount |           c_last |         c_credit |            w_tax |
+------------------+------------------+------------------+------------------+
|         8.500000 |     BARRBARRPRES |               BC |         0.125000 |
+------------------+------------------+------------------+------------------+
Total record(s): 1

SQL> select d_next_o_id, d_tax from district where d_id=2 and d_w_id=1;
+------------------+------------------+
|      d_next_o_id |            d_tax |
+------------------+------------------+
|             2091 |         0.312500 |
+------------------+------------------+
Total record(s): 1

SQL> update district set d_next_o_id=2094 where d_id=2 and d_w_id=1;

SQL> insert into orders values (1094, 2, 1, 5, '2026-07-02 16:01:34', 0, 5, 1);

SQL> insert into new_orders values (1094, 2, 1);

SQL> select i_price, i_name, i_data from item where i_id=5;
+------------------+------------------+------------------+
|          i_price |           i_name |           i_data |
+------------------+------------------+------------------+
|       275.312012 | RZk5jvuYMBSuu... | E0i7Tq7lKSEXP... |
+------------------+------------------+------------------+
Total record(s): 1

SQL> select s_quantity, s_data, s_dist_01, s_dist_02, s_dist_03, s_dist_04, s_dist_05,s_dist_06, s_dist_07, s_dist_08, s_dist_09, s_dist_10 from stock where s_i_id=5 and s_w_id=1;
+------------------+------------------+------------------+------------------+------------------+------------------+------------------+------------------+------------------+------------------+------------------+------------------+
|       s_quantity |           s_data |        s_dist_01 |        s_dist_02 |        s_dist_03 |        s_dist_04 |        s_dist_05 |        s_dist_06 |        s_dist_07 |        s_dist_08 |        s_dist_09 |        s_dist_10 |
+------------------+------------------+------------------+------------------+------------------+------------------+------------------+------------------+------------------+------------------+------------------+------------------+
|               24 | QYFsfK67qSSgD... | EyhdR4M4INXc6... | 3Sh5C1zBCE369... | DAVOmriOquWjn... | st8NpeFRSxXqV... | pbI8Bu5iafeZi... | RqerpGCSIGjUk... | 1qfNqV5BGwDCX... | OxRydX1ZaUo5g... | Q2zzmel4OIYR1... | 4bPmuMOwkfNJh... |
+------------------+------------------+------------------+------------------+------------------+------------------+------------------+------------------+------------------+------------------+------------------+------------------+
Total record(s): 1

SQL> update stock set s_quantity=34 where s_i_id=5 and s_w_id=1;

SQL> insert into order_line values (1094, 2, 1, 1, 5, 1, '2026-07-02 16:01:34', 8, 25.625, 'profile-workload');

SQL> select i_price, i_name, i_data from item where i_id=5;
+------------------+------------------+------------------+
|          i_price |           i_name |           i_data |
+------------------+------------------+------------------+
|       275.312012 | RZk5jvuYMBSuu... | E0i7Tq7lKSEXP... |
+------------------+------------------+------------------+
Total record(s): 1

SQL> commit;

SQL> begin;

SQL> select c_discount, c_last, c_credit, w_tax from customer, warehouse where w_id=1 and c_w_id=w_id and c_d_id=3 and c_id=6;
+------------------+------------------+------------------+------------------+
|       c_discount |           c_last |         c_credit |            w_tax |
+------------------+------------------+------------------+------------------+
|        23.500000 |     BARRBARRESEE |               BC |         0.125000 |
+------------------+------------------+------------------+------------------+
Total record(s): 1

SQL> select d_next_o_id, d_tax from district where d_id=3 and d_w_id=1;
+------------------+------------------+
|      d_next_o_id |            d_tax |
+------------------+------------------+
|             2092 |         0.125000 |
+------------------+------------------+
Total record(s): 1

SQL> update district set d_next_o_id=2095 where d_id=3 and d_w_id=1;

SQL> insert into orders values (1095, 3, 1, 6, '2026-07-02 16:01:35', 0, 5, 1);

SQL> insert into new_orders values (1095, 3, 1);

SQL> select i_price, i_name, i_data from item where i_id=6;
+------------------+------------------+------------------+
|          i_price |           i_name |           i_data |
+------------------+------------------+------------------+
|       246.625000 | XtAQYtNGlLC4W... | 475hhQJ8nAwFl... |
+------------------+------------------+------------------+
Total record(s): 1

SQL> select s_quantity, s_data, s_dist_01, s_dist_02, s_dist_03, s_dist_04, s_dist_05,s_dist_06, s_dist_07, s_dist_08, s_dist_09, s_dist_10 from stock where s_i_id=6 and s_w_id=1;
+------------------+------------------+------------------+------------------+------------------+------------------+------------------+------------------+------------------+------------------+------------------+------------------+
|       s_quantity |           s_data |        s_dist_01 |        s_dist_02 |        s_dist_03 |        s_dist_04 |        s_dist_05 |        s_dist_06 |        s_dist_07 |        s_dist_08 |        s_dist_09 |        s_dist_10 |
+------------------+------------------+------------------+------------------+------------------+------------------+------------------+------------------+------------------+------------------+------------------+------------------+
|               25 | 50jyi1h54GEtG... | OiK6a8H0lcdcd... | bwDwD4rTKeogY... | Xl7GYWRXWgP4A... | PBVwrhpwmVg50... | jqmZw3n5jFQMf... | hkMdmhQFGYsCj... | oS4oJdUIVsMEn... | 2DiVDJPAjAJpW... | t8sFA3u5UUTXk... | BU2YsWQVdREKm... |
+------------------+------------------+------------------+------------------+------------------+------------------+------------------+------------------+------------------+------------------+------------------+------------------+
Total record(s): 1

SQL> update stock set s_quantity=35 where s_i_id=6 and s_w_id=1;

SQL> insert into order_line values (1095, 3, 1, 1, 6, 1, '2026-07-02 16:01:35', 9, 28.750, 'profile-workload');

SQL> select i_price, i_name, i_data from item where i_id=6;
+------------------+------------------+------------------+
|          i_price |           i_name |           i_data |
+------------------+------------------+------------------+
|       246.625000 | XtAQYtNGlLC4W... | 475hhQJ8nAwFl... |
+------------------+------------------+------------------+
Total record(s): 1

SQL> commit;

SQL> begin;

SQL> select c_discount, c_last, c_credit, w_tax from customer, warehouse where w_id=1 and c_w_id=w_id and c_d_id=1 and c_id=7;
+------------------+------------------+------------------+------------------+
|       c_discount |           c_last |         c_credit |            w_tax |
+------------------+------------------+------------------+------------------+
|        41.312500 |     BARRBARRANTI |               BC |         0.125000 |
+------------------+------------------+------------------+------------------+
Total record(s): 1

SQL> select d_next_o_id, d_tax from district where d_id=1 and d_w_id=1;
+------------------+------------------+
|      d_next_o_id |            d_tax |
+------------------+------------------+
|             2093 |         0.312500 |
+------------------+------------------+
Total record(s): 1

SQL> update district set d_next_o_id=2096 where d_id=1 and d_w_id=1;

SQL> insert into orders values (1096, 1, 1, 7, '2026-07-02 16:01:36', 0, 5, 1);

SQL> insert into new_orders values (1096, 1, 1);

SQL> select i_price, i_name, i_data from item where i_id=7;
+------------------+------------------+------------------+
|          i_price |           i_name |           i_data |
+------------------+------------------+------------------+
|       720.312012 | QxmrKt4r3jZpe... | y3Ck1ZIsrAEvk... |
+------------------+------------------+------------------+
Total record(s): 1

SQL> select s_quantity, s_data, s_dist_01, s_dist_02, s_dist_03, s_dist_04, s_dist_05,s_dist_06, s_dist_07, s_dist_08, s_dist_09, s_dist_10 from stock where s_i_id=7 and s_w_id=1;
+------------------+------------------+------------------+------------------+------------------+------------------+------------------+------------------+------------------+------------------+------------------+------------------+
|       s_quantity |           s_data |        s_dist_01 |        s_dist_02 |        s_dist_03 |        s_dist_04 |        s_dist_05 |        s_dist_06 |        s_dist_07 |        s_dist_08 |        s_dist_09 |        s_dist_10 |
+------------------+------------------+------------------+------------------+------------------+------------------+------------------+------------------+------------------+------------------+------------------+------------------+
|               26 | 6TR82uEe90nx2... | zTbRDg94LHvMI... | hEXvypWdr3sUU... | HLXzlRZuw4ouj... | gTve6RS4jkci1... | SDVkfUqhlRi4O... | L7RZjPChBdWkI... | Va5kfTINfkU6k... | KjPoqwTgzPznL... | sv13V8rlPIUIb... | 1J47hj0njnyZw... |
+------------------+------------------+------------------+------------------+------------------+------------------+------------------+------------------+------------------+------------------+------------------+------------------+
Total record(s): 1

SQL> update stock set s_quantity=36 where s_i_id=7 and s_w_id=1;

SQL> insert into order_line values (1096, 1, 1, 1, 7, 1, '2026-07-02 16:01:36', 10, 31.875, 'profile-workload');

SQL> select i_price, i_name, i_data from item where i_id=7;
+------------------+------------------+------------------+
|          i_price |           i_name |           i_data |
+------------------+------------------+------------------+
|       720.312012 | QxmrKt4r3jZpe... | y3Ck1ZIsrAEvk... |
+------------------+------------------+------------------+
Total record(s): 1

SQL> commit;

SQL> begin;

SQL> select c_discount, c_last, c_credit, w_tax from customer, warehouse where w_id=1 and c_w_id=w_id and c_d_id=2 and c_id=8;
+------------------+------------------+------------------+------------------+
|       c_discount |           c_last |         c_credit |            w_tax |
+------------------+------------------+------------------+------------------+
|        24.312500 |     BARRBARRCALL |               BC |         0.125000 |
+------------------+------------------+------------------+------------------+
Total record(s): 1

SQL> select d_next_o_id, d_tax from district where d_id=2 and d_w_id=1;
+------------------+------------------+
|      d_next_o_id |            d_tax |
+------------------+------------------+
|             2094 |         0.312500 |
+------------------+------------------+
Total record(s): 1

SQL> update district set d_next_o_id=2097 where d_id=2 and d_w_id=1;

SQL> insert into orders values (1097, 2, 1, 8, '2026-07-02 16:01:37', 0, 5, 1);

SQL> insert into new_orders values (1097, 2, 1);

SQL> select i_price, i_name, i_data from item where i_id=8;
+------------------+------------------+------------------+
|          i_price |           i_name |           i_data |
+------------------+------------------+------------------+
|       299.625000 | LwcuLY4knHB2t... | XbZktjH3bejfU... |
+------------------+------------------+------------------+
Total record(s): 1

SQL> select s_quantity, s_data, s_dist_01, s_dist_02, s_dist_03, s_dist_04, s_dist_05,s_dist_06, s_dist_07, s_dist_08, s_dist_09, s_dist_10 from stock where s_i_id=8 and s_w_id=1;
+------------------+------------------+------------------+------------------+------------------+------------------+------------------+------------------+------------------+------------------+------------------+------------------+
|       s_quantity |           s_data |        s_dist_01 |        s_dist_02 |        s_dist_03 |        s_dist_04 |        s_dist_05 |        s_dist_06 |        s_dist_07 |        s_dist_08 |        s_dist_09 |        s_dist_10 |
+------------------+------------------+------------------+------------------+------------------+------------------+------------------+------------------+------------------+------------------+------------------+------------------+
|               27 | fTXM32U4bVGkz... | avoOS1XdrV51l... | Z9neUMy58l07U... | RNxN3XmFO1BgJ... | VnepNUJvyuw0p... | 6Ag1fw0vNNJKl... | 5uvinGPCep6xe... | ZPxi7QYYnb1fV... | uxA4gBY6UmQkC... | OuEIv3mEhSatH... | vVSJVc8LyoFjs... |
+------------------+------------------+------------------+------------------+------------------+------------------+------------------+------------------+------------------+------------------+------------------+------------------+
Total record(s): 1

SQL> update stock set s_quantity=37 where s_i_id=8 and s_w_id=1;

SQL> insert into order_line values (1097, 2, 1, 1, 8, 1, '2026-07-02 16:01:37', 11, 35.000, 'profile-workload');

SQL> select i_price, i_name, i_data from item where i_id=8;
+------------------+------------------+------------------+
|          i_price |           i_name |           i_data |
+------------------+------------------+------------------+
|       299.625000 | LwcuLY4knHB2t... | XbZktjH3bejfU... |
+------------------+------------------+------------------+
Total record(s): 1

SQL> commit;

SQL> begin;

SQL> select c_discount, c_last, c_credit, w_tax from customer, warehouse where w_id=1 and c_w_id=w_id and c_d_id=3 and c_id=9;
+------------------+------------------+------------------+------------------+
|       c_discount |           c_last |         c_credit |            w_tax |
+------------------+------------------+------------------+------------------+
|        35.125000 |     BARRBARRATIO |               GC |         0.125000 |
+------------------+------------------+------------------+------------------+
Total record(s): 1

SQL> select d_next_o_id, d_tax from district where d_id=3 and d_w_id=1;
+------------------+------------------+
|      d_next_o_id |            d_tax |
+------------------+------------------+
|             2095 |         0.125000 |
+------------------+------------------+
Total record(s): 1

SQL> update district set d_next_o_id=2098 where d_id=3 and d_w_id=1;

SQL> insert into orders values (1098, 3, 1, 9, '2026-07-02 16:01:38', 0, 5, 1);

SQL> insert into new_orders values (1098, 3, 1);

SQL> select i_price, i_name, i_data from item where i_id=9;
+------------------+------------------+------------------+
|          i_price |           i_name |           i_data |
+------------------+------------------+------------------+
|       399.250000 | Uc9L7VYwDlNMH... | SZr0MmdvXoiJp... |
+------------------+------------------+------------------+
Total record(s): 1

SQL> select s_quantity, s_data, s_dist_01, s_dist_02, s_dist_03, s_dist_04, s_dist_05,s_dist_06, s_dist_07, s_dist_08, s_dist_09, s_dist_10 from stock where s_i_id=9 and s_w_id=1;
+------------------+------------------+------------------+------------------+------------------+------------------+------------------+------------------+------------------+------------------+------------------+------------------+
|       s_quantity |           s_data |        s_dist_01 |        s_dist_02 |        s_dist_03 |        s_dist_04 |        s_dist_05 |        s_dist_06 |        s_dist_07 |        s_dist_08 |        s_dist_09 |        s_dist_10 |
+------------------+------------------+------------------+------------------+------------------+------------------+------------------+------------------+------------------+------------------+------------------+------------------+
|               28 | doNfCZ41KD2bA... | YRgh8eIxiFTCf... | urPDGs5lOGRj1... | ndEJXpGXq2Yoo... | TE1gnwxbFgZy3... | S4NfC74qIDvrr... | ZOTOXZq8RwlHX... | T97qM204iWLJs... | 1LPnk4ibiCEMd... | 8j8SPj1oyFkvs... | Oa5enU4CjO0KW... |
+------------------+------------------+------------------+------------------+------------------+------------------+------------------+------------------+------------------+------------------+------------------+------------------+
Total record(s): 1

SQL> update stock set s_quantity=38 where s_i_id=9 and s_w_id=1;

SQL> insert into order_line values (1098, 3, 1, 1, 9, 1, '2026-07-02 16:01:38', 5, 38.125, 'profile-workload');

SQL> select i_price, i_name, i_data from item where i_id=9;
+------------------+------------------+------------------+
|          i_price |           i_name |           i_data |
+------------------+------------------+------------------+
|       399.250000 | Uc9L7VYwDlNMH... | SZr0MmdvXoiJp... |
+------------------+------------------+------------------+
Total record(s): 1

SQL> commit;

SQL> begin;

SQL> select c_discount, c_last, c_credit, w_tax from customer, warehouse where w_id=1 and c_w_id=w_id and c_d_id=1 and c_id=10;
+------------------+------------------+------------------+------------------+
|       c_discount |           c_last |         c_credit |            w_tax |
+------------------+------------------+------------------+------------------+
|        25.125000 |     BARRBARREING |               GC |         0.125000 |
+------------------+------------------+------------------+------------------+
Total record(s): 1

SQL> select d_next_o_id, d_tax from district where d_id=1 and d_w_id=1;
+------------------+------------------+
|      d_next_o_id |            d_tax |
+------------------+------------------+
|             2096 |         0.312500 |
+------------------+------------------+
Total record(s): 1

SQL> update district set d_next_o_id=2099 where d_id=1 and d_w_id=1;

SQL> insert into orders values (1099, 1, 1, 10, '2026-07-02 16:01:39', 0, 5, 1);

SQL> insert into new_orders values (1099, 1, 1);

SQL> select i_price, i_name, i_data from item where i_id=10;
+------------------+------------------+------------------+
|          i_price |           i_name |           i_data |
+------------------+------------------+------------------+
|       309.625000 | GE4lpUDt340SQ... | afXPChY5c62yi... |
+------------------+------------------+------------------+
Total record(s): 1

SQL> select s_quantity, s_data, s_dist_01, s_dist_02, s_dist_03, s_dist_04, s_dist_05,s_dist_06, s_dist_07, s_dist_08, s_dist_09, s_dist_10 from stock where s_i_id=10 and s_w_id=1;
+------------------+------------------+------------------+------------------+------------------+------------------+------------------+------------------+------------------+------------------+------------------+------------------+
|       s_quantity |           s_data |        s_dist_01 |        s_dist_02 |        s_dist_03 |        s_dist_04 |        s_dist_05 |        s_dist_06 |        s_dist_07 |        s_dist_08 |        s_dist_09 |        s_dist_10 |
+------------------+------------------+------------------+------------------+------------------+------------------+------------------+------------------+------------------+------------------+------------------+------------------+
|               29 | gXrIBzRLX1Hrc... | eKrLB8TVHiI44... | ouIyEmeGRGi0o... | c4bwuOWiQjEoV... | Ef2IURhPGXHIb... | thXVk6wG5UMjA... | FaPc4hXpwRqJc... | PPaIGfQ7UgCiR... | B4mpk7r1Oy6Q9... | YctHbb8gqgNVL... | tahmqTg8YteQa... |
+------------------+------------------+------------------+------------------+------------------+------------------+------------------+------------------+------------------+------------------+------------------+------------------+
Total record(s): 1

SQL> update stock set s_quantity=39 where s_i_id=10 and s_w_id=1;

SQL> insert into order_line values (1099, 1, 1, 1, 10, 1, '2026-07-02 16:01:39', 6, 41.250, 'profile-workload');

SQL> select i_price, i_name, i_data from item where i_id=10;
+------------------+------------------+------------------+
|          i_price |           i_name |           i_data |
+------------------+------------------+------------------+
|       309.625000 | GE4lpUDt340SQ... | afXPChY5c62yi... |
+------------------+------------------+------------------+
Total record(s): 1

SQL> commit;

SQL> begin;

SQL> select c_discount, c_last, c_credit, w_tax from customer, warehouse where w_id=1 and c_w_id=w_id and c_d_id=2 and c_id=1;
+------------------+------------------+------------------+------------------+
|       c_discount |           c_last |         c_credit |            w_tax |
+------------------+------------------+------------------+------------------+
|        26.250000 |     BARRBARRBARR |               GC |         0.125000 |
+------------------+------------------+------------------+------------------+
Total record(s): 1

SQL> select d_next_o_id, d_tax from district where d_id=2 and d_w_id=1;
+------------------+------------------+
|      d_next_o_id |            d_tax |
+------------------+------------------+
|             2097 |         0.312500 |
+------------------+------------------+
Total record(s): 1

SQL> update district set d_next_o_id=2100 where d_id=2 and d_w_id=1;

SQL> insert into orders values (1100, 2, 1, 1, '2026-07-02 16:01:40', 0, 5, 1);

SQL> insert into new_orders values (1100, 2, 1);

SQL> select i_price, i_name, i_data from item where i_id=1;
+------------------+------------------+------------------+
|          i_price |           i_name |           i_data |
+------------------+------------------+------------------+
|       387.500000 | em5qY0xbhf7jT... | ODk5NNaYinHCt... |
+------------------+------------------+------------------+
Total record(s): 1

SQL> select s_quantity, s_data, s_dist_01, s_dist_02, s_dist_03, s_dist_04, s_dist_05,s_dist_06, s_dist_07, s_dist_08, s_dist_09, s_dist_10 from stock where s_i_id=1 and s_w_id=1;
+------------------+------------------+------------------+------------------+------------------+------------------+------------------+------------------+------------------+------------------+------------------+------------------+
|       s_quantity |           s_data |        s_dist_01 |        s_dist_02 |        s_dist_03 |        s_dist_04 |        s_dist_05 |        s_dist_06 |        s_dist_07 |        s_dist_08 |        s_dist_09 |        s_dist_10 |
+------------------+------------------+------------------+------------------+------------------+------------------+------------------+------------------+------------------+------------------+------------------+------------------+
|               30 | EX7cPdLs2h5Cu... | BjeZBWGUE2RK9... | Giu0QtJbzMqDz... | x5qwcB5RFQ0PJ... | zBTPV7ZCAdkhp... | QLd5BxVOSe5EO... | L1UjatGc7rn5I... | 4cCGnVcADQNSR... | uwojesfvwKbKk... | 4N8CE0EbYc27l... | jD8imXof2fu84... |
+------------------+------------------+------------------+------------------+------------------+------------------+------------------+------------------+------------------+------------------+------------------+------------------+
Total record(s): 1

SQL> update stock set s_quantity=40 where s_i_id=1 and s_w_id=1;

SQL> insert into order_line values (1100, 2, 1, 1, 1, 1, '2026-07-02 16:01:40', 7, 13.125, 'profile-workload');

SQL> select i_price, i_name, i_data from item where i_id=1;
+------------------+------------------+------------------+
|          i_price |           i_name |           i_data |
+------------------+------------------+------------------+
|       387.500000 | em5qY0xbhf7jT... | ODk5NNaYinHCt... |
+------------------+------------------+------------------+
Total record(s): 1

SQL> commit;

SQL> begin;

SQL> select c_discount, c_last, c_credit, w_tax from customer, warehouse where w_id=1 and c_w_id=w_id and c_d_id=3 and c_id=2;
+------------------+------------------+------------------+------------------+
|       c_discount |           c_last |         c_credit |            w_tax |
+------------------+------------------+------------------+------------------+
|        31.250000 |     BARRBARROUGH |               BC |         0.125000 |
+------------------+------------------+------------------+------------------+
Total record(s): 1

SQL> select d_next_o_id, d_tax from district where d_id=3 and d_w_id=1;
+------------------+------------------+
|      d_next_o_id |            d_tax |
+------------------+------------------+
|             2098 |         0.125000 |
+------------------+------------------+
Total record(s): 1

SQL> update district set d_next_o_id=2101 where d_id=3 and d_w_id=1;

SQL> insert into orders values (1101, 3, 1, 2, '2026-07-02 16:01:41', 0, 5, 1);

SQL> insert into new_orders values (1101, 3, 1);

SQL> select i_price, i_name, i_data from item where i_id=2;
+------------------+------------------+------------------+
|          i_price |           i_name |           i_data |
+------------------+------------------+------------------+
|       376.125000 | MuXfgApP7KW0a... | 3Nb3DgfVu1KJp... |
+------------------+------------------+------------------+
Total record(s): 1

SQL> select s_quantity, s_data, s_dist_01, s_dist_02, s_dist_03, s_dist_04, s_dist_05,s_dist_06, s_dist_07, s_dist_08, s_dist_09, s_dist_10 from stock where s_i_id=2 and s_w_id=1;
+------------------+------------------+------------------+------------------+------------------+------------------+------------------+------------------+------------------+------------------+------------------+------------------+
|       s_quantity |           s_data |        s_dist_01 |        s_dist_02 |        s_dist_03 |        s_dist_04 |        s_dist_05 |        s_dist_06 |        s_dist_07 |        s_dist_08 |        s_dist_09 |        s_dist_10 |
+------------------+------------------+------------------+------------------+------------------+------------------+------------------+------------------+------------------+------------------+------------------+------------------+
|               31 | djOd4utkRfPov... | m5mzVzbMevZr0... | AcexKPCSIqIkI... | dtJHr8L1DGHhZ... | Q4qTTAxg8vItA... | mRVxHKkLJsGt5... | WY35fxzCEpf7J... | NudamqsKcBceN... | t6IWnrmkFgBcF... | 2QcCCffEf0CT8... | X1e603kIsyKdi... |
+------------------+------------------+------------------+------------------+------------------+------------------+------------------+------------------+------------------+------------------+------------------+------------------+
Total record(s): 1

SQL> update stock set s_quantity=41 where s_i_id=2 and s_w_id=1;

SQL> insert into order_line values (1101, 3, 1, 1, 2, 1, '2026-07-02 16:01:41', 8, 16.250, 'profile-workload');

SQL> select i_price, i_name, i_data from item where i_id=2;
+------------------+------------------+------------------+
|          i_price |           i_name |           i_data |
+------------------+------------------+------------------+
|       376.125000 | MuXfgApP7KW0a... | 3Nb3DgfVu1KJp... |
+------------------+------------------+------------------+
Total record(s): 1

SQL> commit;

SQL> begin;

SQL> select c_discount, c_last, c_credit, w_tax from customer, warehouse where w_id=1 and c_w_id=w_id and c_d_id=1 and c_id=3;
+------------------+------------------+------------------+------------------+
|       c_discount |           c_last |         c_credit |            w_tax |
+------------------+------------------+------------------+------------------+
|         6.125000 |     BARRBARRABLE |               BC |         0.125000 |
+------------------+------------------+------------------+------------------+
Total record(s): 1

SQL> select d_next_o_id, d_tax from district where d_id=1 and d_w_id=1;
+------------------+------------------+
|      d_next_o_id |            d_tax |
+------------------+------------------+
|             2099 |         0.312500 |
+------------------+------------------+
Total record(s): 1

SQL> update district set d_next_o_id=2102 where d_id=1 and d_w_id=1;

SQL> insert into orders values (1102, 1, 1, 3, '2026-07-02 16:01:42', 0, 5, 1);

SQL> insert into new_orders values (1102, 1, 1);

SQL> select i_price, i_name, i_data from item where i_id=3;
+------------------+------------------+------------------+
|          i_price |           i_name |           i_data |
+------------------+------------------+------------------+
|       109.311996 | yis0W0gx0pikT... | UNL1LJukAZWN0... |
+------------------+------------------+------------------+
Total record(s): 1

SQL> select s_quantity, s_data, s_dist_01, s_dist_02, s_dist_03, s_dist_04, s_dist_05,s_dist_06, s_dist_07, s_dist_08, s_dist_09, s_dist_10 from stock where s_i_id=3 and s_w_id=1;
+------------------+------------------+------------------+------------------+------------------+------------------+------------------+------------------+------------------+------------------+------------------+------------------+
|       s_quantity |           s_data |        s_dist_01 |        s_dist_02 |        s_dist_03 |        s_dist_04 |        s_dist_05 |        s_dist_06 |        s_dist_07 |        s_dist_08 |        s_dist_09 |        s_dist_10 |
+------------------+------------------+------------------+------------------+------------------+------------------+------------------+------------------+------------------+------------------+------------------+------------------+
|               32 | SW90NeiRcp87f... | PVa7W5l3wRhUk... | sFfSRZQKBjMBa... | 9PDW05BnxMAjj... | WDsQYXpbbflDi... | hhr7RsyaiQF26... | HQZojb6uhrRNn... | s6MwvjHhKyTOl... | 9YGuFFjBiK9br... | Awmc5ENeXc9hp... | j50sXBi3QQyxf... |
+------------------+------------------+------------------+------------------+------------------+------------------+------------------+------------------+------------------+------------------+------------------+------------------+
Total record(s): 1

SQL> update stock set s_quantity=42 where s_i_id=3 and s_w_id=1;

SQL> insert into order_line values (1102, 1, 1, 1, 3, 1, '2026-07-02 16:01:42', 9, 19.375, 'profile-workload');

SQL> select i_price, i_name, i_data from item where i_id=3;
+------------------+------------------+------------------+
|          i_price |           i_name |           i_data |
+------------------+------------------+------------------+
|       109.311996 | yis0W0gx0pikT... | UNL1LJukAZWN0... |
+------------------+------------------+------------------+
Total record(s): 1

SQL> commit;

SQL> begin;

SQL> select c_discount, c_last, c_credit, w_tax from customer, warehouse where w_id=1 and c_w_id=w_id and c_d_id=2 and c_id=4;
+------------------+------------------+------------------+------------------+
|       c_discount |           c_last |         c_credit |            w_tax |
+------------------+------------------+------------------+------------------+
|         2.625000 |     BARRBARRPRII |               BC |         0.125000 |
+------------------+------------------+------------------+------------------+
Total record(s): 1

SQL> select d_next_o_id, d_tax from district where d_id=2 and d_w_id=1;
+------------------+------------------+
|      d_next_o_id |            d_tax |
+------------------+------------------+
|             2100 |         0.312500 |
+------------------+------------------+
Total record(s): 1

SQL> update district set d_next_o_id=2103 where d_id=2 and d_w_id=1;

SQL> insert into orders values (1103, 2, 1, 4, '2026-07-02 16:01:43', 0, 5, 1);

SQL> insert into new_orders values (1103, 2, 1);

SQL> select i_price, i_name, i_data from item where i_id=4;
+------------------+------------------+------------------+
|          i_price |           i_name |           i_data |
+------------------+------------------+------------------+
|       409.625000 | 2ICLCJkJNRA17... | zIA2Qe5D57pOo... |
+------------------+------------------+------------------+
Total record(s): 1

SQL> select s_quantity, s_data, s_dist_01, s_dist_02, s_dist_03, s_dist_04, s_dist_05,s_dist_06, s_dist_07, s_dist_08, s_dist_09, s_dist_10 from stock where s_i_id=4 and s_w_id=1;
+------------------+------------------+------------------+------------------+------------------+------------------+------------------+------------------+------------------+------------------+------------------+------------------+
|       s_quantity |           s_data |        s_dist_01 |        s_dist_02 |        s_dist_03 |        s_dist_04 |        s_dist_05 |        s_dist_06 |        s_dist_07 |        s_dist_08 |        s_dist_09 |        s_dist_10 |
+------------------+------------------+------------------+------------------+------------------+------------------+------------------+------------------+------------------+------------------+------------------+------------------+
|               33 | tNV47N74JTS0h... | KhHDzdMjFV9aK... | FnqtSeXHt27hk... | I98ThwMdZvqRj... | nd0R8CYmCzMIR... | P0unv0aqSuyqM... | TxV4RKJXjWvgb... | 9bwmjHTDXSMgE... | Dbnc8n5QaCQcV... | IC1stRVUGTQfP... | h3hqiiIdNCVgi... |
+------------------+------------------+------------------+------------------+------------------+------------------+------------------+------------------+------------------+------------------+------------------+------------------+
Total record(s): 1

SQL> update stock set s_quantity=43 where s_i_id=4 and s_w_id=1;

SQL> insert into order_line values (1103, 2, 1, 1, 4, 1, '2026-07-02 16:01:43', 10, 22.500, 'profile-workload');

SQL> select i_price, i_name, i_data from item where i_id=4;
+------------------+------------------+------------------+
|          i_price |           i_name |           i_data |
+------------------+------------------+------------------+
|       409.625000 | 2ICLCJkJNRA17... | zIA2Qe5D57pOo... |
+------------------+------------------+------------------+
Total record(s): 1

SQL> commit;

SQL> begin;

SQL> select c_discount, c_last, c_credit, w_tax from customer, warehouse where w_id=1 and c_w_id=w_id and c_d_id=3 and c_id=5;
+------------------+------------------+------------------+------------------+
|       c_discount |           c_last |         c_credit |            w_tax |
+------------------+------------------+------------------+------------------+
|        13.500000 |     BARRBARRPRES |               GC |         0.125000 |
+------------------+------------------+------------------+------------------+
Total record(s): 1

SQL> select d_next_o_id, d_tax from district where d_id=3 and d_w_id=1;
+------------------+------------------+
|      d_next_o_id |            d_tax |
+------------------+------------------+
|             2101 |         0.125000 |
+------------------+------------------+
Total record(s): 1

SQL> update district set d_next_o_id=2104 where d_id=3 and d_w_id=1;

SQL> insert into orders values (1104, 3, 1, 5, '2026-07-02 16:01:44', 0, 5, 1);

SQL> insert into new_orders values (1104, 3, 1);

SQL> select i_price, i_name, i_data from item where i_id=5;
+------------------+------------------+------------------+
|          i_price |           i_name |           i_data |
+------------------+------------------+------------------+
|       275.312012 | RZk5jvuYMBSuu... | E0i7Tq7lKSEXP... |
+------------------+------------------+------------------+
Total record(s): 1

SQL> select s_quantity, s_data, s_dist_01, s_dist_02, s_dist_03, s_dist_04, s_dist_05,s_dist_06, s_dist_07, s_dist_08, s_dist_09, s_dist_10 from stock where s_i_id=5 and s_w_id=1;
+------------------+------------------+------------------+------------------+------------------+------------------+------------------+------------------+------------------+------------------+------------------+------------------+
|       s_quantity |           s_data |        s_dist_01 |        s_dist_02 |        s_dist_03 |        s_dist_04 |        s_dist_05 |        s_dist_06 |        s_dist_07 |        s_dist_08 |        s_dist_09 |        s_dist_10 |
+------------------+------------------+------------------+------------------+------------------+------------------+------------------+------------------+------------------+------------------+------------------+------------------+
|               34 | QYFsfK67qSSgD... | EyhdR4M4INXc6... | 3Sh5C1zBCE369... | DAVOmriOquWjn... | st8NpeFRSxXqV... | pbI8Bu5iafeZi... | RqerpGCSIGjUk... | 1qfNqV5BGwDCX... | OxRydX1ZaUo5g... | Q2zzmel4OIYR1... | 4bPmuMOwkfNJh... |
+------------------+------------------+------------------+------------------+------------------+------------------+------------------+------------------+------------------+------------------+------------------+------------------+
Total record(s): 1

SQL> update stock set s_quantity=44 where s_i_id=5 and s_w_id=1;

SQL> insert into order_line values (1104, 3, 1, 1, 5, 1, '2026-07-02 16:01:44', 11, 25.625, 'profile-workload');

SQL> select i_price, i_name, i_data from item where i_id=5;
+------------------+------------------+------------------+
|          i_price |           i_name |           i_data |
+------------------+------------------+------------------+
|       275.312012 | RZk5jvuYMBSuu... | E0i7Tq7lKSEXP... |
+------------------+------------------+------------------+
Total record(s): 1

SQL> commit;

SQL> begin;

SQL> select c_discount, c_last, c_credit, w_tax from customer, warehouse where w_id=1 and c_w_id=w_id and c_d_id=1 and c_id=6;
+------------------+------------------+------------------+------------------+
|       c_discount |           c_last |         c_credit |            w_tax |
+------------------+------------------+------------------+------------------+
|        42.500000 |     BARRBARRESEE |               GC |         0.125000 |
+------------------+------------------+------------------+------------------+
Total record(s): 1

SQL> select d_next_o_id, d_tax from district where d_id=1 and d_w_id=1;
+------------------+------------------+
|      d_next_o_id |            d_tax |
+------------------+------------------+
|             2102 |         0.312500 |
+------------------+------------------+
Total record(s): 1

SQL> update district set d_next_o_id=2105 where d_id=1 and d_w_id=1;

SQL> insert into orders values (1105, 1, 1, 6, '2026-07-02 16:01:45', 0, 5, 1);

SQL> insert into new_orders values (1105, 1, 1);

SQL> select i_price, i_name, i_data from item where i_id=6;
+------------------+------------------+------------------+
|          i_price |           i_name |           i_data |
+------------------+------------------+------------------+
|       246.625000 | XtAQYtNGlLC4W... | 475hhQJ8nAwFl... |
+------------------+------------------+------------------+
Total record(s): 1

SQL> select s_quantity, s_data, s_dist_01, s_dist_02, s_dist_03, s_dist_04, s_dist_05,s_dist_06, s_dist_07, s_dist_08, s_dist_09, s_dist_10 from stock where s_i_id=6 and s_w_id=1;
+------------------+------------------+------------------+------------------+------------------+------------------+------------------+------------------+------------------+------------------+------------------+------------------+
|       s_quantity |           s_data |        s_dist_01 |        s_dist_02 |        s_dist_03 |        s_dist_04 |        s_dist_05 |        s_dist_06 |        s_dist_07 |        s_dist_08 |        s_dist_09 |        s_dist_10 |
+------------------+------------------+------------------+------------------+------------------+------------------+------------------+------------------+------------------+------------------+------------------+------------------+
|               35 | 50jyi1h54GEtG... | OiK6a8H0lcdcd... | bwDwD4rTKeogY... | Xl7GYWRXWgP4A... | PBVwrhpwmVg50... | jqmZw3n5jFQMf... | hkMdmhQFGYsCj... | oS4oJdUIVsMEn... | 2DiVDJPAjAJpW... | t8sFA3u5UUTXk... | BU2YsWQVdREKm... |
+------------------+------------------+------------------+------------------+------------------+------------------+------------------+------------------+------------------+------------------+------------------+------------------+
Total record(s): 1

SQL> update stock set s_quantity=45 where s_i_id=6 and s_w_id=1;

SQL> insert into order_line values (1105, 1, 1, 1, 6, 1, '2026-07-02 16:01:45', 5, 28.750, 'profile-workload');

SQL> select i_price, i_name, i_data from item where i_id=6;
+------------------+------------------+------------------+
|          i_price |           i_name |           i_data |
+------------------+------------------+------------------+
|       246.625000 | XtAQYtNGlLC4W... | 475hhQJ8nAwFl... |
+------------------+------------------+------------------+
Total record(s): 1

SQL> commit;

SQL> begin;

SQL> select c_discount, c_last, c_credit, w_tax from customer, warehouse where w_id=1 and c_w_id=w_id and c_d_id=2 and c_id=7;
+------------------+------------------+------------------+------------------+
|       c_discount |           c_last |         c_credit |            w_tax |
+------------------+------------------+------------------+------------------+
|         8.625000 |     BARRBARRANTI |               GC |         0.125000 |
+------------------+------------------+------------------+------------------+
Total record(s): 1

SQL> select d_next_o_id, d_tax from district where d_id=2 and d_w_id=1;
+------------------+------------------+
|      d_next_o_id |            d_tax |
+------------------+------------------+
|             2103 |         0.312500 |
+------------------+------------------+
Total record(s): 1

SQL> update district set d_next_o_id=2106 where d_id=2 and d_w_id=1;

SQL> insert into orders values (1106, 2, 1, 7, '2026-07-02 16:01:46', 0, 5, 1);

SQL> insert into new_orders values (1106, 2, 1);

SQL> select i_price, i_name, i_data from item where i_id=7;
+------------------+------------------+------------------+
|          i_price |           i_name |           i_data |
+------------------+------------------+------------------+
|       720.312012 | QxmrKt4r3jZpe... | y3Ck1ZIsrAEvk... |
+------------------+------------------+------------------+
Total record(s): 1

SQL> select s_quantity, s_data, s_dist_01, s_dist_02, s_dist_03, s_dist_04, s_dist_05,s_dist_06, s_dist_07, s_dist_08, s_dist_09, s_dist_10 from stock where s_i_id=7 and s_w_id=1;
+------------------+------------------+------------------+------------------+------------------+------------------+------------------+------------------+------------------+------------------+------------------+------------------+
|       s_quantity |           s_data |        s_dist_01 |        s_dist_02 |        s_dist_03 |        s_dist_04 |        s_dist_05 |        s_dist_06 |        s_dist_07 |        s_dist_08 |        s_dist_09 |        s_dist_10 |
+------------------+------------------+------------------+------------------+------------------+------------------+------------------+------------------+------------------+------------------+------------------+------------------+
|               36 | 6TR82uEe90nx2... | zTbRDg94LHvMI... | hEXvypWdr3sUU... | HLXzlRZuw4ouj... | gTve6RS4jkci1... | SDVkfUqhlRi4O... | L7RZjPChBdWkI... | Va5kfTINfkU6k... | KjPoqwTgzPznL... | sv13V8rlPIUIb... | 1J47hj0njnyZw... |
+------------------+------------------+------------------+------------------+------------------+------------------+------------------+------------------+------------------+------------------+------------------+------------------+
Total record(s): 1

SQL> update stock set s_quantity=46 where s_i_id=7 and s_w_id=1;

SQL> insert into order_line values (1106, 2, 1, 1, 7, 1, '2026-07-02 16:01:46', 6, 31.875, 'profile-workload');

SQL> select i_price, i_name, i_data from item where i_id=7;
+------------------+------------------+------------------+
|          i_price |           i_name |           i_data |
+------------------+------------------+------------------+
|       720.312012 | QxmrKt4r3jZpe... | y3Ck1ZIsrAEvk... |
+------------------+------------------+------------------+
Total record(s): 1

SQL> commit;

SQL> begin;

SQL> select c_discount, c_last, c_credit, w_tax from customer, warehouse where w_id=1 and c_w_id=w_id and c_d_id=3 and c_id=8;
+------------------+------------------+------------------+------------------+
|       c_discount |           c_last |         c_credit |            w_tax |
+------------------+------------------+------------------+------------------+
|         7.500000 |     BARRBARRCALL |               BC |         0.125000 |
+------------------+------------------+------------------+------------------+
Total record(s): 1

SQL> select d_next_o_id, d_tax from district where d_id=3 and d_w_id=1;
+------------------+------------------+
|      d_next_o_id |            d_tax |
+------------------+------------------+
|             2104 |         0.125000 |
+------------------+------------------+
Total record(s): 1

SQL> update district set d_next_o_id=2107 where d_id=3 and d_w_id=1;

SQL> insert into orders values (1107, 3, 1, 8, '2026-07-02 16:01:47', 0, 5, 1);

SQL> insert into new_orders values (1107, 3, 1);

SQL> select i_price, i_name, i_data from item where i_id=8;
+------------------+------------------+------------------+
|          i_price |           i_name |           i_data |
+------------------+------------------+------------------+
|       299.625000 | LwcuLY4knHB2t... | XbZktjH3bejfU... |
+------------------+------------------+------------------+
Total record(s): 1

SQL> select s_quantity, s_data, s_dist_01, s_dist_02, s_dist_03, s_dist_04, s_dist_05,s_dist_06, s_dist_07, s_dist_08, s_dist_09, s_dist_10 from stock where s_i_id=8 and s_w_id=1;
+------------------+------------------+------------------+------------------+------------------+------------------+------------------+------------------+------------------+------------------+------------------+------------------+
|       s_quantity |           s_data |        s_dist_01 |        s_dist_02 |        s_dist_03 |        s_dist_04 |        s_dist_05 |        s_dist_06 |        s_dist_07 |        s_dist_08 |        s_dist_09 |        s_dist_10 |
+------------------+------------------+------------------+------------------+------------------+------------------+------------------+------------------+------------------+------------------+------------------+------------------+
|               37 | fTXM32U4bVGkz... | avoOS1XdrV51l... | Z9neUMy58l07U... | RNxN3XmFO1BgJ... | VnepNUJvyuw0p... | 6Ag1fw0vNNJKl... | 5uvinGPCep6xe... | ZPxi7QYYnb1fV... | uxA4gBY6UmQkC... | OuEIv3mEhSatH... | vVSJVc8LyoFjs... |
+------------------+------------------+------------------+------------------+------------------+------------------+------------------+------------------+------------------+------------------+------------------+------------------+
Total record(s): 1

SQL> update stock set s_quantity=47 where s_i_id=8 and s_w_id=1;

SQL> insert into order_line values (1107, 3, 1, 1, 8, 1, '2026-07-02 16:01:47', 7, 35.000, 'profile-workload');

SQL> select i_price, i_name, i_data from item where i_id=8;
+------------------+------------------+------------------+
|          i_price |           i_name |           i_data |
+------------------+------------------+------------------+
|       299.625000 | LwcuLY4knHB2t... | XbZktjH3bejfU... |
+------------------+------------------+------------------+
Total record(s): 1

SQL> commit;

SQL> begin;

SQL> select c_discount, c_last, c_credit, w_tax from customer, warehouse where w_id=1 and c_w_id=w_id and c_d_id=1 and c_id=9;
+------------------+------------------+------------------+------------------+
|       c_discount |           c_last |         c_credit |            w_tax |
+------------------+------------------+------------------+------------------+
|        19.125000 |     BARRBARRATIO |               BC |         0.125000 |
+------------------+------------------+------------------+------------------+
Total record(s): 1

SQL> select d_next_o_id, d_tax from district where d_id=1 and d_w_id=1;
+------------------+------------------+
|      d_next_o_id |            d_tax |
+------------------+------------------+
|             2105 |         0.312500 |
+------------------+------------------+
Total record(s): 1

SQL> update district set d_next_o_id=2108 where d_id=1 and d_w_id=1;

SQL> insert into orders values (1108, 1, 1, 9, '2026-07-02 16:01:48', 0, 5, 1);

SQL> insert into new_orders values (1108, 1, 1);

SQL> select i_price, i_name, i_data from item where i_id=9;
+------------------+------------------+------------------+
|          i_price |           i_name |           i_data |
+------------------+------------------+------------------+
|       399.250000 | Uc9L7VYwDlNMH... | SZr0MmdvXoiJp... |
+------------------+------------------+------------------+
Total record(s): 1

SQL> select s_quantity, s_data, s_dist_01, s_dist_02, s_dist_03, s_dist_04, s_dist_05,s_dist_06, s_dist_07, s_dist_08, s_dist_09, s_dist_10 from stock where s_i_id=9 and s_w_id=1;
+------------------+------------------+------------------+------------------+------------------+------------------+------------------+------------------+------------------+------------------+------------------+------------------+
|       s_quantity |           s_data |        s_dist_01 |        s_dist_02 |        s_dist_03 |        s_dist_04 |        s_dist_05 |        s_dist_06 |        s_dist_07 |        s_dist_08 |        s_dist_09 |        s_dist_10 |
+------------------+------------------+------------------+------------------+------------------+------------------+------------------+------------------+------------------+------------------+------------------+------------------+
|               38 | doNfCZ41KD2bA... | YRgh8eIxiFTCf... | urPDGs5lOGRj1... | ndEJXpGXq2Yoo... | TE1gnwxbFgZy3... | S4NfC74qIDvrr... | ZOTOXZq8RwlHX... | T97qM204iWLJs... | 1LPnk4ibiCEMd... | 8j8SPj1oyFkvs... | Oa5enU4CjO0KW... |
+------------------+------------------+------------------+------------------+------------------+------------------+------------------+------------------+------------------+------------------+------------------+------------------+
Total record(s): 1

SQL> update stock set s_quantity=48 where s_i_id=9 and s_w_id=1;

SQL> insert into order_line values (1108, 1, 1, 1, 9, 1, '2026-07-02 16:01:48', 8, 38.125, 'profile-workload');

SQL> select i_price, i_name, i_data from item where i_id=9;
+------------------+------------------+------------------+
|          i_price |           i_name |           i_data |
+------------------+------------------+------------------+
|       399.250000 | Uc9L7VYwDlNMH... | SZr0MmdvXoiJp... |
+------------------+------------------+------------------+
Total record(s): 1

SQL> commit;

SQL> begin;

SQL> select c_discount, c_last, c_credit, w_tax from customer, warehouse where w_id=1 and c_w_id=w_id and c_d_id=2 and c_id=10;
+------------------+------------------+------------------+------------------+
|       c_discount |           c_last |         c_credit |            w_tax |
+------------------+------------------+------------------+------------------+
|        33.312500 |     BARRBARREING |               GC |         0.125000 |
+------------------+------------------+------------------+------------------+
Total record(s): 1

SQL> select d_next_o_id, d_tax from district where d_id=2 and d_w_id=1;
+------------------+------------------+
|      d_next_o_id |            d_tax |
+------------------+------------------+
|             2106 |         0.312500 |
+------------------+------------------+
Total record(s): 1

SQL> update district set d_next_o_id=2109 where d_id=2 and d_w_id=1;

SQL> insert into orders values (1109, 2, 1, 10, '2026-07-02 16:01:49', 0, 5, 1);

SQL> insert into new_orders values (1109, 2, 1);

SQL> select i_price, i_name, i_data from item where i_id=10;
+------------------+------------------+------------------+
|          i_price |           i_name |           i_data |
+------------------+------------------+------------------+
|       309.625000 | GE4lpUDt340SQ... | afXPChY5c62yi... |
+------------------+------------------+------------------+
Total record(s): 1

SQL> select s_quantity, s_data, s_dist_01, s_dist_02, s_dist_03, s_dist_04, s_dist_05,s_dist_06, s_dist_07, s_dist_08, s_dist_09, s_dist_10 from stock where s_i_id=10 and s_w_id=1;
+------------------+------------------+------------------+------------------+------------------+------------------+------------------+------------------+------------------+------------------+------------------+------------------+
|       s_quantity |           s_data |        s_dist_01 |        s_dist_02 |        s_dist_03 |        s_dist_04 |        s_dist_05 |        s_dist_06 |        s_dist_07 |        s_dist_08 |        s_dist_09 |        s_dist_10 |
+------------------+------------------+------------------+------------------+------------------+------------------+------------------+------------------+------------------+------------------+------------------+------------------+
|               39 | gXrIBzRLX1Hrc... | eKrLB8TVHiI44... | ouIyEmeGRGi0o... | c4bwuOWiQjEoV... | Ef2IURhPGXHIb... | thXVk6wG5UMjA... | FaPc4hXpwRqJc... | PPaIGfQ7UgCiR... | B4mpk7r1Oy6Q9... | YctHbb8gqgNVL... | tahmqTg8YteQa... |
+------------------+------------------+------------------+------------------+------------------+------------------+------------------+------------------+------------------+------------------+------------------+------------------+
Total record(s): 1

SQL> update stock set s_quantity=49 where s_i_id=10 and s_w_id=1;

SQL> insert into order_line values (1109, 2, 1, 1, 10, 1, '2026-07-02 16:01:49', 9, 41.250, 'profile-workload');

SQL> select i_price, i_name, i_data from item where i_id=10;
+------------------+------------------+------------------+
|          i_price |           i_name |           i_data |
+------------------+------------------+------------------+
|       309.625000 | GE4lpUDt340SQ... | afXPChY5c62yi... |
+------------------+------------------+------------------+
Total record(s): 1

SQL> commit;

SQL> begin;

SQL> select c_discount, c_last, c_credit, w_tax from customer, warehouse where w_id=1 and c_w_id=w_id and c_d_id=3 and c_id=1;
+------------------+------------------+------------------+------------------+
|       c_discount |           c_last |         c_credit |            w_tax |
+------------------+------------------+------------------+------------------+
|        35.312500 |     BARRBARRBARR |               GC |         0.125000 |
+------------------+------------------+------------------+------------------+
Total record(s): 1

SQL> select d_next_o_id, d_tax from district where d_id=3 and d_w_id=1;
+------------------+------------------+
|      d_next_o_id |            d_tax |
+------------------+------------------+
|             2107 |         0.125000 |
+------------------+------------------+
Total record(s): 1

SQL> update district set d_next_o_id=2110 where d_id=3 and d_w_id=1;

SQL> insert into orders values (1110, 3, 1, 1, '2026-07-02 16:01:50', 0, 5, 1);

SQL> insert into new_orders values (1110, 3, 1);

SQL> select i_price, i_name, i_data from item where i_id=1;
+------------------+------------------+------------------+
|          i_price |           i_name |           i_data |
+------------------+------------------+------------------+
|       387.500000 | em5qY0xbhf7jT... | ODk5NNaYinHCt... |
+------------------+------------------+------------------+
Total record(s): 1

SQL> select s_quantity, s_data, s_dist_01, s_dist_02, s_dist_03, s_dist_04, s_dist_05,s_dist_06, s_dist_07, s_dist_08, s_dist_09, s_dist_10 from stock where s_i_id=1 and s_w_id=1;
+------------------+------------------+------------------+------------------+------------------+------------------+------------------+------------------+------------------+------------------+------------------+------------------+
|       s_quantity |           s_data |        s_dist_01 |        s_dist_02 |        s_dist_03 |        s_dist_04 |        s_dist_05 |        s_dist_06 |        s_dist_07 |        s_dist_08 |        s_dist_09 |        s_dist_10 |
+------------------+------------------+------------------+------------------+------------------+------------------+------------------+------------------+------------------+------------------+------------------+------------------+
|               40 | EX7cPdLs2h5Cu... | BjeZBWGUE2RK9... | Giu0QtJbzMqDz... | x5qwcB5RFQ0PJ... | zBTPV7ZCAdkhp... | QLd5BxVOSe5EO... | L1UjatGc7rn5I... | 4cCGnVcADQNSR... | uwojesfvwKbKk... | 4N8CE0EbYc27l... | jD8imXof2fu84... |
+------------------+------------------+------------------+------------------+------------------+------------------+------------------+------------------+------------------+------------------+------------------+------------------+
Total record(s): 1

SQL> update stock set s_quantity=50 where s_i_id=1 and s_w_id=1;

SQL> insert into order_line values (1110, 3, 1, 1, 1, 1, '2026-07-02 16:01:50', 10, 13.125, 'profile-workload');

SQL> select i_price, i_name, i_data from item where i_id=1;
+------------------+------------------+------------------+
|          i_price |           i_name |           i_data |
+------------------+------------------+------------------+
|       387.500000 | em5qY0xbhf7jT... | ODk5NNaYinHCt... |
+------------------+------------------+------------------+
Total record(s): 1

SQL> commit;

SQL> begin;

SQL> select c_discount, c_last, c_credit, w_tax from customer, warehouse where w_id=1 and c_w_id=w_id and c_d_id=1 and c_id=2;
+------------------+------------------+------------------+------------------+
|       c_discount |           c_last |         c_credit |            w_tax |
+------------------+------------------+------------------+------------------+
|         8.625000 |     BARRBARROUGH |               GC |         0.125000 |
+------------------+------------------+------------------+------------------+
Total record(s): 1

SQL> select d_next_o_id, d_tax from district where d_id=1 and d_w_id=1;
+------------------+------------------+
|      d_next_o_id |            d_tax |
+------------------+------------------+
|             2108 |         0.312500 |
+------------------+------------------+
Total record(s): 1

SQL> update district set d_next_o_id=2111 where d_id=1 and d_w_id=1;

SQL> insert into orders values (1111, 1, 1, 2, '2026-07-02 16:01:51', 0, 5, 1);

SQL> insert into new_orders values (1111, 1, 1);

SQL> select i_price, i_name, i_data from item where i_id=2;
+------------------+------------------+------------------+
|          i_price |           i_name |           i_data |
+------------------+------------------+------------------+
|       376.125000 | MuXfgApP7KW0a... | 3Nb3DgfVu1KJp... |
+------------------+------------------+------------------+
Total record(s): 1

SQL> select s_quantity, s_data, s_dist_01, s_dist_02, s_dist_03, s_dist_04, s_dist_05,s_dist_06, s_dist_07, s_dist_08, s_dist_09, s_dist_10 from stock where s_i_id=2 and s_w_id=1;
+------------------+------------------+------------------+------------------+------------------+------------------+------------------+------------------+------------------+------------------+------------------+------------------+
|       s_quantity |           s_data |        s_dist_01 |        s_dist_02 |        s_dist_03 |        s_dist_04 |        s_dist_05 |        s_dist_06 |        s_dist_07 |        s_dist_08 |        s_dist_09 |        s_dist_10 |
+------------------+------------------+------------------+------------------+------------------+------------------+------------------+------------------+------------------+------------------+------------------+------------------+
|               41 | djOd4utkRfPov... | m5mzVzbMevZr0... | AcexKPCSIqIkI... | dtJHr8L1DGHhZ... | Q4qTTAxg8vItA... | mRVxHKkLJsGt5... | WY35fxzCEpf7J... | NudamqsKcBceN... | t6IWnrmkFgBcF... | 2QcCCffEf0CT8... | X1e603kIsyKdi... |
+------------------+------------------+------------------+------------------+------------------+------------------+------------------+------------------+------------------+------------------+------------------+------------------+
Total record(s): 1

SQL> update stock set s_quantity=51 where s_i_id=2 and s_w_id=1;

SQL> insert into order_line values (1111, 1, 1, 1, 2, 1, '2026-07-02 16:01:51', 11, 16.250, 'profile-workload');

SQL> select i_price, i_name, i_data from item where i_id=2;
+------------------+------------------+------------------+
|          i_price |           i_name |           i_data |
+------------------+------------------+------------------+
|       376.125000 | MuXfgApP7KW0a... | 3Nb3DgfVu1KJp... |
+------------------+------------------+------------------+
Total record(s): 1

SQL> commit;

SQL> begin;

SQL> select c_discount, c_last, c_credit, w_tax from customer, warehouse where w_id=1 and c_w_id=w_id and c_d_id=2 and c_id=3;
+------------------+------------------+------------------+------------------+
|       c_discount |           c_last |         c_credit |            w_tax |
+------------------+------------------+------------------+------------------+
|        47.125000 |     BARRBARRABLE |               BC |         0.125000 |
+------------------+------------------+------------------+------------------+
Total record(s): 1

SQL> select d_next_o_id, d_tax from district where d_id=2 and d_w_id=1;
+------------------+------------------+
|      d_next_o_id |            d_tax |
+------------------+------------------+
|             2109 |         0.312500 |
+------------------+------------------+
Total record(s): 1

SQL> update district set d_next_o_id=2112 where d_id=2 and d_w_id=1;

SQL> insert into orders values (1112, 2, 1, 3, '2026-07-02 16:01:52', 0, 5, 1);

SQL> insert into new_orders values (1112, 2, 1);

SQL> select i_price, i_name, i_data from item where i_id=3;
+------------------+------------------+------------------+
|          i_price |           i_name |           i_data |
+------------------+------------------+------------------+
|       109.311996 | yis0W0gx0pikT... | UNL1LJukAZWN0... |
+------------------+------------------+------------------+
Total record(s): 1

SQL> select s_quantity, s_data, s_dist_01, s_dist_02, s_dist_03, s_dist_04, s_dist_05,s_dist_06, s_dist_07, s_dist_08, s_dist_09, s_dist_10 from stock where s_i_id=3 and s_w_id=1;
+------------------+------------------+------------------+------------------+------------------+------------------+------------------+------------------+------------------+------------------+------------------+------------------+
|       s_quantity |           s_data |        s_dist_01 |        s_dist_02 |        s_dist_03 |        s_dist_04 |        s_dist_05 |        s_dist_06 |        s_dist_07 |        s_dist_08 |        s_dist_09 |        s_dist_10 |
+------------------+------------------+------------------+------------------+------------------+------------------+------------------+------------------+------------------+------------------+------------------+------------------+
|               42 | SW90NeiRcp87f... | PVa7W5l3wRhUk... | sFfSRZQKBjMBa... | 9PDW05BnxMAjj... | WDsQYXpbbflDi... | hhr7RsyaiQF26... | HQZojb6uhrRNn... | s6MwvjHhKyTOl... | 9YGuFFjBiK9br... | Awmc5ENeXc9hp... | j50sXBi3QQyxf... |
+------------------+------------------+------------------+------------------+------------------+------------------+------------------+------------------+------------------+------------------+------------------+------------------+
Total record(s): 1

SQL> update stock set s_quantity=52 where s_i_id=3 and s_w_id=1;

SQL> insert into order_line values (1112, 2, 1, 1, 3, 1, '2026-07-02 16:01:52', 5, 19.375, 'profile-workload');

SQL> select i_price, i_name, i_data from item where i_id=3;
+------------------+------------------+------------------+
|          i_price |           i_name |           i_data |
+------------------+------------------+------------------+
|       109.311996 | yis0W0gx0pikT... | UNL1LJukAZWN0... |
+------------------+------------------+------------------+
Total record(s): 1

SQL> commit;

SQL> begin;

SQL> select c_discount, c_last, c_credit, w_tax from customer, warehouse where w_id=1 and c_w_id=w_id and c_d_id=3 and c_id=4;
+------------------+------------------+------------------+------------------+
|       c_discount |           c_last |         c_credit |            w_tax |
+------------------+------------------+------------------+------------------+
|        26.125000 |     BARRBARRPRII |               BC |         0.125000 |
+------------------+------------------+------------------+------------------+
Total record(s): 1

SQL> select d_next_o_id, d_tax from district where d_id=3 and d_w_id=1;
+------------------+------------------+
|      d_next_o_id |            d_tax |
+------------------+------------------+
|             2110 |         0.125000 |
+------------------+------------------+
Total record(s): 1

SQL> update district set d_next_o_id=2113 where d_id=3 and d_w_id=1;

SQL> insert into orders values (1113, 3, 1, 4, '2026-07-02 16:01:53', 0, 5, 1);

SQL> insert into new_orders values (1113, 3, 1);

SQL> select i_price, i_name, i_data from item where i_id=4;
+------------------+------------------+------------------+
|          i_price |           i_name |           i_data |
+------------------+------------------+------------------+
|       409.625000 | 2ICLCJkJNRA17... | zIA2Qe5D57pOo... |
+------------------+------------------+------------------+
Total record(s): 1

SQL> select s_quantity, s_data, s_dist_01, s_dist_02, s_dist_03, s_dist_04, s_dist_05,s_dist_06, s_dist_07, s_dist_08, s_dist_09, s_dist_10 from stock where s_i_id=4 and s_w_id=1;
+------------------+------------------+------------------+------------------+------------------+------------------+------------------+------------------+------------------+------------------+------------------+------------------+
|       s_quantity |           s_data |        s_dist_01 |        s_dist_02 |        s_dist_03 |        s_dist_04 |        s_dist_05 |        s_dist_06 |        s_dist_07 |        s_dist_08 |        s_dist_09 |        s_dist_10 |
+------------------+------------------+------------------+------------------+------------------+------------------+------------------+------------------+------------------+------------------+------------------+------------------+
|               43 | tNV47N74JTS0h... | KhHDzdMjFV9aK... | FnqtSeXHt27hk... | I98ThwMdZvqRj... | nd0R8CYmCzMIR... | P0unv0aqSuyqM... | TxV4RKJXjWvgb... | 9bwmjHTDXSMgE... | Dbnc8n5QaCQcV... | IC1stRVUGTQfP... | h3hqiiIdNCVgi... |
+------------------+------------------+------------------+------------------+------------------+------------------+------------------+------------------+------------------+------------------+------------------+------------------+
Total record(s): 1

SQL> update stock set s_quantity=53 where s_i_id=4 and s_w_id=1;

SQL> insert into order_line values (1113, 3, 1, 1, 4, 1, '2026-07-02 16:01:53', 6, 22.500, 'profile-workload');

SQL> select i_price, i_name, i_data from item where i_id=4;
+------------------+------------------+------------------+
|          i_price |           i_name |           i_data |
+------------------+------------------+------------------+
|       409.625000 | 2ICLCJkJNRA17... | zIA2Qe5D57pOo... |
+------------------+------------------+------------------+
Total record(s): 1

SQL> commit;

SQL> begin;

SQL> select c_discount, c_last, c_credit, w_tax from customer, warehouse where w_id=1 and c_w_id=w_id and c_d_id=1 and c_id=5;
+------------------+------------------+------------------+------------------+
|       c_discount |           c_last |         c_credit |            w_tax |
+------------------+------------------+------------------+------------------+
|        24.625000 |     BARRBARRPRES |               GC |         0.125000 |
+------------------+------------------+------------------+------------------+
Total record(s): 1

SQL> select d_next_o_id, d_tax from district where d_id=1 and d_w_id=1;
+------------------+------------------+
|      d_next_o_id |            d_tax |
+------------------+------------------+
|             2111 |         0.312500 |
+------------------+------------------+
Total record(s): 1

SQL> update district set d_next_o_id=2114 where d_id=1 and d_w_id=1;

SQL> insert into orders values (1114, 1, 1, 5, '2026-07-02 16:01:54', 0, 5, 1);

SQL> insert into new_orders values (1114, 1, 1);

SQL> select i_price, i_name, i_data from item where i_id=5;
+------------------+------------------+------------------+
|          i_price |           i_name |           i_data |
+------------------+------------------+------------------+
|       275.312012 | RZk5jvuYMBSuu... | E0i7Tq7lKSEXP... |
+------------------+------------------+------------------+
Total record(s): 1

SQL> select s_quantity, s_data, s_dist_01, s_dist_02, s_dist_03, s_dist_04, s_dist_05,s_dist_06, s_dist_07, s_dist_08, s_dist_09, s_dist_10 from stock where s_i_id=5 and s_w_id=1;
+------------------+------------------+------------------+------------------+------------------+------------------+------------------+------------------+------------------+------------------+------------------+------------------+
|       s_quantity |           s_data |        s_dist_01 |        s_dist_02 |        s_dist_03 |        s_dist_04 |        s_dist_05 |        s_dist_06 |        s_dist_07 |        s_dist_08 |        s_dist_09 |        s_dist_10 |
+------------------+------------------+------------------+------------------+------------------+------------------+------------------+------------------+------------------+------------------+------------------+------------------+
|               44 | QYFsfK67qSSgD... | EyhdR4M4INXc6... | 3Sh5C1zBCE369... | DAVOmriOquWjn... | st8NpeFRSxXqV... | pbI8Bu5iafeZi... | RqerpGCSIGjUk... | 1qfNqV5BGwDCX... | OxRydX1ZaUo5g... | Q2zzmel4OIYR1... | 4bPmuMOwkfNJh... |
+------------------+------------------+------------------+------------------+------------------+------------------+------------------+------------------+------------------+------------------+------------------+------------------+
Total record(s): 1

SQL> update stock set s_quantity=54 where s_i_id=5 and s_w_id=1;

SQL> insert into order_line values (1114, 1, 1, 1, 5, 1, '2026-07-02 16:01:54', 7, 25.625, 'profile-workload');

SQL> select i_price, i_name, i_data from item where i_id=5;
+------------------+------------------+------------------+
|          i_price |           i_name |           i_data |
+------------------+------------------+------------------+
|       275.312012 | RZk5jvuYMBSuu... | E0i7Tq7lKSEXP... |
+------------------+------------------+------------------+
Total record(s): 1

SQL> commit;

SQL> begin;

SQL> select c_discount, c_last, c_credit, w_tax from customer, warehouse where w_id=1 and c_w_id=w_id and c_d_id=2 and c_id=6;
+------------------+------------------+------------------+------------------+
|       c_discount |           c_last |         c_credit |            w_tax |
+------------------+------------------+------------------+------------------+
|        19.500000 |     BARRBARRESEE |               BC |         0.125000 |
+------------------+------------------+------------------+------------------+
Total record(s): 1

SQL> select d_next_o_id, d_tax from district where d_id=2 and d_w_id=1;
+------------------+------------------+
|      d_next_o_id |            d_tax |
+------------------+------------------+
|             2112 |         0.312500 |
+------------------+------------------+
Total record(s): 1

SQL> update district set d_next_o_id=2115 where d_id=2 and d_w_id=1;

SQL> insert into orders values (1115, 2, 1, 6, '2026-07-02 16:01:55', 0, 5, 1);

SQL> insert into new_orders values (1115, 2, 1);

SQL> select i_price, i_name, i_data from item where i_id=6;
+------------------+------------------+------------------+
|          i_price |           i_name |           i_data |
+------------------+------------------+------------------+
|       246.625000 | XtAQYtNGlLC4W... | 475hhQJ8nAwFl... |
+------------------+------------------+------------------+
Total record(s): 1

SQL> select s_quantity, s_data, s_dist_01, s_dist_02, s_dist_03, s_dist_04, s_dist_05,s_dist_06, s_dist_07, s_dist_08, s_dist_09, s_dist_10 from stock where s_i_id=6 and s_w_id=1;
+------------------+------------------+------------------+------------------+------------------+------------------+------------------+------------------+------------------+------------------+------------------+------------------+
|       s_quantity |           s_data |        s_dist_01 |        s_dist_02 |        s_dist_03 |        s_dist_04 |        s_dist_05 |        s_dist_06 |        s_dist_07 |        s_dist_08 |        s_dist_09 |        s_dist_10 |
+------------------+------------------+------------------+------------------+------------------+------------------+------------------+------------------+------------------+------------------+------------------+------------------+
|               45 | 50jyi1h54GEtG... | OiK6a8H0lcdcd... | bwDwD4rTKeogY... | Xl7GYWRXWgP4A... | PBVwrhpwmVg50... | jqmZw3n5jFQMf... | hkMdmhQFGYsCj... | oS4oJdUIVsMEn... | 2DiVDJPAjAJpW... | t8sFA3u5UUTXk... | BU2YsWQVdREKm... |
+------------------+------------------+------------------+------------------+------------------+------------------+------------------+------------------+------------------+------------------+------------------+------------------+
Total record(s): 1

SQL> update stock set s_quantity=55 where s_i_id=6 and s_w_id=1;

SQL> insert into order_line values (1115, 2, 1, 1, 6, 1, '2026-07-02 16:01:55', 8, 28.750, 'profile-workload');

SQL> select i_price, i_name, i_data from item where i_id=6;
+------------------+------------------+------------------+
|          i_price |           i_name |           i_data |
+------------------+------------------+------------------+
|       246.625000 | XtAQYtNGlLC4W... | 475hhQJ8nAwFl... |
+------------------+------------------+------------------+
Total record(s): 1

SQL> commit;

SQL> begin;

SQL> select c_discount, c_last, c_credit, w_tax from customer, warehouse where w_id=1 and c_w_id=w_id and c_d_id=3 and c_id=7;
+------------------+------------------+------------------+------------------+
|       c_discount |           c_last |         c_credit |            w_tax |
+------------------+------------------+------------------+------------------+
|         3.312500 |     BARRBARRANTI |               BC |         0.125000 |
+------------------+------------------+------------------+------------------+
Total record(s): 1

SQL> select d_next_o_id, d_tax from district where d_id=3 and d_w_id=1;
+------------------+------------------+
|      d_next_o_id |            d_tax |
+------------------+------------------+
|             2113 |         0.125000 |
+------------------+------------------+
Total record(s): 1

SQL> update district set d_next_o_id=2116 where d_id=3 and d_w_id=1;

SQL> insert into orders values (1116, 3, 1, 7, '2026-07-02 16:01:56', 0, 5, 1);

SQL> insert into new_orders values (1116, 3, 1);

SQL> select i_price, i_name, i_data from item where i_id=7;
+------------------+------------------+------------------+
|          i_price |           i_name |           i_data |
+------------------+------------------+------------------+
|       720.312012 | QxmrKt4r3jZpe... | y3Ck1ZIsrAEvk... |
+------------------+------------------+------------------+
Total record(s): 1

SQL> select s_quantity, s_data, s_dist_01, s_dist_02, s_dist_03, s_dist_04, s_dist_05,s_dist_06, s_dist_07, s_dist_08, s_dist_09, s_dist_10 from stock where s_i_id=7 and s_w_id=1;
+------------------+------------------+------------------+------------------+------------------+------------------+------------------+------------------+------------------+------------------+------------------+------------------+
|       s_quantity |           s_data |        s_dist_01 |        s_dist_02 |        s_dist_03 |        s_dist_04 |        s_dist_05 |        s_dist_06 |        s_dist_07 |        s_dist_08 |        s_dist_09 |        s_dist_10 |
+------------------+------------------+------------------+------------------+------------------+------------------+------------------+------------------+------------------+------------------+------------------+------------------+
|               46 | 6TR82uEe90nx2... | zTbRDg94LHvMI... | hEXvypWdr3sUU... | HLXzlRZuw4ouj... | gTve6RS4jkci1... | SDVkfUqhlRi4O... | L7RZjPChBdWkI... | Va5kfTINfkU6k... | KjPoqwTgzPznL... | sv13V8rlPIUIb... | 1J47hj0njnyZw... |
+------------------+------------------+------------------+------------------+------------------+------------------+------------------+------------------+------------------+------------------+------------------+------------------+
Total record(s): 1

SQL> update stock set s_quantity=56 where s_i_id=7 and s_w_id=1;

SQL> insert into order_line values (1116, 3, 1, 1, 7, 1, '2026-07-02 16:01:56', 9, 31.875, 'profile-workload');

SQL> select i_price, i_name, i_data from item where i_id=7;
+------------------+------------------+------------------+
|          i_price |           i_name |           i_data |
+------------------+------------------+------------------+
|       720.312012 | QxmrKt4r3jZpe... | y3Ck1ZIsrAEvk... |
+------------------+------------------+------------------+
Total record(s): 1

SQL> commit;

SQL> begin;

SQL> select c_discount, c_last, c_credit, w_tax from customer, warehouse where w_id=1 and c_w_id=w_id and c_d_id=1 and c_id=8;
+------------------+------------------+------------------+------------------+
|       c_discount |           c_last |         c_credit |            w_tax |
+------------------+------------------+------------------+------------------+
|        30.625000 |     BARRBARRCALL |               BC |         0.125000 |
+------------------+------------------+------------------+------------------+
Total record(s): 1

SQL> select d_next_o_id, d_tax from district where d_id=1 and d_w_id=1;
+------------------+------------------+
|      d_next_o_id |            d_tax |
+------------------+------------------+
|             2114 |         0.312500 |
+------------------+------------------+
Total record(s): 1

SQL> update district set d_next_o_id=2117 where d_id=1 and d_w_id=1;

SQL> insert into orders values (1117, 1, 1, 8, '2026-07-02 16:01:57', 0, 5, 1);

SQL> insert into new_orders values (1117, 1, 1);

SQL> select i_price, i_name, i_data from item where i_id=8;
+------------------+------------------+------------------+
|          i_price |           i_name |           i_data |
+------------------+------------------+------------------+
|       299.625000 | LwcuLY4knHB2t... | XbZktjH3bejfU... |
+------------------+------------------+------------------+
Total record(s): 1

SQL> select s_quantity, s_data, s_dist_01, s_dist_02, s_dist_03, s_dist_04, s_dist_05,s_dist_06, s_dist_07, s_dist_08, s_dist_09, s_dist_10 from stock where s_i_id=8 and s_w_id=1;
+------------------+------------------+------------------+------------------+------------------+------------------+------------------+------------------+------------------+------------------+------------------+------------------+
|       s_quantity |           s_data |        s_dist_01 |        s_dist_02 |        s_dist_03 |        s_dist_04 |        s_dist_05 |        s_dist_06 |        s_dist_07 |        s_dist_08 |        s_dist_09 |        s_dist_10 |
+------------------+------------------+------------------+------------------+------------------+------------------+------------------+------------------+------------------+------------------+------------------+------------------+
|               47 | fTXM32U4bVGkz... | avoOS1XdrV51l... | Z9neUMy58l07U... | RNxN3XmFO1BgJ... | VnepNUJvyuw0p... | 6Ag1fw0vNNJKl... | 5uvinGPCep6xe... | ZPxi7QYYnb1fV... | uxA4gBY6UmQkC... | OuEIv3mEhSatH... | vVSJVc8LyoFjs... |
+------------------+------------------+------------------+------------------+------------------+------------------+------------------+------------------+------------------+------------------+------------------+------------------+
Total record(s): 1

SQL> update stock set s_quantity=57 where s_i_id=8 and s_w_id=1;

SQL> insert into order_line values (1117, 1, 1, 1, 8, 1, '2026-07-02 16:01:57', 10, 35.000, 'profile-workload');

SQL> select i_price, i_name, i_data from item where i_id=8;
+------------------+------------------+------------------+
|          i_price |           i_name |           i_data |
+------------------+------------------+------------------+
|       299.625000 | LwcuLY4knHB2t... | XbZktjH3bejfU... |
+------------------+------------------+------------------+
Total record(s): 1

SQL> commit;

SQL> begin;

SQL> select c_discount, c_last, c_credit, w_tax from customer, warehouse where w_id=1 and c_w_id=w_id and c_d_id=2 and c_id=9;
+------------------+------------------+------------------+------------------+
|       c_discount |           c_last |         c_credit |            w_tax |
+------------------+------------------+------------------+------------------+
|        37.500000 |     BARRBARRATIO |               GC |         0.125000 |
+------------------+------------------+------------------+------------------+
Total record(s): 1

SQL> select d_next_o_id, d_tax from district where d_id=2 and d_w_id=1;
+------------------+------------------+
|      d_next_o_id |            d_tax |
+------------------+------------------+
|             2115 |         0.312500 |
+------------------+------------------+
Total record(s): 1

SQL> update district set d_next_o_id=2118 where d_id=2 and d_w_id=1;

SQL> insert into orders values (1118, 2, 1, 9, '2026-07-02 16:01:58', 0, 5, 1);

SQL> insert into new_orders values (1118, 2, 1);

SQL> select i_price, i_name, i_data from item where i_id=9;
+------------------+------------------+------------------+
|          i_price |           i_name |           i_data |
+------------------+------------------+------------------+
|       399.250000 | Uc9L7VYwDlNMH... | SZr0MmdvXoiJp... |
+------------------+------------------+------------------+
Total record(s): 1

SQL> select s_quantity, s_data, s_dist_01, s_dist_02, s_dist_03, s_dist_04, s_dist_05,s_dist_06, s_dist_07, s_dist_08, s_dist_09, s_dist_10 from stock where s_i_id=9 and s_w_id=1;
+------------------+------------------+------------------+------------------+------------------+------------------+------------------+------------------+------------------+------------------+------------------+------------------+
|       s_quantity |           s_data |        s_dist_01 |        s_dist_02 |        s_dist_03 |        s_dist_04 |        s_dist_05 |        s_dist_06 |        s_dist_07 |        s_dist_08 |        s_dist_09 |        s_dist_10 |
+------------------+------------------+------------------+------------------+------------------+------------------+------------------+------------------+------------------+------------------+------------------+------------------+
|               48 | doNfCZ41KD2bA... | YRgh8eIxiFTCf... | urPDGs5lOGRj1... | ndEJXpGXq2Yoo... | TE1gnwxbFgZy3... | S4NfC74qIDvrr... | ZOTOXZq8RwlHX... | T97qM204iWLJs... | 1LPnk4ibiCEMd... | 8j8SPj1oyFkvs... | Oa5enU4CjO0KW... |
+------------------+------------------+------------------+------------------+------------------+------------------+------------------+------------------+------------------+------------------+------------------+------------------+
Total record(s): 1

SQL> update stock set s_quantity=58 where s_i_id=9 and s_w_id=1;

SQL> insert into order_line values (1118, 2, 1, 1, 9, 1, '2026-07-02 16:01:58', 11, 38.125, 'profile-workload');

SQL> select i_price, i_name, i_data from item where i_id=9;
+------------------+------------------+------------------+
|          i_price |           i_name |           i_data |
+------------------+------------------+------------------+
|       399.250000 | Uc9L7VYwDlNMH... | SZr0MmdvXoiJp... |
+------------------+------------------+------------------+
Total record(s): 1

SQL> commit;

SQL> begin;

SQL> select c_discount, c_last, c_credit, w_tax from customer, warehouse where w_id=1 and c_w_id=w_id and c_d_id=3 and c_id=10;
+------------------+------------------+------------------+------------------+
|       c_discount |           c_last |         c_credit |            w_tax |
+------------------+------------------+------------------+------------------+
|        29.625000 |     BARRBARREING |               GC |         0.125000 |
+------------------+------------------+------------------+------------------+
Total record(s): 1

SQL> select d_next_o_id, d_tax from district where d_id=3 and d_w_id=1;
+------------------+------------------+
|      d_next_o_id |            d_tax |
+------------------+------------------+
|             2116 |         0.125000 |
+------------------+------------------+
Total record(s): 1

SQL> update district set d_next_o_id=2119 where d_id=3 and d_w_id=1;

SQL> insert into orders values (1119, 3, 1, 10, '2026-07-02 16:01:59', 0, 5, 1);

SQL> insert into new_orders values (1119, 3, 1);

SQL> select i_price, i_name, i_data from item where i_id=10;
+------------------+------------------+------------------+
|          i_price |           i_name |           i_data |
+------------------+------------------+------------------+
|       309.625000 | GE4lpUDt340SQ... | afXPChY5c62yi... |
+------------------+------------------+------------------+
Total record(s): 1

SQL> select s_quantity, s_data, s_dist_01, s_dist_02, s_dist_03, s_dist_04, s_dist_05,s_dist_06, s_dist_07, s_dist_08, s_dist_09, s_dist_10 from stock where s_i_id=10 and s_w_id=1;
+------------------+------------------+------------------+------------------+------------------+------------------+------------------+------------------+------------------+------------------+------------------+------------------+
|       s_quantity |           s_data |        s_dist_01 |        s_dist_02 |        s_dist_03 |        s_dist_04 |        s_dist_05 |        s_dist_06 |        s_dist_07 |        s_dist_08 |        s_dist_09 |        s_dist_10 |
+------------------+------------------+------------------+------------------+------------------+------------------+------------------+------------------+------------------+------------------+------------------+------------------+
|               49 | gXrIBzRLX1Hrc... | eKrLB8TVHiI44... | ouIyEmeGRGi0o... | c4bwuOWiQjEoV... | Ef2IURhPGXHIb... | thXVk6wG5UMjA... | FaPc4hXpwRqJc... | PPaIGfQ7UgCiR... | B4mpk7r1Oy6Q9... | YctHbb8gqgNVL... | tahmqTg8YteQa... |
+------------------+------------------+------------------+------------------+------------------+------------------+------------------+------------------+------------------+------------------+------------------+------------------+
Total record(s): 1

SQL> update stock set s_quantity=59 where s_i_id=10 and s_w_id=1;

SQL> insert into order_line values (1119, 3, 1, 1, 10, 1, '2026-07-02 16:01:59', 5, 41.250, 'profile-workload');

SQL> select i_price, i_name, i_data from item where i_id=10;
+------------------+------------------+------------------+
|          i_price |           i_name |           i_data |
+------------------+------------------+------------------+
|       309.625000 | GE4lpUDt340SQ... | afXPChY5c62yi... |
+------------------+------------------+------------------+
Total record(s): 1

SQL> commit;

SQL> begin;

SQL> select c_discount, c_last, c_credit, w_tax from customer, warehouse where w_id=1 and c_w_id=w_id and c_d_id=1 and c_id=1;
+------------------+------------------+------------------+------------------+
|       c_discount |           c_last |         c_credit |            w_tax |
+------------------+------------------+------------------+------------------+
|         6.500000 |     BARRBARRBARR |               GC |         0.125000 |
+------------------+------------------+------------------+------------------+
Total record(s): 1

SQL> select d_next_o_id, d_tax from district where d_id=1 and d_w_id=1;
+------------------+------------------+
|      d_next_o_id |            d_tax |
+------------------+------------------+
|             2117 |         0.312500 |
+------------------+------------------+
Total record(s): 1

SQL> update district set d_next_o_id=2120 where d_id=1 and d_w_id=1;

SQL> insert into orders values (1120, 1, 1, 1, '2026-07-02 16:02:00', 0, 5, 1);

SQL> insert into new_orders values (1120, 1, 1);

SQL> select i_price, i_name, i_data from item where i_id=1;
+------------------+------------------+------------------+
|          i_price |           i_name |           i_data |
+------------------+------------------+------------------+
|       387.500000 | em5qY0xbhf7jT... | ODk5NNaYinHCt... |
+------------------+------------------+------------------+
Total record(s): 1

SQL> select s_quantity, s_data, s_dist_01, s_dist_02, s_dist_03, s_dist_04, s_dist_05,s_dist_06, s_dist_07, s_dist_08, s_dist_09, s_dist_10 from stock where s_i_id=1 and s_w_id=1;
+------------------+------------------+------------------+------------------+------------------+------------------+------------------+------------------+------------------+------------------+------------------+------------------+
|       s_quantity |           s_data |        s_dist_01 |        s_dist_02 |        s_dist_03 |        s_dist_04 |        s_dist_05 |        s_dist_06 |        s_dist_07 |        s_dist_08 |        s_dist_09 |        s_dist_10 |
+------------------+------------------+------------------+------------------+------------------+------------------+------------------+------------------+------------------+------------------+------------------+------------------+
|               50 | EX7cPdLs2h5Cu... | BjeZBWGUE2RK9... | Giu0QtJbzMqDz... | x5qwcB5RFQ0PJ... | zBTPV7ZCAdkhp... | QLd5BxVOSe5EO... | L1UjatGc7rn5I... | 4cCGnVcADQNSR... | uwojesfvwKbKk... | 4N8CE0EbYc27l... | jD8imXof2fu84... |
+------------------+------------------+------------------+------------------+------------------+------------------+------------------+------------------+------------------+------------------+------------------+------------------+
Total record(s): 1

SQL> update stock set s_quantity=60 where s_i_id=1 and s_w_id=1;

SQL> insert into order_line values (1120, 1, 1, 1, 1, 1, '2026-07-02 16:02:00', 6, 13.125, 'profile-workload');

SQL> select i_price, i_name, i_data from item where i_id=1;
+------------------+------------------+------------------+
|          i_price |           i_name |           i_data |
+------------------+------------------+------------------+
|       387.500000 | em5qY0xbhf7jT... | ODk5NNaYinHCt... |
+------------------+------------------+------------------+
Total record(s): 1

SQL> commit;

SQL> begin;

SQL> select c_discount, c_last, c_credit, w_tax from customer, warehouse where w_id=1 and c_w_id=w_id and c_d_id=2 and c_id=2;
+------------------+------------------+------------------+------------------+
|       c_discount |           c_last |         c_credit |            w_tax |
+------------------+------------------+------------------+------------------+
|         3.125000 |     BARRBARROUGH |               GC |         0.125000 |
+------------------+------------------+------------------+------------------+
Total record(s): 1

SQL> select d_next_o_id, d_tax from district where d_id=2 and d_w_id=1;
+------------------+------------------+
|      d_next_o_id |            d_tax |
+------------------+------------------+
|             2118 |         0.312500 |
+------------------+------------------+
Total record(s): 1

SQL> update district set d_next_o_id=2121 where d_id=2 and d_w_id=1;

SQL> insert into orders values (1121, 2, 1, 2, '2026-07-02 16:02:01', 0, 5, 1);

SQL> insert into new_orders values (1121, 2, 1);

SQL> select i_price, i_name, i_data from item where i_id=2;
+------------------+------------------+------------------+
|          i_price |           i_name |           i_data |
+------------------+------------------+------------------+
|       376.125000 | MuXfgApP7KW0a... | 3Nb3DgfVu1KJp... |
+------------------+------------------+------------------+
Total record(s): 1

SQL> select s_quantity, s_data, s_dist_01, s_dist_02, s_dist_03, s_dist_04, s_dist_05,s_dist_06, s_dist_07, s_dist_08, s_dist_09, s_dist_10 from stock where s_i_id=2 and s_w_id=1;
+------------------+------------------+------------------+------------------+------------------+------------------+------------------+------------------+------------------+------------------+------------------+------------------+
|       s_quantity |           s_data |        s_dist_01 |        s_dist_02 |        s_dist_03 |        s_dist_04 |        s_dist_05 |        s_dist_06 |        s_dist_07 |        s_dist_08 |        s_dist_09 |        s_dist_10 |
+------------------+------------------+------------------+------------------+------------------+------------------+------------------+------------------+------------------+------------------+------------------+------------------+
|               51 | djOd4utkRfPov... | m5mzVzbMevZr0... | AcexKPCSIqIkI... | dtJHr8L1DGHhZ... | Q4qTTAxg8vItA... | mRVxHKkLJsGt5... | WY35fxzCEpf7J... | NudamqsKcBceN... | t6IWnrmkFgBcF... | 2QcCCffEf0CT8... | X1e603kIsyKdi... |
+------------------+------------------+------------------+------------------+------------------+------------------+------------------+------------------+------------------+------------------+------------------+------------------+
Total record(s): 1

SQL> update stock set s_quantity=61 where s_i_id=2 and s_w_id=1;

SQL> insert into order_line values (1121, 2, 1, 1, 2, 1, '2026-07-02 16:02:01', 7, 16.250, 'profile-workload');

SQL> select i_price, i_name, i_data from item where i_id=2;
+------------------+------------------+------------------+
|          i_price |           i_name |           i_data |
+------------------+------------------+------------------+
|       376.125000 | MuXfgApP7KW0a... | 3Nb3DgfVu1KJp... |
+------------------+------------------+------------------+
Total record(s): 1

SQL> commit;

SQL> begin;

SQL> select c_discount, c_last, c_credit, w_tax from customer, warehouse where w_id=1 and c_w_id=w_id and c_d_id=3 and c_id=3;
+------------------+------------------+------------------+------------------+
|       c_discount |           c_last |         c_credit |            w_tax |
+------------------+------------------+------------------+------------------+
|        10.500000 |     BARRBARRABLE |               BC |         0.125000 |
+------------------+------------------+------------------+------------------+
Total record(s): 1

SQL> select d_next_o_id, d_tax from district where d_id=3 and d_w_id=1;
+------------------+------------------+
|      d_next_o_id |            d_tax |
+------------------+------------------+
|             2119 |         0.125000 |
+------------------+------------------+
Total record(s): 1

SQL> update district set d_next_o_id=2122 where d_id=3 and d_w_id=1;

SQL> insert into orders values (1122, 3, 1, 3, '2026-07-02 16:02:02', 0, 5, 1);

SQL> insert into new_orders values (1122, 3, 1);

SQL> select i_price, i_name, i_data from item where i_id=3;
+------------------+------------------+------------------+
|          i_price |           i_name |           i_data |
+------------------+------------------+------------------+
|       109.311996 | yis0W0gx0pikT... | UNL1LJukAZWN0... |
+------------------+------------------+------------------+
Total record(s): 1

SQL> select s_quantity, s_data, s_dist_01, s_dist_02, s_dist_03, s_dist_04, s_dist_05,s_dist_06, s_dist_07, s_dist_08, s_dist_09, s_dist_10 from stock where s_i_id=3 and s_w_id=1;
+------------------+------------------+------------------+------------------+------------------+------------------+------------------+------------------+------------------+------------------+------------------+------------------+
|       s_quantity |           s_data |        s_dist_01 |        s_dist_02 |        s_dist_03 |        s_dist_04 |        s_dist_05 |        s_dist_06 |        s_dist_07 |        s_dist_08 |        s_dist_09 |        s_dist_10 |
+------------------+------------------+------------------+------------------+------------------+------------------+------------------+------------------+------------------+------------------+------------------+------------------+
|               52 | SW90NeiRcp87f... | PVa7W5l3wRhUk... | sFfSRZQKBjMBa... | 9PDW05BnxMAjj... | WDsQYXpbbflDi... | hhr7RsyaiQF26... | HQZojb6uhrRNn... | s6MwvjHhKyTOl... | 9YGuFFjBiK9br... | Awmc5ENeXc9hp... | j50sXBi3QQyxf... |
+------------------+------------------+------------------+------------------+------------------+------------------+------------------+------------------+------------------+------------------+------------------+------------------+
Total record(s): 1

SQL> update stock set s_quantity=62 where s_i_id=3 and s_w_id=1;

SQL> insert into order_line values (1122, 3, 1, 1, 3, 1, '2026-07-02 16:02:02', 8, 19.375, 'profile-workload');

SQL> select i_price, i_name, i_data from item where i_id=3;
+------------------+------------------+------------------+
|          i_price |           i_name |           i_data |
+------------------+------------------+------------------+
|       109.311996 | yis0W0gx0pikT... | UNL1LJukAZWN0... |
+------------------+------------------+------------------+
Total record(s): 1

SQL> commit;

SQL> begin;

SQL> select c_discount, c_last, c_credit, w_tax from customer, warehouse where w_id=1 and c_w_id=w_id and c_d_id=1 and c_id=4;
+------------------+------------------+------------------+------------------+
|       c_discount |           c_last |         c_credit |            w_tax |
+------------------+------------------+------------------+------------------+
|         9.500000 |     BARRBARRPRII |               GC |         0.125000 |
+------------------+------------------+------------------+------------------+
Total record(s): 1

SQL> select d_next_o_id, d_tax from district where d_id=1 and d_w_id=1;
+------------------+------------------+
|      d_next_o_id |            d_tax |
+------------------+------------------+
|             2120 |         0.312500 |
+------------------+------------------+
Total record(s): 1

SQL> update district set d_next_o_id=2123 where d_id=1 and d_w_id=1;

SQL> insert into orders values (1123, 1, 1, 4, '2026-07-02 16:02:03', 0, 5, 1);

SQL> insert into new_orders values (1123, 1, 1);

SQL> select i_price, i_name, i_data from item where i_id=4;
+------------------+------------------+------------------+
|          i_price |           i_name |           i_data |
+------------------+------------------+------------------+
|       409.625000 | 2ICLCJkJNRA17... | zIA2Qe5D57pOo... |
+------------------+------------------+------------------+
Total record(s): 1

SQL> select s_quantity, s_data, s_dist_01, s_dist_02, s_dist_03, s_dist_04, s_dist_05,s_dist_06, s_dist_07, s_dist_08, s_dist_09, s_dist_10 from stock where s_i_id=4 and s_w_id=1;
+------------------+------------------+------------------+------------------+------------------+------------------+------------------+------------------+------------------+------------------+------------------+------------------+
|       s_quantity |           s_data |        s_dist_01 |        s_dist_02 |        s_dist_03 |        s_dist_04 |        s_dist_05 |        s_dist_06 |        s_dist_07 |        s_dist_08 |        s_dist_09 |        s_dist_10 |
+------------------+------------------+------------------+------------------+------------------+------------------+------------------+------------------+------------------+------------------+------------------+------------------+
|               53 | tNV47N74JTS0h... | KhHDzdMjFV9aK... | FnqtSeXHt27hk... | I98ThwMdZvqRj... | nd0R8CYmCzMIR... | P0unv0aqSuyqM... | TxV4RKJXjWvgb... | 9bwmjHTDXSMgE... | Dbnc8n5QaCQcV... | IC1stRVUGTQfP... | h3hqiiIdNCVgi... |
+------------------+------------------+------------------+------------------+------------------+------------------+------------------+------------------+------------------+------------------+------------------+------------------+
Total record(s): 1

SQL> update stock set s_quantity=63 where s_i_id=4 and s_w_id=1;

SQL> insert into order_line values (1123, 1, 1, 1, 4, 1, '2026-07-02 16:02:03', 9, 22.500, 'profile-workload');

SQL> select i_price, i_name, i_data from item where i_id=4;
+------------------+------------------+------------------+
|          i_price |           i_name |           i_data |
+------------------+------------------+------------------+
|       409.625000 | 2ICLCJkJNRA17... | zIA2Qe5D57pOo... |
+------------------+------------------+------------------+
Total record(s): 1

SQL> commit;

SQL> begin;

SQL> select c_discount, c_last, c_credit, w_tax from customer, warehouse where w_id=1 and c_w_id=w_id and c_d_id=2 and c_id=5;
+------------------+------------------+------------------+------------------+
|       c_discount |           c_last |         c_credit |            w_tax |
+------------------+------------------+------------------+------------------+
|         8.500000 |     BARRBARRPRES |               BC |         0.125000 |
+------------------+------------------+------------------+------------------+
Total record(s): 1

SQL> select d_next_o_id, d_tax from district where d_id=2 and d_w_id=1;
+------------------+------------------+
|      d_next_o_id |            d_tax |
+------------------+------------------+
|             2121 |         0.312500 |
+------------------+------------------+
Total record(s): 1

SQL> update district set d_next_o_id=2124 where d_id=2 and d_w_id=1;

SQL> insert into orders values (1124, 2, 1, 5, '2026-07-02 16:02:04', 0, 5, 1);

SQL> insert into new_orders values (1124, 2, 1);

SQL> select i_price, i_name, i_data from item where i_id=5;
+------------------+------------------+------------------+
|          i_price |           i_name |           i_data |
+------------------+------------------+------------------+
|       275.312012 | RZk5jvuYMBSuu... | E0i7Tq7lKSEXP... |
+------------------+------------------+------------------+
Total record(s): 1

SQL> select s_quantity, s_data, s_dist_01, s_dist_02, s_dist_03, s_dist_04, s_dist_05,s_dist_06, s_dist_07, s_dist_08, s_dist_09, s_dist_10 from stock where s_i_id=5 and s_w_id=1;
+------------------+------------------+------------------+------------------+------------------+------------------+------------------+------------------+------------------+------------------+------------------+------------------+
|       s_quantity |           s_data |        s_dist_01 |        s_dist_02 |        s_dist_03 |        s_dist_04 |        s_dist_05 |        s_dist_06 |        s_dist_07 |        s_dist_08 |        s_dist_09 |        s_dist_10 |
+------------------+------------------+------------------+------------------+------------------+------------------+------------------+------------------+------------------+------------------+------------------+------------------+
|               54 | QYFsfK67qSSgD... | EyhdR4M4INXc6... | 3Sh5C1zBCE369... | DAVOmriOquWjn... | st8NpeFRSxXqV... | pbI8Bu5iafeZi... | RqerpGCSIGjUk... | 1qfNqV5BGwDCX... | OxRydX1ZaUo5g... | Q2zzmel4OIYR1... | 4bPmuMOwkfNJh... |
+------------------+------------------+------------------+------------------+------------------+------------------+------------------+------------------+------------------+------------------+------------------+------------------+
Total record(s): 1

SQL> update stock set s_quantity=64 where s_i_id=5 and s_w_id=1;

SQL> insert into order_line values (1124, 2, 1, 1, 5, 1, '2026-07-02 16:02:04', 10, 25.625, 'profile-workload');

SQL> select i_price, i_name, i_data from item where i_id=5;
+------------------+------------------+------------------+
|          i_price |           i_name |           i_data |
+------------------+------------------+------------------+
|       275.312012 | RZk5jvuYMBSuu... | E0i7Tq7lKSEXP... |
+------------------+------------------+------------------+
Total record(s): 1

SQL> commit;

SQL> begin;

SQL> select c_discount, c_last, c_credit, w_tax from customer, warehouse where w_id=1 and c_w_id=w_id and c_d_id=3 and c_id=6;
+------------------+------------------+------------------+------------------+
|       c_discount |           c_last |         c_credit |            w_tax |
+------------------+------------------+------------------+------------------+
|        23.500000 |     BARRBARRESEE |               BC |         0.125000 |
+------------------+------------------+------------------+------------------+
Total record(s): 1

SQL> select d_next_o_id, d_tax from district where d_id=3 and d_w_id=1;
+------------------+------------------+
|      d_next_o_id |            d_tax |
+------------------+------------------+
|             2122 |         0.125000 |
+------------------+------------------+
Total record(s): 1

SQL> update district set d_next_o_id=2125 where d_id=3 and d_w_id=1;

SQL> insert into orders values (1125, 3, 1, 6, '2026-07-02 16:02:05', 0, 5, 1);

SQL> insert into new_orders values (1125, 3, 1);

SQL> select i_price, i_name, i_data from item where i_id=6;
+------------------+------------------+------------------+
|          i_price |           i_name |           i_data |
+------------------+------------------+------------------+
|       246.625000 | XtAQYtNGlLC4W... | 475hhQJ8nAwFl... |
+------------------+------------------+------------------+
Total record(s): 1

SQL> select s_quantity, s_data, s_dist_01, s_dist_02, s_dist_03, s_dist_04, s_dist_05,s_dist_06, s_dist_07, s_dist_08, s_dist_09, s_dist_10 from stock where s_i_id=6 and s_w_id=1;
+------------------+------------------+------------------+------------------+------------------+------------------+------------------+------------------+------------------+------------------+------------------+------------------+
|       s_quantity |           s_data |        s_dist_01 |        s_dist_02 |        s_dist_03 |        s_dist_04 |        s_dist_05 |        s_dist_06 |        s_dist_07 |        s_dist_08 |        s_dist_09 |        s_dist_10 |
+------------------+------------------+------------------+------------------+------------------+------------------+------------------+------------------+------------------+------------------+------------------+------------------+
|               55 | 50jyi1h54GEtG... | OiK6a8H0lcdcd... | bwDwD4rTKeogY... | Xl7GYWRXWgP4A... | PBVwrhpwmVg50... | jqmZw3n5jFQMf... | hkMdmhQFGYsCj... | oS4oJdUIVsMEn... | 2DiVDJPAjAJpW... | t8sFA3u5UUTXk... | BU2YsWQVdREKm... |
+------------------+------------------+------------------+------------------+------------------+------------------+------------------+------------------+------------------+------------------+------------------+------------------+
Total record(s): 1

SQL> update stock set s_quantity=65 where s_i_id=6 and s_w_id=1;

SQL> insert into order_line values (1125, 3, 1, 1, 6, 1, '2026-07-02 16:02:05', 11, 28.750, 'profile-workload');

SQL> select i_price, i_name, i_data from item where i_id=6;
+------------------+------------------+------------------+
|          i_price |           i_name |           i_data |
+------------------+------------------+------------------+
|       246.625000 | XtAQYtNGlLC4W... | 475hhQJ8nAwFl... |
+------------------+------------------+------------------+
Total record(s): 1

SQL> commit;

SQL> begin;

SQL> select c_discount, c_last, c_credit, w_tax from customer, warehouse where w_id=1 and c_w_id=w_id and c_d_id=1 and c_id=7;
+------------------+------------------+------------------+------------------+
|       c_discount |           c_last |         c_credit |            w_tax |
+------------------+------------------+------------------+------------------+
|        41.312500 |     BARRBARRANTI |               BC |         0.125000 |
+------------------+------------------+------------------+------------------+
Total record(s): 1

SQL> select d_next_o_id, d_tax from district where d_id=1 and d_w_id=1;
+------------------+------------------+
|      d_next_o_id |            d_tax |
+------------------+------------------+
|             2123 |         0.312500 |
+------------------+------------------+
Total record(s): 1

SQL> update district set d_next_o_id=2126 where d_id=1 and d_w_id=1;

SQL> insert into orders values (1126, 1, 1, 7, '2026-07-02 16:02:06', 0, 5, 1);

SQL> insert into new_orders values (1126, 1, 1);

SQL> select i_price, i_name, i_data from item where i_id=7;
+------------------+------------------+------------------+
|          i_price |           i_name |           i_data |
+------------------+------------------+------------------+
|       720.312012 | QxmrKt4r3jZpe... | y3Ck1ZIsrAEvk... |
+------------------+------------------+------------------+
Total record(s): 1

SQL> select s_quantity, s_data, s_dist_01, s_dist_02, s_dist_03, s_dist_04, s_dist_05,s_dist_06, s_dist_07, s_dist_08, s_dist_09, s_dist_10 from stock where s_i_id=7 and s_w_id=1;
+------------------+------------------+------------------+------------------+------------------+------------------+------------------+------------------+------------------+------------------+------------------+------------------+
|       s_quantity |           s_data |        s_dist_01 |        s_dist_02 |        s_dist_03 |        s_dist_04 |        s_dist_05 |        s_dist_06 |        s_dist_07 |        s_dist_08 |        s_dist_09 |        s_dist_10 |
+------------------+------------------+------------------+------------------+------------------+------------------+------------------+------------------+------------------+------------------+------------------+------------------+
|               56 | 6TR82uEe90nx2... | zTbRDg94LHvMI... | hEXvypWdr3sUU... | HLXzlRZuw4ouj... | gTve6RS4jkci1... | SDVkfUqhlRi4O... | L7RZjPChBdWkI... | Va5kfTINfkU6k... | KjPoqwTgzPznL... | sv13V8rlPIUIb... | 1J47hj0njnyZw... |
+------------------+------------------+------------------+------------------+------------------+------------------+------------------+------------------+------------------+------------------+------------------+------------------+
Total record(s): 1

SQL> update stock set s_quantity=66 where s_i_id=7 and s_w_id=1;

SQL> insert into order_line values (1126, 1, 1, 1, 7, 1, '2026-07-02 16:02:06', 5, 31.875, 'profile-workload');

SQL> select i_price, i_name, i_data from item where i_id=7;
+------------------+------------------+------------------+
|          i_price |           i_name |           i_data |
+------------------+------------------+------------------+
|       720.312012 | QxmrKt4r3jZpe... | y3Ck1ZIsrAEvk... |
+------------------+------------------+------------------+
Total record(s): 1

SQL> commit;

SQL> begin;

SQL> select c_discount, c_last, c_credit, w_tax from customer, warehouse where w_id=1 and c_w_id=w_id and c_d_id=2 and c_id=8;
+------------------+------------------+------------------+------------------+
|       c_discount |           c_last |         c_credit |            w_tax |
+------------------+------------------+------------------+------------------+
|        24.312500 |     BARRBARRCALL |               BC |         0.125000 |
+------------------+------------------+------------------+------------------+
Total record(s): 1

SQL> select d_next_o_id, d_tax from district where d_id=2 and d_w_id=1;
+------------------+------------------+
|      d_next_o_id |            d_tax |
+------------------+------------------+
|             2124 |         0.312500 |
+------------------+------------------+
Total record(s): 1

SQL> update district set d_next_o_id=2127 where d_id=2 and d_w_id=1;

SQL> insert into orders values (1127, 2, 1, 8, '2026-07-02 16:02:07', 0, 5, 1);

SQL> insert into new_orders values (1127, 2, 1);

SQL> select i_price, i_name, i_data from item where i_id=8;
+------------------+------------------+------------------+
|          i_price |           i_name |           i_data |
+------------------+------------------+------------------+
|       299.625000 | LwcuLY4knHB2t... | XbZktjH3bejfU... |
+------------------+------------------+------------------+
Total record(s): 1

SQL> select s_quantity, s_data, s_dist_01, s_dist_02, s_dist_03, s_dist_04, s_dist_05,s_dist_06, s_dist_07, s_dist_08, s_dist_09, s_dist_10 from stock where s_i_id=8 and s_w_id=1;
+------------------+------------------+------------------+------------------+------------------+------------------+------------------+------------------+------------------+------------------+------------------+------------------+
|       s_quantity |           s_data |        s_dist_01 |        s_dist_02 |        s_dist_03 |        s_dist_04 |        s_dist_05 |        s_dist_06 |        s_dist_07 |        s_dist_08 |        s_dist_09 |        s_dist_10 |
+------------------+------------------+------------------+------------------+------------------+------------------+------------------+------------------+------------------+------------------+------------------+------------------+
|               57 | fTXM32U4bVGkz... | avoOS1XdrV51l... | Z9neUMy58l07U... | RNxN3XmFO1BgJ... | VnepNUJvyuw0p... | 6Ag1fw0vNNJKl... | 5uvinGPCep6xe... | ZPxi7QYYnb1fV... | uxA4gBY6UmQkC... | OuEIv3mEhSatH... | vVSJVc8LyoFjs... |
+------------------+------------------+------------------+------------------+------------------+------------------+------------------+------------------+------------------+------------------+------------------+------------------+
Total record(s): 1

SQL> update stock set s_quantity=67 where s_i_id=8 and s_w_id=1;

SQL> insert into order_line values (1127, 2, 1, 1, 8, 1, '2026-07-02 16:02:07', 6, 35.000, 'profile-workload');

SQL> select i_price, i_name, i_data from item where i_id=8;
+------------------+------------------+------------------+
|          i_price |           i_name |           i_data |
+------------------+------------------+------------------+
|       299.625000 | LwcuLY4knHB2t... | XbZktjH3bejfU... |
+------------------+------------------+------------------+
Total record(s): 1

SQL> commit;

SQL> begin;

SQL> select c_discount, c_last, c_credit, w_tax from customer, warehouse where w_id=1 and c_w_id=w_id and c_d_id=3 and c_id=9;
+------------------+------------------+------------------+------------------+
|       c_discount |           c_last |         c_credit |            w_tax |
+------------------+------------------+------------------+------------------+
|        35.125000 |     BARRBARRATIO |               GC |         0.125000 |
+------------------+------------------+------------------+------------------+
Total record(s): 1

SQL> select d_next_o_id, d_tax from district where d_id=3 and d_w_id=1;
+------------------+------------------+
|      d_next_o_id |            d_tax |
+------------------+------------------+
|             2125 |         0.125000 |
+------------------+------------------+
Total record(s): 1

SQL> update district set d_next_o_id=2128 where d_id=3 and d_w_id=1;

SQL> insert into orders values (1128, 3, 1, 9, '2026-07-02 16:02:08', 0, 5, 1);

SQL> insert into new_orders values (1128, 3, 1);

SQL> select i_price, i_name, i_data from item where i_id=9;
+------------------+------------------+------------------+
|          i_price |           i_name |           i_data |
+------------------+------------------+------------------+
|       399.250000 | Uc9L7VYwDlNMH... | SZr0MmdvXoiJp... |
+------------------+------------------+------------------+
Total record(s): 1

SQL> select s_quantity, s_data, s_dist_01, s_dist_02, s_dist_03, s_dist_04, s_dist_05,s_dist_06, s_dist_07, s_dist_08, s_dist_09, s_dist_10 from stock where s_i_id=9 and s_w_id=1;
+------------------+------------------+------------------+------------------+------------------+------------------+------------------+------------------+------------------+------------------+------------------+------------------+
|       s_quantity |           s_data |        s_dist_01 |        s_dist_02 |        s_dist_03 |        s_dist_04 |        s_dist_05 |        s_dist_06 |        s_dist_07 |        s_dist_08 |        s_dist_09 |        s_dist_10 |
+------------------+------------------+------------------+------------------+------------------+------------------+------------------+------------------+------------------+------------------+------------------+------------------+
|               58 | doNfCZ41KD2bA... | YRgh8eIxiFTCf... | urPDGs5lOGRj1... | ndEJXpGXq2Yoo... | TE1gnwxbFgZy3... | S4NfC74qIDvrr... | ZOTOXZq8RwlHX... | T97qM204iWLJs... | 1LPnk4ibiCEMd... | 8j8SPj1oyFkvs... | Oa5enU4CjO0KW... |
+------------------+------------------+------------------+------------------+------------------+------------------+------------------+------------------+------------------+------------------+------------------+------------------+
Total record(s): 1

SQL> update stock set s_quantity=68 where s_i_id=9 and s_w_id=1;

SQL> insert into order_line values (1128, 3, 1, 1, 9, 1, '2026-07-02 16:02:08', 7, 38.125, 'profile-workload');

SQL> select i_price, i_name, i_data from item where i_id=9;
+------------------+------------------+------------------+
|          i_price |           i_name |           i_data |
+------------------+------------------+------------------+
|       399.250000 | Uc9L7VYwDlNMH... | SZr0MmdvXoiJp... |
+------------------+------------------+------------------+
Total record(s): 1

SQL> commit;

SQL> begin;

SQL> select c_discount, c_last, c_credit, w_tax from customer, warehouse where w_id=1 and c_w_id=w_id and c_d_id=1 and c_id=10;
+------------------+------------------+------------------+------------------+
|       c_discount |           c_last |         c_credit |            w_tax |
+------------------+------------------+------------------+------------------+
|        25.125000 |     BARRBARREING |               GC |         0.125000 |
+------------------+------------------+------------------+------------------+
Total record(s): 1

SQL> select d_next_o_id, d_tax from district where d_id=1 and d_w_id=1;
+------------------+------------------+
|      d_next_o_id |            d_tax |
+------------------+------------------+
|             2126 |         0.312500 |
+------------------+------------------+
Total record(s): 1

SQL> update district set d_next_o_id=2129 where d_id=1 and d_w_id=1;

SQL> insert into orders values (1129, 1, 1, 10, '2026-07-02 16:02:09', 0, 5, 1);

SQL> insert into new_orders values (1129, 1, 1);

SQL> select i_price, i_name, i_data from item where i_id=10;
+------------------+------------------+------------------+
|          i_price |           i_name |           i_data |
+------------------+------------------+------------------+
|       309.625000 | GE4lpUDt340SQ... | afXPChY5c62yi... |
+------------------+------------------+------------------+
Total record(s): 1

SQL> select s_quantity, s_data, s_dist_01, s_dist_02, s_dist_03, s_dist_04, s_dist_05,s_dist_06, s_dist_07, s_dist_08, s_dist_09, s_dist_10 from stock where s_i_id=10 and s_w_id=1;
+------------------+------------------+------------------+------------------+------------------+------------------+------------------+------------------+------------------+------------------+------------------+------------------+
|       s_quantity |           s_data |        s_dist_01 |        s_dist_02 |        s_dist_03 |        s_dist_04 |        s_dist_05 |        s_dist_06 |        s_dist_07 |        s_dist_08 |        s_dist_09 |        s_dist_10 |
+------------------+------------------+------------------+------------------+------------------+------------------+------------------+------------------+------------------+------------------+------------------+------------------+
|               59 | gXrIBzRLX1Hrc... | eKrLB8TVHiI44... | ouIyEmeGRGi0o... | c4bwuOWiQjEoV... | Ef2IURhPGXHIb... | thXVk6wG5UMjA... | FaPc4hXpwRqJc... | PPaIGfQ7UgCiR... | B4mpk7r1Oy6Q9... | YctHbb8gqgNVL... | tahmqTg8YteQa... |
+------------------+------------------+------------------+------------------+------------------+------------------+------------------+------------------+------------------+------------------+------------------+------------------+
Total record(s): 1

SQL> update stock set s_quantity=69 where s_i_id=10 and s_w_id=1;

SQL> insert into order_line values (1129, 1, 1, 1, 10, 1, '2026-07-02 16:02:09', 8, 41.250, 'profile-workload');

SQL> select i_price, i_name, i_data from item where i_id=10;
+------------------+------------------+------------------+
|          i_price |           i_name |           i_data |
+------------------+------------------+------------------+
|       309.625000 | GE4lpUDt340SQ... | afXPChY5c62yi... |
+------------------+------------------+------------------+
Total record(s): 1

SQL> commit;

SQL> begin;

SQL> select c_discount, c_last, c_credit, w_tax from customer, warehouse where w_id=1 and c_w_id=w_id and c_d_id=2 and c_id=1;
+------------------+------------------+------------------+------------------+
|       c_discount |           c_last |         c_credit |            w_tax |
+------------------+------------------+------------------+------------------+
|        26.250000 |     BARRBARRBARR |               GC |         0.125000 |
+------------------+------------------+------------------+------------------+
Total record(s): 1

SQL> select d_next_o_id, d_tax from district where d_id=2 and d_w_id=1;
+------------------+------------------+
|      d_next_o_id |            d_tax |
+------------------+------------------+
|             2127 |         0.312500 |
+------------------+------------------+
Total record(s): 1

SQL> update district set d_next_o_id=2130 where d_id=2 and d_w_id=1;

SQL> insert into orders values (1130, 2, 1, 1, '2026-07-02 16:02:10', 0, 5, 1);

SQL> insert into new_orders values (1130, 2, 1);

SQL> select i_price, i_name, i_data from item where i_id=1;
+------------------+------------------+------------------+
|          i_price |           i_name |           i_data |
+------------------+------------------+------------------+
|       387.500000 | em5qY0xbhf7jT... | ODk5NNaYinHCt... |
+------------------+------------------+------------------+
Total record(s): 1

SQL> select s_quantity, s_data, s_dist_01, s_dist_02, s_dist_03, s_dist_04, s_dist_05,s_dist_06, s_dist_07, s_dist_08, s_dist_09, s_dist_10 from stock where s_i_id=1 and s_w_id=1;
+------------------+------------------+------------------+------------------+------------------+------------------+------------------+------------------+------------------+------------------+------------------+------------------+
|       s_quantity |           s_data |        s_dist_01 |        s_dist_02 |        s_dist_03 |        s_dist_04 |        s_dist_05 |        s_dist_06 |        s_dist_07 |        s_dist_08 |        s_dist_09 |        s_dist_10 |
+------------------+------------------+------------------+------------------+------------------+------------------+------------------+------------------+------------------+------------------+------------------+------------------+
|               60 | EX7cPdLs2h5Cu... | BjeZBWGUE2RK9... | Giu0QtJbzMqDz... | x5qwcB5RFQ0PJ... | zBTPV7ZCAdkhp... | QLd5BxVOSe5EO... | L1UjatGc7rn5I... | 4cCGnVcADQNSR... | uwojesfvwKbKk... | 4N8CE0EbYc27l... | jD8imXof2fu84... |
+------------------+------------------+------------------+------------------+------------------+------------------+------------------+------------------+------------------+------------------+------------------+------------------+
Total record(s): 1

SQL> update stock set s_quantity=70 where s_i_id=1 and s_w_id=1;

SQL> insert into order_line values (1130, 2, 1, 1, 1, 1, '2026-07-02 16:02:10', 9, 13.125, 'profile-workload');

SQL> select i_price, i_name, i_data from item where i_id=1;
+------------------+------------------+------------------+
|          i_price |           i_name |           i_data |
+------------------+------------------+------------------+
|       387.500000 | em5qY0xbhf7jT... | ODk5NNaYinHCt... |
+------------------+------------------+------------------+
Total record(s): 1

SQL> commit;

SQL> begin;

SQL> select c_discount, c_last, c_credit, w_tax from customer, warehouse where w_id=1 and c_w_id=w_id and c_d_id=3 and c_id=2;
+------------------+------------------+------------------+------------------+
|       c_discount |           c_last |         c_credit |            w_tax |
+------------------+------------------+------------------+------------------+
|        31.250000 |     BARRBARROUGH |               BC |         0.125000 |
+------------------+------------------+------------------+------------------+
Total record(s): 1

SQL> select d_next_o_id, d_tax from district where d_id=3 and d_w_id=1;
+------------------+------------------+
|      d_next_o_id |            d_tax |
+------------------+------------------+
|             2128 |         0.125000 |
+------------------+------------------+
Total record(s): 1

SQL> update district set d_next_o_id=2131 where d_id=3 and d_w_id=1;

SQL> insert into orders values (1131, 3, 1, 2, '2026-07-02 16:02:11', 0, 5, 1);

SQL> insert into new_orders values (1131, 3, 1);

SQL> select i_price, i_name, i_data from item where i_id=2;
+------------------+------------------+------------------+
|          i_price |           i_name |           i_data |
+------------------+------------------+------------------+
|       376.125000 | MuXfgApP7KW0a... | 3Nb3DgfVu1KJp... |
+------------------+------------------+------------------+
Total record(s): 1

SQL> select s_quantity, s_data, s_dist_01, s_dist_02, s_dist_03, s_dist_04, s_dist_05,s_dist_06, s_dist_07, s_dist_08, s_dist_09, s_dist_10 from stock where s_i_id=2 and s_w_id=1;
+------------------+------------------+------------------+------------------+------------------+------------------+------------------+------------------+------------------+------------------+------------------+------------------+
|       s_quantity |           s_data |        s_dist_01 |        s_dist_02 |        s_dist_03 |        s_dist_04 |        s_dist_05 |        s_dist_06 |        s_dist_07 |        s_dist_08 |        s_dist_09 |        s_dist_10 |
+------------------+------------------+------------------+------------------+------------------+------------------+------------------+------------------+------------------+------------------+------------------+------------------+
|               61 | djOd4utkRfPov... | m5mzVzbMevZr0... | AcexKPCSIqIkI... | dtJHr8L1DGHhZ... | Q4qTTAxg8vItA... | mRVxHKkLJsGt5... | WY35fxzCEpf7J... | NudamqsKcBceN... | t6IWnrmkFgBcF... | 2QcCCffEf0CT8... | X1e603kIsyKdi... |
+------------------+------------------+------------------+------------------+------------------+------------------+------------------+------------------+------------------+------------------+------------------+------------------+
Total record(s): 1

SQL> update stock set s_quantity=71 where s_i_id=2 and s_w_id=1;

SQL> insert into order_line values (1131, 3, 1, 1, 2, 1, '2026-07-02 16:02:11', 10, 16.250, 'profile-workload');

SQL> select i_price, i_name, i_data from item where i_id=2;
+------------------+------------------+------------------+
|          i_price |           i_name |           i_data |
+------------------+------------------+------------------+
|       376.125000 | MuXfgApP7KW0a... | 3Nb3DgfVu1KJp... |
+------------------+------------------+------------------+
Total record(s): 1

SQL> commit;

SQL> begin;

SQL> select c_discount, c_last, c_credit, w_tax from customer, warehouse where w_id=1 and c_w_id=w_id and c_d_id=1 and c_id=3;
+------------------+------------------+------------------+------------------+
|       c_discount |           c_last |         c_credit |            w_tax |
+------------------+------------------+------------------+------------------+
|         6.125000 |     BARRBARRABLE |               BC |         0.125000 |
+------------------+------------------+------------------+------------------+
Total record(s): 1

SQL> select d_next_o_id, d_tax from district where d_id=1 and d_w_id=1;
+------------------+------------------+
|      d_next_o_id |            d_tax |
+------------------+------------------+
|             2129 |         0.312500 |
+------------------+------------------+
Total record(s): 1

SQL> update district set d_next_o_id=2132 where d_id=1 and d_w_id=1;

SQL> insert into orders values (1132, 1, 1, 3, '2026-07-02 16:02:12', 0, 5, 1);

SQL> insert into new_orders values (1132, 1, 1);

SQL> select i_price, i_name, i_data from item where i_id=3;
+------------------+------------------+------------------+
|          i_price |           i_name |           i_data |
+------------------+------------------+------------------+
|       109.311996 | yis0W0gx0pikT... | UNL1LJukAZWN0... |
+------------------+------------------+------------------+
Total record(s): 1

SQL> select s_quantity, s_data, s_dist_01, s_dist_02, s_dist_03, s_dist_04, s_dist_05,s_dist_06, s_dist_07, s_dist_08, s_dist_09, s_dist_10 from stock where s_i_id=3 and s_w_id=1;
+------------------+------------------+------------------+------------------+------------------+------------------+------------------+------------------+------------------+------------------+------------------+------------------+
|       s_quantity |           s_data |        s_dist_01 |        s_dist_02 |        s_dist_03 |        s_dist_04 |        s_dist_05 |        s_dist_06 |        s_dist_07 |        s_dist_08 |        s_dist_09 |        s_dist_10 |
+------------------+------------------+------------------+------------------+------------------+------------------+------------------+------------------+------------------+------------------+------------------+------------------+
|               62 | SW90NeiRcp87f... | PVa7W5l3wRhUk... | sFfSRZQKBjMBa... | 9PDW05BnxMAjj... | WDsQYXpbbflDi... | hhr7RsyaiQF26... | HQZojb6uhrRNn... | s6MwvjHhKyTOl... | 9YGuFFjBiK9br... | Awmc5ENeXc9hp... | j50sXBi3QQyxf... |
+------------------+------------------+------------------+------------------+------------------+------------------+------------------+------------------+------------------+------------------+------------------+------------------+
Total record(s): 1

SQL> update stock set s_quantity=72 where s_i_id=3 and s_w_id=1;

SQL> insert into order_line values (1132, 1, 1, 1, 3, 1, '2026-07-02 16:02:12', 11, 19.375, 'profile-workload');

SQL> select i_price, i_name, i_data from item where i_id=3;
+------------------+------------------+------------------+
|          i_price |           i_name |           i_data |
+------------------+------------------+------------------+
|       109.311996 | yis0W0gx0pikT... | UNL1LJukAZWN0... |
+------------------+------------------+------------------+
Total record(s): 1

SQL> commit;

SQL> begin;

SQL> select c_discount, c_last, c_credit, w_tax from customer, warehouse where w_id=1 and c_w_id=w_id and c_d_id=2 and c_id=4;
+------------------+------------------+------------------+------------------+
|       c_discount |           c_last |         c_credit |            w_tax |
+------------------+------------------+------------------+------------------+
|         2.625000 |     BARRBARRPRII |               BC |         0.125000 |
+------------------+------------------+------------------+------------------+
Total record(s): 1

SQL> select d_next_o_id, d_tax from district where d_id=2 and d_w_id=1;
+------------------+------------------+
|      d_next_o_id |            d_tax |
+------------------+------------------+
|             2130 |         0.312500 |
+------------------+------------------+
Total record(s): 1

SQL> update district set d_next_o_id=2133 where d_id=2 and d_w_id=1;

SQL> insert into orders values (1133, 2, 1, 4, '2026-07-02 16:02:13', 0, 5, 1);

SQL> insert into new_orders values (1133, 2, 1);

SQL> select i_price, i_name, i_data from item where i_id=4;
+------------------+------------------+------------------+
|          i_price |           i_name |           i_data |
+------------------+------------------+------------------+
|       409.625000 | 2ICLCJkJNRA17... | zIA2Qe5D57pOo... |
+------------------+------------------+------------------+
Total record(s): 1

SQL> select s_quantity, s_data, s_dist_01, s_dist_02, s_dist_03, s_dist_04, s_dist_05,s_dist_06, s_dist_07, s_dist_08, s_dist_09, s_dist_10 from stock where s_i_id=4 and s_w_id=1;
+------------------+------------------+------------------+------------------+------------------+------------------+------------------+------------------+------------------+------------------+------------------+------------------+
|       s_quantity |           s_data |        s_dist_01 |        s_dist_02 |        s_dist_03 |        s_dist_04 |        s_dist_05 |        s_dist_06 |        s_dist_07 |        s_dist_08 |        s_dist_09 |        s_dist_10 |
+------------------+------------------+------------------+------------------+------------------+------------------+------------------+------------------+------------------+------------------+------------------+------------------+
|               63 | tNV47N74JTS0h... | KhHDzdMjFV9aK... | FnqtSeXHt27hk... | I98ThwMdZvqRj... | nd0R8CYmCzMIR... | P0unv0aqSuyqM... | TxV4RKJXjWvgb... | 9bwmjHTDXSMgE... | Dbnc8n5QaCQcV... | IC1stRVUGTQfP... | h3hqiiIdNCVgi... |
+------------------+------------------+------------------+------------------+------------------+------------------+------------------+------------------+------------------+------------------+------------------+------------------+
Total record(s): 1

SQL> update stock set s_quantity=73 where s_i_id=4 and s_w_id=1;

SQL> insert into order_line values (1133, 2, 1, 1, 4, 1, '2026-07-02 16:02:13', 5, 22.500, 'profile-workload');

SQL> select i_price, i_name, i_data from item where i_id=4;
+------------------+------------------+------------------+
|          i_price |           i_name |           i_data |
+------------------+------------------+------------------+
|       409.625000 | 2ICLCJkJNRA17... | zIA2Qe5D57pOo... |
+------------------+------------------+------------------+
Total record(s): 1

SQL> commit;

SQL> begin;

SQL> select c_discount, c_last, c_credit, w_tax from customer, warehouse where w_id=1 and c_w_id=w_id and c_d_id=3 and c_id=5;
+------------------+------------------+------------------+------------------+
|       c_discount |           c_last |         c_credit |            w_tax |
+------------------+------------------+------------------+------------------+
|        13.500000 |     BARRBARRPRES |               GC |         0.125000 |
+------------------+------------------+------------------+------------------+
Total record(s): 1

SQL> select d_next_o_id, d_tax from district where d_id=3 and d_w_id=1;
+------------------+------------------+
|      d_next_o_id |            d_tax |
+------------------+------------------+
|             2131 |         0.125000 |
+------------------+------------------+
Total record(s): 1

SQL> update district set d_next_o_id=2134 where d_id=3 and d_w_id=1;

SQL> insert into orders values (1134, 3, 1, 5, '2026-07-02 16:02:14', 0, 5, 1);

SQL> insert into new_orders values (1134, 3, 1);

SQL> select i_price, i_name, i_data from item where i_id=5;
+------------------+------------------+------------------+
|          i_price |           i_name |           i_data |
+------------------+------------------+------------------+
|       275.312012 | RZk5jvuYMBSuu... | E0i7Tq7lKSEXP... |
+------------------+------------------+------------------+
Total record(s): 1

SQL> select s_quantity, s_data, s_dist_01, s_dist_02, s_dist_03, s_dist_04, s_dist_05,s_dist_06, s_dist_07, s_dist_08, s_dist_09, s_dist_10 from stock where s_i_id=5 and s_w_id=1;
+------------------+------------------+------------------+------------------+------------------+------------------+------------------+------------------+------------------+------------------+------------------+------------------+
|       s_quantity |           s_data |        s_dist_01 |        s_dist_02 |        s_dist_03 |        s_dist_04 |        s_dist_05 |        s_dist_06 |        s_dist_07 |        s_dist_08 |        s_dist_09 |        s_dist_10 |
+------------------+------------------+------------------+------------------+------------------+------------------+------------------+------------------+------------------+------------------+------------------+------------------+
|               64 | QYFsfK67qSSgD... | EyhdR4M4INXc6... | 3Sh5C1zBCE369... | DAVOmriOquWjn... | st8NpeFRSxXqV... | pbI8Bu5iafeZi... | RqerpGCSIGjUk... | 1qfNqV5BGwDCX... | OxRydX1ZaUo5g... | Q2zzmel4OIYR1... | 4bPmuMOwkfNJh... |
+------------------+------------------+------------------+------------------+------------------+------------------+------------------+------------------+------------------+------------------+------------------+------------------+
Total record(s): 1

SQL> update stock set s_quantity=74 where s_i_id=5 and s_w_id=1;

SQL> insert into order_line values (1134, 3, 1, 1, 5, 1, '2026-07-02 16:02:14', 6, 25.625, 'profile-workload');

SQL> select i_price, i_name, i_data from item where i_id=5;
+------------------+------------------+------------------+
|          i_price |           i_name |           i_data |
+------------------+------------------+------------------+
|       275.312012 | RZk5jvuYMBSuu... | E0i7Tq7lKSEXP... |
+------------------+------------------+------------------+
Total record(s): 1

SQL> commit;

SQL> begin;

SQL> select c_discount, c_last, c_credit, w_tax from customer, warehouse where w_id=1 and c_w_id=w_id and c_d_id=1 and c_id=6;
+------------------+------------------+------------------+------------------+
|       c_discount |           c_last |         c_credit |            w_tax |
+------------------+------------------+------------------+------------------+
|        42.500000 |     BARRBARRESEE |               GC |         0.125000 |
+------------------+------------------+------------------+------------------+
Total record(s): 1

SQL> select d_next_o_id, d_tax from district where d_id=1 and d_w_id=1;
+------------------+------------------+
|      d_next_o_id |            d_tax |
+------------------+------------------+
|             2132 |         0.312500 |
+------------------+------------------+
Total record(s): 1

SQL> update district set d_next_o_id=2135 where d_id=1 and d_w_id=1;

SQL> insert into orders values (1135, 1, 1, 6, '2026-07-02 16:02:15', 0, 5, 1);

SQL> insert into new_orders values (1135, 1, 1);

SQL> select i_price, i_name, i_data from item where i_id=6;
+------------------+------------------+------------------+
|          i_price |           i_name |           i_data |
+------------------+------------------+------------------+
|       246.625000 | XtAQYtNGlLC4W... | 475hhQJ8nAwFl... |
+------------------+------------------+------------------+
Total record(s): 1

SQL> select s_quantity, s_data, s_dist_01, s_dist_02, s_dist_03, s_dist_04, s_dist_05,s_dist_06, s_dist_07, s_dist_08, s_dist_09, s_dist_10 from stock where s_i_id=6 and s_w_id=1;
+------------------+------------------+------------------+------------------+------------------+------------------+------------------+------------------+------------------+------------------+------------------+------------------+
|       s_quantity |           s_data |        s_dist_01 |        s_dist_02 |        s_dist_03 |        s_dist_04 |        s_dist_05 |        s_dist_06 |        s_dist_07 |        s_dist_08 |        s_dist_09 |        s_dist_10 |
+------------------+------------------+------------------+------------------+------------------+------------------+------------------+------------------+------------------+------------------+------------------+------------------+
|               65 | 50jyi1h54GEtG... | OiK6a8H0lcdcd... | bwDwD4rTKeogY... | Xl7GYWRXWgP4A... | PBVwrhpwmVg50... | jqmZw3n5jFQMf... | hkMdmhQFGYsCj... | oS4oJdUIVsMEn... | 2DiVDJPAjAJpW... | t8sFA3u5UUTXk... | BU2YsWQVdREKm... |
+------------------+------------------+------------------+------------------+------------------+------------------+------------------+------------------+------------------+------------------+------------------+------------------+
Total record(s): 1

SQL> update stock set s_quantity=75 where s_i_id=6 and s_w_id=1;

SQL> insert into order_line values (1135, 1, 1, 1, 6, 1, '2026-07-02 16:02:15', 7, 28.750, 'profile-workload');

SQL> select i_price, i_name, i_data from item where i_id=6;
+------------------+------------------+------------------+
|          i_price |           i_name |           i_data |
+------------------+------------------+------------------+
|       246.625000 | XtAQYtNGlLC4W... | 475hhQJ8nAwFl... |
+------------------+------------------+------------------+
Total record(s): 1

SQL> commit;

SQL> begin;

SQL> select c_discount, c_last, c_credit, w_tax from customer, warehouse where w_id=1 and c_w_id=w_id and c_d_id=2 and c_id=7;
+------------------+------------------+------------------+------------------+
|       c_discount |           c_last |         c_credit |            w_tax |
+------------------+------------------+------------------+------------------+
|         8.625000 |     BARRBARRANTI |               GC |         0.125000 |
+------------------+------------------+------------------+------------------+
Total record(s): 1

SQL> select d_next_o_id, d_tax from district where d_id=2 and d_w_id=1;
+------------------+------------------+
|      d_next_o_id |            d_tax |
+------------------+------------------+
|             2133 |         0.312500 |
+------------------+------------------+
Total record(s): 1

SQL> update district set d_next_o_id=2136 where d_id=2 and d_w_id=1;

SQL> insert into orders values (1136, 2, 1, 7, '2026-07-02 16:02:16', 0, 5, 1);

SQL> insert into new_orders values (1136, 2, 1);

SQL> select i_price, i_name, i_data from item where i_id=7;
+------------------+------------------+------------------+
|          i_price |           i_name |           i_data |
+------------------+------------------+------------------+
|       720.312012 | QxmrKt4r3jZpe... | y3Ck1ZIsrAEvk... |
+------------------+------------------+------------------+
Total record(s): 1

SQL> select s_quantity, s_data, s_dist_01, s_dist_02, s_dist_03, s_dist_04, s_dist_05,s_dist_06, s_dist_07, s_dist_08, s_dist_09, s_dist_10 from stock where s_i_id=7 and s_w_id=1;
+------------------+------------------+------------------+------------------+------------------+------------------+------------------+------------------+------------------+------------------+------------------+------------------+
|       s_quantity |           s_data |        s_dist_01 |        s_dist_02 |        s_dist_03 |        s_dist_04 |        s_dist_05 |        s_dist_06 |        s_dist_07 |        s_dist_08 |        s_dist_09 |        s_dist_10 |
+------------------+------------------+------------------+------------------+------------------+------------------+------------------+------------------+------------------+------------------+------------------+------------------+
|               66 | 6TR82uEe90nx2... | zTbRDg94LHvMI... | hEXvypWdr3sUU... | HLXzlRZuw4ouj... | gTve6RS4jkci1... | SDVkfUqhlRi4O... | L7RZjPChBdWkI... | Va5kfTINfkU6k... | KjPoqwTgzPznL... | sv13V8rlPIUIb... | 1J47hj0njnyZw... |
+------------------+------------------+------------------+------------------+------------------+------------------+------------------+------------------+------------------+------------------+------------------+------------------+
Total record(s): 1

SQL> update stock set s_quantity=76 where s_i_id=7 and s_w_id=1;

SQL> insert into order_line values (1136, 2, 1, 1, 7, 1, '2026-07-02 16:02:16', 8, 31.875, 'profile-workload');

SQL> select i_price, i_name, i_data from item where i_id=7;
+------------------+------------------+------------------+
|          i_price |           i_name |           i_data |
+------------------+------------------+------------------+
|       720.312012 | QxmrKt4r3jZpe... | y3Ck1ZIsrAEvk... |
+------------------+------------------+------------------+
Total record(s): 1

SQL> commit;

SQL> begin;

SQL> select c_discount, c_last, c_credit, w_tax from customer, warehouse where w_id=1 and c_w_id=w_id and c_d_id=3 and c_id=8;
+------------------+------------------+------------------+------------------+
|       c_discount |           c_last |         c_credit |            w_tax |
+------------------+------------------+------------------+------------------+
|         7.500000 |     BARRBARRCALL |               BC |         0.125000 |
+------------------+------------------+------------------+------------------+
Total record(s): 1

SQL> select d_next_o_id, d_tax from district where d_id=3 and d_w_id=1;
+------------------+------------------+
|      d_next_o_id |            d_tax |
+------------------+------------------+
|             2134 |         0.125000 |
+------------------+------------------+
Total record(s): 1

SQL> update district set d_next_o_id=2137 where d_id=3 and d_w_id=1;

SQL> insert into orders values (1137, 3, 1, 8, '2026-07-02 16:02:17', 0, 5, 1);

SQL> insert into new_orders values (1137, 3, 1);

SQL> select i_price, i_name, i_data from item where i_id=8;
+------------------+------------------+------------------+
|          i_price |           i_name |           i_data |
+------------------+------------------+------------------+
|       299.625000 | LwcuLY4knHB2t... | XbZktjH3bejfU... |
+------------------+------------------+------------------+
Total record(s): 1

SQL> select s_quantity, s_data, s_dist_01, s_dist_02, s_dist_03, s_dist_04, s_dist_05,s_dist_06, s_dist_07, s_dist_08, s_dist_09, s_dist_10 from stock where s_i_id=8 and s_w_id=1;
+------------------+------------------+------------------+------------------+------------------+------------------+------------------+------------------+------------------+------------------+------------------+------------------+
|       s_quantity |           s_data |        s_dist_01 |        s_dist_02 |        s_dist_03 |        s_dist_04 |        s_dist_05 |        s_dist_06 |        s_dist_07 |        s_dist_08 |        s_dist_09 |        s_dist_10 |
+------------------+------------------+------------------+------------------+------------------+------------------+------------------+------------------+------------------+------------------+------------------+------------------+
|               67 | fTXM32U4bVGkz... | avoOS1XdrV51l... | Z9neUMy58l07U... | RNxN3XmFO1BgJ... | VnepNUJvyuw0p... | 6Ag1fw0vNNJKl... | 5uvinGPCep6xe... | ZPxi7QYYnb1fV... | uxA4gBY6UmQkC... | OuEIv3mEhSatH... | vVSJVc8LyoFjs... |
+------------------+------------------+------------------+------------------+------------------+------------------+------------------+------------------+------------------+------------------+------------------+------------------+
Total record(s): 1

SQL> update stock set s_quantity=77 where s_i_id=8 and s_w_id=1;

SQL> insert into order_line values (1137, 3, 1, 1, 8, 1, '2026-07-02 16:02:17', 9, 35.000, 'profile-workload');

SQL> select i_price, i_name, i_data from item where i_id=8;
+------------------+------------------+------------------+
|          i_price |           i_name |           i_data |
+------------------+------------------+------------------+
|       299.625000 | LwcuLY4knHB2t... | XbZktjH3bejfU... |
+------------------+------------------+------------------+
Total record(s): 1

SQL> commit;

SQL> begin;

SQL> select c_discount, c_last, c_credit, w_tax from customer, warehouse where w_id=1 and c_w_id=w_id and c_d_id=1 and c_id=9;
+------------------+------------------+------------------+------------------+
|       c_discount |           c_last |         c_credit |            w_tax |
+------------------+------------------+------------------+------------------+
|        19.125000 |     BARRBARRATIO |               BC |         0.125000 |
+------------------+------------------+------------------+------------------+
Total record(s): 1

SQL> select d_next_o_id, d_tax from district where d_id=1 and d_w_id=1;
+------------------+------------------+
|      d_next_o_id |            d_tax |
+------------------+------------------+
|             2135 |         0.312500 |
+------------------+------------------+
Total record(s): 1

SQL> update district set d_next_o_id=2138 where d_id=1 and d_w_id=1;

SQL> insert into orders values (1138, 1, 1, 9, '2026-07-02 16:02:18', 0, 5, 1);

SQL> insert into new_orders values (1138, 1, 1);

SQL> select i_price, i_name, i_data from item where i_id=9;
+------------------+------------------+------------------+
|          i_price |           i_name |           i_data |
+------------------+------------------+------------------+
|       399.250000 | Uc9L7VYwDlNMH... | SZr0MmdvXoiJp... |
+------------------+------------------+------------------+
Total record(s): 1

SQL> select s_quantity, s_data, s_dist_01, s_dist_02, s_dist_03, s_dist_04, s_dist_05,s_dist_06, s_dist_07, s_dist_08, s_dist_09, s_dist_10 from stock where s_i_id=9 and s_w_id=1;
+------------------+------------------+------------------+------------------+------------------+------------------+------------------+------------------+------------------+------------------+------------------+------------------+
|       s_quantity |           s_data |        s_dist_01 |        s_dist_02 |        s_dist_03 |        s_dist_04 |        s_dist_05 |        s_dist_06 |        s_dist_07 |        s_dist_08 |        s_dist_09 |        s_dist_10 |
+------------------+------------------+------------------+------------------+------------------+------------------+------------------+------------------+------------------+------------------+------------------+------------------+
|               68 | doNfCZ41KD2bA... | YRgh8eIxiFTCf... | urPDGs5lOGRj1... | ndEJXpGXq2Yoo... | TE1gnwxbFgZy3... | S4NfC74qIDvrr... | ZOTOXZq8RwlHX... | T97qM204iWLJs... | 1LPnk4ibiCEMd... | 8j8SPj1oyFkvs... | Oa5enU4CjO0KW... |
+------------------+------------------+------------------+------------------+------------------+------------------+------------------+------------------+------------------+------------------+------------------+------------------+
Total record(s): 1

SQL> update stock set s_quantity=78 where s_i_id=9 and s_w_id=1;

SQL> insert into order_line values (1138, 1, 1, 1, 9, 1, '2026-07-02 16:02:18', 10, 38.125, 'profile-workload');

SQL> select i_price, i_name, i_data from item where i_id=9;
+------------------+------------------+------------------+
|          i_price |           i_name |           i_data |
+------------------+------------------+------------------+
|       399.250000 | Uc9L7VYwDlNMH... | SZr0MmdvXoiJp... |
+------------------+------------------+------------------+
Total record(s): 1

SQL> commit;

SQL> begin;

SQL> select c_discount, c_last, c_credit, w_tax from customer, warehouse where w_id=1 and c_w_id=w_id and c_d_id=2 and c_id=10;
+------------------+------------------+------------------+------------------+
|       c_discount |           c_last |         c_credit |            w_tax |
+------------------+------------------+------------------+------------------+
|        33.312500 |     BARRBARREING |               GC |         0.125000 |
+------------------+------------------+------------------+------------------+
Total record(s): 1

SQL> select d_next_o_id, d_tax from district where d_id=2 and d_w_id=1;
+------------------+------------------+
|      d_next_o_id |            d_tax |
+------------------+------------------+
|             2136 |         0.312500 |
+------------------+------------------+
Total record(s): 1

SQL> update district set d_next_o_id=2139 where d_id=2 and d_w_id=1;

SQL> insert into orders values (1139, 2, 1, 10, '2026-07-02 16:02:19', 0, 5, 1);

SQL> insert into new_orders values (1139, 2, 1);

SQL> select i_price, i_name, i_data from item where i_id=10;
+------------------+------------------+------------------+
|          i_price |           i_name |           i_data |
+------------------+------------------+------------------+
|       309.625000 | GE4lpUDt340SQ... | afXPChY5c62yi... |
+------------------+------------------+------------------+
Total record(s): 1

SQL> select s_quantity, s_data, s_dist_01, s_dist_02, s_dist_03, s_dist_04, s_dist_05,s_dist_06, s_dist_07, s_dist_08, s_dist_09, s_dist_10 from stock where s_i_id=10 and s_w_id=1;
+------------------+------------------+------------------+------------------+------------------+------------------+------------------+------------------+------------------+------------------+------------------+------------------+
|       s_quantity |           s_data |        s_dist_01 |        s_dist_02 |        s_dist_03 |        s_dist_04 |        s_dist_05 |        s_dist_06 |        s_dist_07 |        s_dist_08 |        s_dist_09 |        s_dist_10 |
+------------------+------------------+------------------+------------------+------------------+------------------+------------------+------------------+------------------+------------------+------------------+------------------+
|               69 | gXrIBzRLX1Hrc... | eKrLB8TVHiI44... | ouIyEmeGRGi0o... | c4bwuOWiQjEoV... | Ef2IURhPGXHIb... | thXVk6wG5UMjA... | FaPc4hXpwRqJc... | PPaIGfQ7UgCiR... | B4mpk7r1Oy6Q9... | YctHbb8gqgNVL... | tahmqTg8YteQa... |
+------------------+------------------+------------------+------------------+------------------+------------------+------------------+------------------+------------------+------------------+------------------+------------------+
Total record(s): 1

SQL> update stock set s_quantity=79 where s_i_id=10 and s_w_id=1;

SQL> insert into order_line values (1139, 2, 1, 1, 10, 1, '2026-07-02 16:02:19', 11, 41.250, 'profile-workload');

SQL> select i_price, i_name, i_data from item where i_id=10;
+------------------+------------------+------------------+
|          i_price |           i_name |           i_data |
+------------------+------------------+------------------+
|       309.625000 | GE4lpUDt340SQ... | afXPChY5c62yi... |
+------------------+------------------+------------------+
Total record(s): 1

SQL> commit;

SQL> begin;

SQL> select c_discount, c_last, c_credit, w_tax from customer, warehouse where w_id=1 and c_w_id=w_id and c_d_id=3 and c_id=1;
+------------------+------------------+------------------+------------------+
|       c_discount |           c_last |         c_credit |            w_tax |
+------------------+------------------+------------------+------------------+
|        35.312500 |     BARRBARRBARR |               GC |         0.125000 |
+------------------+------------------+------------------+------------------+
Total record(s): 1

SQL> select d_next_o_id, d_tax from district where d_id=3 and d_w_id=1;
+------------------+------------------+
|      d_next_o_id |            d_tax |
+------------------+------------------+
|             2137 |         0.125000 |
+------------------+------------------+
Total record(s): 1

SQL> update district set d_next_o_id=2140 where d_id=3 and d_w_id=1;

SQL> insert into orders values (1140, 3, 1, 1, '2026-07-02 16:02:20', 0, 5, 1);

SQL> insert into new_orders values (1140, 3, 1);

SQL> select i_price, i_name, i_data from item where i_id=1;
+------------------+------------------+------------------+
|          i_price |           i_name |           i_data |
+------------------+------------------+------------------+
|       387.500000 | em5qY0xbhf7jT... | ODk5NNaYinHCt... |
+------------------+------------------+------------------+
Total record(s): 1

SQL> select s_quantity, s_data, s_dist_01, s_dist_02, s_dist_03, s_dist_04, s_dist_05,s_dist_06, s_dist_07, s_dist_08, s_dist_09, s_dist_10 from stock where s_i_id=1 and s_w_id=1;
+------------------+------------------+------------------+------------------+------------------+------------------+------------------+------------------+------------------+------------------+------------------+------------------+
|       s_quantity |           s_data |        s_dist_01 |        s_dist_02 |        s_dist_03 |        s_dist_04 |        s_dist_05 |        s_dist_06 |        s_dist_07 |        s_dist_08 |        s_dist_09 |        s_dist_10 |
+------------------+------------------+------------------+------------------+------------------+------------------+------------------+------------------+------------------+------------------+------------------+------------------+
|               70 | EX7cPdLs2h5Cu... | BjeZBWGUE2RK9... | Giu0QtJbzMqDz... | x5qwcB5RFQ0PJ... | zBTPV7ZCAdkhp... | QLd5BxVOSe5EO... | L1UjatGc7rn5I... | 4cCGnVcADQNSR... | uwojesfvwKbKk... | 4N8CE0EbYc27l... | jD8imXof2fu84... |
+------------------+------------------+------------------+------------------+------------------+------------------+------------------+------------------+------------------+------------------+------------------+------------------+
Total record(s): 1

SQL> update stock set s_quantity=10 where s_i_id=1 and s_w_id=1;

SQL> insert into order_line values (1140, 3, 1, 1, 1, 1, '2026-07-02 16:02:20', 5, 13.125, 'profile-workload');

SQL> select i_price, i_name, i_data from item where i_id=1;
+------------------+------------------+------------------+
|          i_price |           i_name |           i_data |
+------------------+------------------+------------------+
|       387.500000 | em5qY0xbhf7jT... | ODk5NNaYinHCt... |
+------------------+------------------+------------------+
Total record(s): 1

SQL> commit;

SQL> begin;

SQL> select c_discount, c_last, c_credit, w_tax from customer, warehouse where w_id=1 and c_w_id=w_id and c_d_id=1 and c_id=2;
+------------------+------------------+------------------+------------------+
|       c_discount |           c_last |         c_credit |            w_tax |
+------------------+------------------+------------------+------------------+
|         8.625000 |     BARRBARROUGH |               GC |         0.125000 |
+------------------+------------------+------------------+------------------+
Total record(s): 1

SQL> select d_next_o_id, d_tax from district where d_id=1 and d_w_id=1;
+------------------+------------------+
|      d_next_o_id |            d_tax |
+------------------+------------------+
|             2138 |         0.312500 |
+------------------+------------------+
Total record(s): 1

SQL> update district set d_next_o_id=2141 where d_id=1 and d_w_id=1;

SQL> insert into orders values (1141, 1, 1, 2, '2026-07-02 16:02:21', 0, 5, 1);

SQL> insert into new_orders values (1141, 1, 1);

SQL> select i_price, i_name, i_data from item where i_id=2;
+------------------+------------------+------------------+
|          i_price |           i_name |           i_data |
+------------------+------------------+------------------+
|       376.125000 | MuXfgApP7KW0a... | 3Nb3DgfVu1KJp... |
+------------------+------------------+------------------+
Total record(s): 1

SQL> select s_quantity, s_data, s_dist_01, s_dist_02, s_dist_03, s_dist_04, s_dist_05,s_dist_06, s_dist_07, s_dist_08, s_dist_09, s_dist_10 from stock where s_i_id=2 and s_w_id=1;
+------------------+------------------+------------------+------------------+------------------+------------------+------------------+------------------+------------------+------------------+------------------+------------------+
|       s_quantity |           s_data |        s_dist_01 |        s_dist_02 |        s_dist_03 |        s_dist_04 |        s_dist_05 |        s_dist_06 |        s_dist_07 |        s_dist_08 |        s_dist_09 |        s_dist_10 |
+------------------+------------------+------------------+------------------+------------------+------------------+------------------+------------------+------------------+------------------+------------------+------------------+
|               71 | djOd4utkRfPov... | m5mzVzbMevZr0... | AcexKPCSIqIkI... | dtJHr8L1DGHhZ... | Q4qTTAxg8vItA... | mRVxHKkLJsGt5... | WY35fxzCEpf7J... | NudamqsKcBceN... | t6IWnrmkFgBcF... | 2QcCCffEf0CT8... | X1e603kIsyKdi... |
+------------------+------------------+------------------+------------------+------------------+------------------+------------------+------------------+------------------+------------------+------------------+------------------+
Total record(s): 1

SQL> update stock set s_quantity=11 where s_i_id=2 and s_w_id=1;

SQL> insert into order_line values (1141, 1, 1, 1, 2, 1, '2026-07-02 16:02:21', 6, 16.250, 'profile-workload');

SQL> select i_price, i_name, i_data from item where i_id=2;
+------------------+------------------+------------------+
|          i_price |           i_name |           i_data |
+------------------+------------------+------------------+
|       376.125000 | MuXfgApP7KW0a... | 3Nb3DgfVu1KJp... |
+------------------+------------------+------------------+
Total record(s): 1

SQL> commit;

SQL> begin;

SQL> select c_discount, c_last, c_credit, w_tax from customer, warehouse where w_id=1 and c_w_id=w_id and c_d_id=2 and c_id=3;
+------------------+------------------+------------------+------------------+
|       c_discount |           c_last |         c_credit |            w_tax |
+------------------+------------------+------------------+------------------+
|        47.125000 |     BARRBARRABLE |               BC |         0.125000 |
+------------------+------------------+------------------+------------------+
Total record(s): 1

SQL> select d_next_o_id, d_tax from district where d_id=2 and d_w_id=1;
+------------------+------------------+
|      d_next_o_id |            d_tax |
+------------------+------------------+
|             2139 |         0.312500 |
+------------------+------------------+
Total record(s): 1

SQL> update district set d_next_o_id=2142 where d_id=2 and d_w_id=1;

SQL> insert into orders values (1142, 2, 1, 3, '2026-07-02 16:02:22', 0, 5, 1);

SQL> insert into new_orders values (1142, 2, 1);

SQL> select i_price, i_name, i_data from item where i_id=3;
+------------------+------------------+------------------+
|          i_price |           i_name |           i_data |
+------------------+------------------+------------------+
|       109.311996 | yis0W0gx0pikT... | UNL1LJukAZWN0... |
+------------------+------------------+------------------+
Total record(s): 1

SQL> select s_quantity, s_data, s_dist_01, s_dist_02, s_dist_03, s_dist_04, s_dist_05,s_dist_06, s_dist_07, s_dist_08, s_dist_09, s_dist_10 from stock where s_i_id=3 and s_w_id=1;
+------------------+------------------+------------------+------------------+------------------+------------------+------------------+------------------+------------------+------------------+------------------+------------------+
|       s_quantity |           s_data |        s_dist_01 |        s_dist_02 |        s_dist_03 |        s_dist_04 |        s_dist_05 |        s_dist_06 |        s_dist_07 |        s_dist_08 |        s_dist_09 |        s_dist_10 |
+------------------+------------------+------------------+------------------+------------------+------------------+------------------+------------------+------------------+------------------+------------------+------------------+
|               72 | SW90NeiRcp87f... | PVa7W5l3wRhUk... | sFfSRZQKBjMBa... | 9PDW05BnxMAjj... | WDsQYXpbbflDi... | hhr7RsyaiQF26... | HQZojb6uhrRNn... | s6MwvjHhKyTOl... | 9YGuFFjBiK9br... | Awmc5ENeXc9hp... | j50sXBi3QQyxf... |
+------------------+------------------+------------------+------------------+------------------+------------------+------------------+------------------+------------------+------------------+------------------+------------------+
Total record(s): 1

SQL> update stock set s_quantity=12 where s_i_id=3 and s_w_id=1;

SQL> insert into order_line values (1142, 2, 1, 1, 3, 1, '2026-07-02 16:02:22', 7, 19.375, 'profile-workload');

SQL> select i_price, i_name, i_data from item where i_id=3;
+------------------+------------------+------------------+
|          i_price |           i_name |           i_data |
+------------------+------------------+------------------+
|       109.311996 | yis0W0gx0pikT... | UNL1LJukAZWN0... |
+------------------+------------------+------------------+
Total record(s): 1

SQL> commit;

SQL> begin;

SQL> select c_discount, c_last, c_credit, w_tax from customer, warehouse where w_id=1 and c_w_id=w_id and c_d_id=3 and c_id=4;
+------------------+------------------+------------------+------------------+
|       c_discount |           c_last |         c_credit |            w_tax |
+------------------+------------------+------------------+------------------+
|        26.125000 |     BARRBARRPRII |               BC |         0.125000 |
+------------------+------------------+------------------+------------------+
Total record(s): 1

SQL> select d_next_o_id, d_tax from district where d_id=3 and d_w_id=1;
+------------------+------------------+
|      d_next_o_id |            d_tax |
+------------------+------------------+
|             2140 |         0.125000 |
+------------------+------------------+
Total record(s): 1

SQL> update district set d_next_o_id=2143 where d_id=3 and d_w_id=1;

SQL> insert into orders values (1143, 3, 1, 4, '2026-07-02 16:02:23', 0, 5, 1);

SQL> insert into new_orders values (1143, 3, 1);

SQL> select i_price, i_name, i_data from item where i_id=4;
+------------------+------------------+------------------+
|          i_price |           i_name |           i_data |
+------------------+------------------+------------------+
|       409.625000 | 2ICLCJkJNRA17... | zIA2Qe5D57pOo... |
+------------------+------------------+------------------+
Total record(s): 1

SQL> select s_quantity, s_data, s_dist_01, s_dist_02, s_dist_03, s_dist_04, s_dist_05,s_dist_06, s_dist_07, s_dist_08, s_dist_09, s_dist_10 from stock where s_i_id=4 and s_w_id=1;
+------------------+------------------+------------------+------------------+------------------+------------------+------------------+------------------+------------------+------------------+------------------+------------------+
|       s_quantity |           s_data |        s_dist_01 |        s_dist_02 |        s_dist_03 |        s_dist_04 |        s_dist_05 |        s_dist_06 |        s_dist_07 |        s_dist_08 |        s_dist_09 |        s_dist_10 |
+------------------+------------------+------------------+------------------+------------------+------------------+------------------+------------------+------------------+------------------+------------------+------------------+
|               73 | tNV47N74JTS0h... | KhHDzdMjFV9aK... | FnqtSeXHt27hk... | I98ThwMdZvqRj... | nd0R8CYmCzMIR... | P0unv0aqSuyqM... | TxV4RKJXjWvgb... | 9bwmjHTDXSMgE... | Dbnc8n5QaCQcV... | IC1stRVUGTQfP... | h3hqiiIdNCVgi... |
+------------------+------------------+------------------+------------------+------------------+------------------+------------------+------------------+------------------+------------------+------------------+------------------+
Total record(s): 1

SQL> update stock set s_quantity=13 where s_i_id=4 and s_w_id=1;

SQL> insert into order_line values (1143, 3, 1, 1, 4, 1, '2026-07-02 16:02:23', 8, 22.500, 'profile-workload');

SQL> select i_price, i_name, i_data from item where i_id=4;
+------------------+------------------+------------------+
|          i_price |           i_name |           i_data |
+------------------+------------------+------------------+
|       409.625000 | 2ICLCJkJNRA17... | zIA2Qe5D57pOo... |
+------------------+------------------+------------------+
Total record(s): 1

SQL> commit;

SQL> begin;

SQL> select c_discount, c_last, c_credit, w_tax from customer, warehouse where w_id=1 and c_w_id=w_id and c_d_id=1 and c_id=5;
+------------------+------------------+------------------+------------------+
|       c_discount |           c_last |         c_credit |            w_tax |
+------------------+------------------+------------------+------------------+
|        24.625000 |     BARRBARRPRES |               GC |         0.125000 |
+------------------+------------------+------------------+------------------+
Total record(s): 1

SQL> select d_next_o_id, d_tax from district where d_id=1 and d_w_id=1;
+------------------+------------------+
|      d_next_o_id |            d_tax |
+------------------+------------------+
|             2141 |         0.312500 |
+------------------+------------------+
Total record(s): 1

SQL> update district set d_next_o_id=2144 where d_id=1 and d_w_id=1;

SQL> insert into orders values (1144, 1, 1, 5, '2026-07-02 16:02:24', 0, 5, 1);

SQL> insert into new_orders values (1144, 1, 1);

SQL> select i_price, i_name, i_data from item where i_id=5;
+------------------+------------------+------------------+
|          i_price |           i_name |           i_data |
+------------------+------------------+------------------+
|       275.312012 | RZk5jvuYMBSuu... | E0i7Tq7lKSEXP... |
+------------------+------------------+------------------+
Total record(s): 1

SQL> select s_quantity, s_data, s_dist_01, s_dist_02, s_dist_03, s_dist_04, s_dist_05,s_dist_06, s_dist_07, s_dist_08, s_dist_09, s_dist_10 from stock where s_i_id=5 and s_w_id=1;
+------------------+------------------+------------------+------------------+------------------+------------------+------------------+------------------+------------------+------------------+------------------+------------------+
|       s_quantity |           s_data |        s_dist_01 |        s_dist_02 |        s_dist_03 |        s_dist_04 |        s_dist_05 |        s_dist_06 |        s_dist_07 |        s_dist_08 |        s_dist_09 |        s_dist_10 |
+------------------+------------------+------------------+------------------+------------------+------------------+------------------+------------------+------------------+------------------+------------------+------------------+
|               74 | QYFsfK67qSSgD... | EyhdR4M4INXc6... | 3Sh5C1zBCE369... | DAVOmriOquWjn... | st8NpeFRSxXqV... | pbI8Bu5iafeZi... | RqerpGCSIGjUk... | 1qfNqV5BGwDCX... | OxRydX1ZaUo5g... | Q2zzmel4OIYR1... | 4bPmuMOwkfNJh... |
+------------------+------------------+------------------+------------------+------------------+------------------+------------------+------------------+------------------+------------------+------------------+------------------+
Total record(s): 1

SQL> update stock set s_quantity=14 where s_i_id=5 and s_w_id=1;

SQL> insert into order_line values (1144, 1, 1, 1, 5, 1, '2026-07-02 16:02:24', 9, 25.625, 'profile-workload');

SQL> select i_price, i_name, i_data from item where i_id=5;
+------------------+------------------+------------------+
|          i_price |           i_name |           i_data |
+------------------+------------------+------------------+
|       275.312012 | RZk5jvuYMBSuu... | E0i7Tq7lKSEXP... |
+------------------+------------------+------------------+
Total record(s): 1

SQL> commit;

SQL> begin;

SQL> select c_discount, c_last, c_credit, w_tax from customer, warehouse where w_id=1 and c_w_id=w_id and c_d_id=2 and c_id=6;
+------------------+------------------+------------------+------------------+
|       c_discount |           c_last |         c_credit |            w_tax |
+------------------+------------------+------------------+------------------+
|        19.500000 |     BARRBARRESEE |               BC |         0.125000 |
+------------------+------------------+------------------+------------------+
Total record(s): 1

SQL> select d_next_o_id, d_tax from district where d_id=2 and d_w_id=1;
+------------------+------------------+
|      d_next_o_id |            d_tax |
+------------------+------------------+
|             2142 |         0.312500 |
+------------------+------------------+
Total record(s): 1

SQL> update district set d_next_o_id=2145 where d_id=2 and d_w_id=1;

SQL> insert into orders values (1145, 2, 1, 6, '2026-07-02 16:02:25', 0, 5, 1);

SQL> insert into new_orders values (1145, 2, 1);

SQL> select i_price, i_name, i_data from item where i_id=6;
+------------------+------------------+------------------+
|          i_price |           i_name |           i_data |
+------------------+------------------+------------------+
|       246.625000 | XtAQYtNGlLC4W... | 475hhQJ8nAwFl... |
+------------------+------------------+------------------+
Total record(s): 1

SQL> select s_quantity, s_data, s_dist_01, s_dist_02, s_dist_03, s_dist_04, s_dist_05,s_dist_06, s_dist_07, s_dist_08, s_dist_09, s_dist_10 from stock where s_i_id=6 and s_w_id=1;
+------------------+------------------+------------------+------------------+------------------+------------------+------------------+------------------+------------------+------------------+------------------+------------------+
|       s_quantity |           s_data |        s_dist_01 |        s_dist_02 |        s_dist_03 |        s_dist_04 |        s_dist_05 |        s_dist_06 |        s_dist_07 |        s_dist_08 |        s_dist_09 |        s_dist_10 |
+------------------+------------------+------------------+------------------+------------------+------------------+------------------+------------------+------------------+------------------+------------------+------------------+
|               75 | 50jyi1h54GEtG... | OiK6a8H0lcdcd... | bwDwD4rTKeogY... | Xl7GYWRXWgP4A... | PBVwrhpwmVg50... | jqmZw3n5jFQMf... | hkMdmhQFGYsCj... | oS4oJdUIVsMEn... | 2DiVDJPAjAJpW... | t8sFA3u5UUTXk... | BU2YsWQVdREKm... |
+------------------+------------------+------------------+------------------+------------------+------------------+------------------+------------------+------------------+------------------+------------------+------------------+
Total record(s): 1

SQL> update stock set s_quantity=15 where s_i_id=6 and s_w_id=1;

SQL> insert into order_line values (1145, 2, 1, 1, 6, 1, '2026-07-02 16:02:25', 10, 28.750, 'profile-workload');

SQL> select i_price, i_name, i_data from item where i_id=6;
+------------------+------------------+------------------+
|          i_price |           i_name |           i_data |
+------------------+------------------+------------------+
|       246.625000 | XtAQYtNGlLC4W... | 475hhQJ8nAwFl... |
+------------------+------------------+------------------+
Total record(s): 1

SQL> commit;

SQL> begin;

SQL> select c_discount, c_last, c_credit, w_tax from customer, warehouse where w_id=1 and c_w_id=w_id and c_d_id=3 and c_id=7;
+------------------+------------------+------------------+------------------+
|       c_discount |           c_last |         c_credit |            w_tax |
+------------------+------------------+------------------+------------------+
|         3.312500 |     BARRBARRANTI |               BC |         0.125000 |
+------------------+------------------+------------------+------------------+
Total record(s): 1

SQL> select d_next_o_id, d_tax from district where d_id=3 and d_w_id=1;
+------------------+------------------+
|      d_next_o_id |            d_tax |
+------------------+------------------+
|             2143 |         0.125000 |
+------------------+------------------+
Total record(s): 1

SQL> update district set d_next_o_id=2146 where d_id=3 and d_w_id=1;

SQL> insert into orders values (1146, 3, 1, 7, '2026-07-02 16:02:26', 0, 5, 1);

SQL> insert into new_orders values (1146, 3, 1);

SQL> select i_price, i_name, i_data from item where i_id=7;
+------------------+------------------+------------------+
|          i_price |           i_name |           i_data |
+------------------+------------------+------------------+
|       720.312012 | QxmrKt4r3jZpe... | y3Ck1ZIsrAEvk... |
+------------------+------------------+------------------+
Total record(s): 1

SQL> select s_quantity, s_data, s_dist_01, s_dist_02, s_dist_03, s_dist_04, s_dist_05,s_dist_06, s_dist_07, s_dist_08, s_dist_09, s_dist_10 from stock where s_i_id=7 and s_w_id=1;
+------------------+------------------+------------------+------------------+------------------+------------------+------------------+------------------+------------------+------------------+------------------+------------------+
|       s_quantity |           s_data |        s_dist_01 |        s_dist_02 |        s_dist_03 |        s_dist_04 |        s_dist_05 |        s_dist_06 |        s_dist_07 |        s_dist_08 |        s_dist_09 |        s_dist_10 |
+------------------+------------------+------------------+------------------+------------------+------------------+------------------+------------------+------------------+------------------+------------------+------------------+
|               76 | 6TR82uEe90nx2... | zTbRDg94LHvMI... | hEXvypWdr3sUU... | HLXzlRZuw4ouj... | gTve6RS4jkci1... | SDVkfUqhlRi4O... | L7RZjPChBdWkI... | Va5kfTINfkU6k... | KjPoqwTgzPznL... | sv13V8rlPIUIb... | 1J47hj0njnyZw... |
+------------------+------------------+------------------+------------------+------------------+------------------+------------------+------------------+------------------+------------------+------------------+------------------+
Total record(s): 1

SQL> update stock set s_quantity=16 where s_i_id=7 and s_w_id=1;

SQL> insert into order_line values (1146, 3, 1, 1, 7, 1, '2026-07-02 16:02:26', 11, 31.875, 'profile-workload');

SQL> select i_price, i_name, i_data from item where i_id=7;
+------------------+------------------+------------------+
|          i_price |           i_name |           i_data |
+------------------+------------------+------------------+
|       720.312012 | QxmrKt4r3jZpe... | y3Ck1ZIsrAEvk... |
+------------------+------------------+------------------+
Total record(s): 1

SQL> commit;

SQL> begin;

SQL> select c_discount, c_last, c_credit, w_tax from customer, warehouse where w_id=1 and c_w_id=w_id and c_d_id=1 and c_id=8;
+------------------+------------------+------------------+------------------+
|       c_discount |           c_last |         c_credit |            w_tax |
+------------------+------------------+------------------+------------------+
|        30.625000 |     BARRBARRCALL |               BC |         0.125000 |
+------------------+------------------+------------------+------------------+
Total record(s): 1

SQL> select d_next_o_id, d_tax from district where d_id=1 and d_w_id=1;
+------------------+------------------+
|      d_next_o_id |            d_tax |
+------------------+------------------+
|             2144 |         0.312500 |
+------------------+------------------+
Total record(s): 1

SQL> update district set d_next_o_id=2147 where d_id=1 and d_w_id=1;

SQL> insert into orders values (1147, 1, 1, 8, '2026-07-02 16:02:27', 0, 5, 1);

SQL> insert into new_orders values (1147, 1, 1);

SQL> select i_price, i_name, i_data from item where i_id=8;
+------------------+------------------+------------------+
|          i_price |           i_name |           i_data |
+------------------+------------------+------------------+
|       299.625000 | LwcuLY4knHB2t... | XbZktjH3bejfU... |
+------------------+------------------+------------------+
Total record(s): 1

SQL> select s_quantity, s_data, s_dist_01, s_dist_02, s_dist_03, s_dist_04, s_dist_05,s_dist_06, s_dist_07, s_dist_08, s_dist_09, s_dist_10 from stock where s_i_id=8 and s_w_id=1;
+------------------+------------------+------------------+------------------+------------------+------------------+------------------+------------------+------------------+------------------+------------------+------------------+
|       s_quantity |           s_data |        s_dist_01 |        s_dist_02 |        s_dist_03 |        s_dist_04 |        s_dist_05 |        s_dist_06 |        s_dist_07 |        s_dist_08 |        s_dist_09 |        s_dist_10 |
+------------------+------------------+------------------+------------------+------------------+------------------+------------------+------------------+------------------+------------------+------------------+------------------+
|               77 | fTXM32U4bVGkz... | avoOS1XdrV51l... | Z9neUMy58l07U... | RNxN3XmFO1BgJ... | VnepNUJvyuw0p... | 6Ag1fw0vNNJKl... | 5uvinGPCep6xe... | ZPxi7QYYnb1fV... | uxA4gBY6UmQkC... | OuEIv3mEhSatH... | vVSJVc8LyoFjs... |
+------------------+------------------+------------------+------------------+------------------+------------------+------------------+------------------+------------------+------------------+------------------+------------------+
Total record(s): 1

SQL> update stock set s_quantity=17 where s_i_id=8 and s_w_id=1;

SQL> insert into order_line values (1147, 1, 1, 1, 8, 1, '2026-07-02 16:02:27', 5, 35.000, 'profile-workload');

SQL> select i_price, i_name, i_data from item where i_id=8;
+------------------+------------------+------------------+
|          i_price |           i_name |           i_data |
+------------------+------------------+------------------+
|       299.625000 | LwcuLY4knHB2t... | XbZktjH3bejfU... |
+------------------+------------------+------------------+
Total record(s): 1

SQL> commit;

SQL> begin;

SQL> select c_discount, c_last, c_credit, w_tax from customer, warehouse where w_id=1 and c_w_id=w_id and c_d_id=2 and c_id=9;
+------------------+------------------+------------------+------------------+
|       c_discount |           c_last |         c_credit |            w_tax |
+------------------+------------------+------------------+------------------+
|        37.500000 |     BARRBARRATIO |               GC |         0.125000 |
+------------------+------------------+------------------+------------------+
Total record(s): 1

SQL> select d_next_o_id, d_tax from district where d_id=2 and d_w_id=1;
+------------------+------------------+
|      d_next_o_id |            d_tax |
+------------------+------------------+
|             2145 |         0.312500 |
+------------------+------------------+
Total record(s): 1

SQL> update district set d_next_o_id=2148 where d_id=2 and d_w_id=1;

SQL> insert into orders values (1148, 2, 1, 9, '2026-07-02 16:02:28', 0, 5, 1);

SQL> insert into new_orders values (1148, 2, 1);

SQL> select i_price, i_name, i_data from item where i_id=9;
+------------------+------------------+------------------+
|          i_price |           i_name |           i_data |
+------------------+------------------+------------------+
|       399.250000 | Uc9L7VYwDlNMH... | SZr0MmdvXoiJp... |
+------------------+------------------+------------------+
Total record(s): 1

SQL> select s_quantity, s_data, s_dist_01, s_dist_02, s_dist_03, s_dist_04, s_dist_05,s_dist_06, s_dist_07, s_dist_08, s_dist_09, s_dist_10 from stock where s_i_id=9 and s_w_id=1;
+------------------+------------------+------------------+------------------+------------------+------------------+------------------+------------------+------------------+------------------+------------------+------------------+
|       s_quantity |           s_data |        s_dist_01 |        s_dist_02 |        s_dist_03 |        s_dist_04 |        s_dist_05 |        s_dist_06 |        s_dist_07 |        s_dist_08 |        s_dist_09 |        s_dist_10 |
+------------------+------------------+------------------+------------------+------------------+------------------+------------------+------------------+------------------+------------------+------------------+------------------+
|               78 | doNfCZ41KD2bA... | YRgh8eIxiFTCf... | urPDGs5lOGRj1... | ndEJXpGXq2Yoo... | TE1gnwxbFgZy3... | S4NfC74qIDvrr... | ZOTOXZq8RwlHX... | T97qM204iWLJs... | 1LPnk4ibiCEMd... | 8j8SPj1oyFkvs... | Oa5enU4CjO0KW... |
+------------------+------------------+------------------+------------------+------------------+------------------+------------------+------------------+------------------+------------------+------------------+------------------+
Total record(s): 1

SQL> update stock set s_quantity=18 where s_i_id=9 and s_w_id=1;

SQL> insert into order_line values (1148, 2, 1, 1, 9, 1, '2026-07-02 16:02:28', 6, 38.125, 'profile-workload');

SQL> select i_price, i_name, i_data from item where i_id=9;
+------------------+------------------+------------------+
|          i_price |           i_name |           i_data |
+------------------+------------------+------------------+
|       399.250000 | Uc9L7VYwDlNMH... | SZr0MmdvXoiJp... |
+------------------+------------------+------------------+
Total record(s): 1

SQL> commit;

SQL> begin;

SQL> select c_discount, c_last, c_credit, w_tax from customer, warehouse where w_id=1 and c_w_id=w_id and c_d_id=3 and c_id=10;
+------------------+------------------+------------------+------------------+
|       c_discount |           c_last |         c_credit |            w_tax |
+------------------+------------------+------------------+------------------+
|        29.625000 |     BARRBARREING |               GC |         0.125000 |
+------------------+------------------+------------------+------------------+
Total record(s): 1

SQL> select d_next_o_id, d_tax from district where d_id=3 and d_w_id=1;
+------------------+------------------+
|      d_next_o_id |            d_tax |
+------------------+------------------+
|             2146 |         0.125000 |
+------------------+------------------+
Total record(s): 1

SQL> update district set d_next_o_id=2149 where d_id=3 and d_w_id=1;

SQL> insert into orders values (1149, 3, 1, 10, '2026-07-02 16:02:29', 0, 5, 1);

SQL> insert into new_orders values (1149, 3, 1);

SQL> select i_price, i_name, i_data from item where i_id=10;
+------------------+------------------+------------------+
|          i_price |           i_name |           i_data |
+------------------+------------------+------------------+
|       309.625000 | GE4lpUDt340SQ... | afXPChY5c62yi... |
+------------------+------------------+------------------+
Total record(s): 1

SQL> select s_quantity, s_data, s_dist_01, s_dist_02, s_dist_03, s_dist_04, s_dist_05,s_dist_06, s_dist_07, s_dist_08, s_dist_09, s_dist_10 from stock where s_i_id=10 and s_w_id=1;
+------------------+------------------+------------------+------------------+------------------+------------------+------------------+------------------+------------------+------------------+------------------+------------------+
|       s_quantity |           s_data |        s_dist_01 |        s_dist_02 |        s_dist_03 |        s_dist_04 |        s_dist_05 |        s_dist_06 |        s_dist_07 |        s_dist_08 |        s_dist_09 |        s_dist_10 |
+------------------+------------------+------------------+------------------+------------------+------------------+------------------+------------------+------------------+------------------+------------------+------------------+
|               79 | gXrIBzRLX1Hrc... | eKrLB8TVHiI44... | ouIyEmeGRGi0o... | c4bwuOWiQjEoV... | Ef2IURhPGXHIb... | thXVk6wG5UMjA... | FaPc4hXpwRqJc... | PPaIGfQ7UgCiR... | B4mpk7r1Oy6Q9... | YctHbb8gqgNVL... | tahmqTg8YteQa... |
+------------------+------------------+------------------+------------------+------------------+------------------+------------------+------------------+------------------+------------------+------------------+------------------+
Total record(s): 1

SQL> update stock set s_quantity=19 where s_i_id=10 and s_w_id=1;

SQL> insert into order_line values (1149, 3, 1, 1, 10, 1, '2026-07-02 16:02:29', 7, 41.250, 'profile-workload');

SQL> select i_price, i_name, i_data from item where i_id=10;
+------------------+------------------+------------------+
|          i_price |           i_name |           i_data |
+------------------+------------------+------------------+
|       309.625000 | GE4lpUDt340SQ... | afXPChY5c62yi... |
+------------------+------------------+------------------+
Total record(s): 1

SQL> commit;

SQL> begin;

SQL> select c_discount, c_last, c_credit, w_tax from customer, warehouse where w_id=1 and c_w_id=w_id and c_d_id=1 and c_id=1;
+------------------+------------------+------------------+------------------+
|       c_discount |           c_last |         c_credit |            w_tax |
+------------------+------------------+------------------+------------------+
|         6.500000 |     BARRBARRBARR |               GC |         0.125000 |
+------------------+------------------+------------------+------------------+
Total record(s): 1

SQL> select d_next_o_id, d_tax from district where d_id=1 and d_w_id=1;
+------------------+------------------+
|      d_next_o_id |            d_tax |
+------------------+------------------+
|             2147 |         0.312500 |
+------------------+------------------+
Total record(s): 1

SQL> update district set d_next_o_id=2150 where d_id=1 and d_w_id=1;

SQL> insert into orders values (1150, 1, 1, 1, '2026-07-02 16:02:30', 0, 5, 1);

SQL> insert into new_orders values (1150, 1, 1);

SQL> select i_price, i_name, i_data from item where i_id=1;
+------------------+------------------+------------------+
|          i_price |           i_name |           i_data |
+------------------+------------------+------------------+
|       387.500000 | em5qY0xbhf7jT... | ODk5NNaYinHCt... |
+------------------+------------------+------------------+
Total record(s): 1

SQL> select s_quantity, s_data, s_dist_01, s_dist_02, s_dist_03, s_dist_04, s_dist_05,s_dist_06, s_dist_07, s_dist_08, s_dist_09, s_dist_10 from stock where s_i_id=1 and s_w_id=1;
+------------------+------------------+------------------+------------------+------------------+------------------+------------------+------------------+------------------+------------------+------------------+------------------+
|       s_quantity |           s_data |        s_dist_01 |        s_dist_02 |        s_dist_03 |        s_dist_04 |        s_dist_05 |        s_dist_06 |        s_dist_07 |        s_dist_08 |        s_dist_09 |        s_dist_10 |
+------------------+------------------+------------------+------------------+------------------+------------------+------------------+------------------+------------------+------------------+------------------+------------------+
|               10 | EX7cPdLs2h5Cu... | BjeZBWGUE2RK9... | Giu0QtJbzMqDz... | x5qwcB5RFQ0PJ... | zBTPV7ZCAdkhp... | QLd5BxVOSe5EO... | L1UjatGc7rn5I... | 4cCGnVcADQNSR... | uwojesfvwKbKk... | 4N8CE0EbYc27l... | jD8imXof2fu84... |
+------------------+------------------+------------------+------------------+------------------+------------------+------------------+------------------+------------------+------------------+------------------+------------------+
Total record(s): 1

SQL> update stock set s_quantity=20 where s_i_id=1 and s_w_id=1;

SQL> insert into order_line values (1150, 1, 1, 1, 1, 1, '2026-07-02 16:02:30', 8, 13.125, 'profile-workload');

SQL> select i_price, i_name, i_data from item where i_id=1;
+------------------+------------------+------------------+
|          i_price |           i_name |           i_data |
+------------------+------------------+------------------+
|       387.500000 | em5qY0xbhf7jT... | ODk5NNaYinHCt... |
+------------------+------------------+------------------+
Total record(s): 1

SQL> commit;

SQL> begin;

SQL> select c_discount, c_last, c_credit, w_tax from customer, warehouse where w_id=1 and c_w_id=w_id and c_d_id=2 and c_id=2;
+------------------+------------------+------------------+------------------+
|       c_discount |           c_last |         c_credit |            w_tax |
+------------------+------------------+------------------+------------------+
|         3.125000 |     BARRBARROUGH |               GC |         0.125000 |
+------------------+------------------+------------------+------------------+
Total record(s): 1

SQL> select d_next_o_id, d_tax from district where d_id=2 and d_w_id=1;
+------------------+------------------+
|      d_next_o_id |            d_tax |
+------------------+------------------+
|             2148 |         0.312500 |
+------------------+------------------+
Total record(s): 1

SQL> update district set d_next_o_id=2151 where d_id=2 and d_w_id=1;

SQL> insert into orders values (1151, 2, 1, 2, '2026-07-02 16:02:31', 0, 5, 1);

SQL> insert into new_orders values (1151, 2, 1);

SQL> select i_price, i_name, i_data from item where i_id=2;
+------------------+------------------+------------------+
|          i_price |           i_name |           i_data |
+------------------+------------------+------------------+
|       376.125000 | MuXfgApP7KW0a... | 3Nb3DgfVu1KJp... |
+------------------+------------------+------------------+
Total record(s): 1

SQL> select s_quantity, s_data, s_dist_01, s_dist_02, s_dist_03, s_dist_04, s_dist_05,s_dist_06, s_dist_07, s_dist_08, s_dist_09, s_dist_10 from stock where s_i_id=2 and s_w_id=1;
+------------------+------------------+------------------+------------------+------------------+------------------+------------------+------------------+------------------+------------------+------------------+------------------+
|       s_quantity |           s_data |        s_dist_01 |        s_dist_02 |        s_dist_03 |        s_dist_04 |        s_dist_05 |        s_dist_06 |        s_dist_07 |        s_dist_08 |        s_dist_09 |        s_dist_10 |
+------------------+------------------+------------------+------------------+------------------+------------------+------------------+------------------+------------------+------------------+------------------+------------------+
|               11 | djOd4utkRfPov... | m5mzVzbMevZr0... | AcexKPCSIqIkI... | dtJHr8L1DGHhZ... | Q4qTTAxg8vItA... | mRVxHKkLJsGt5... | WY35fxzCEpf7J... | NudamqsKcBceN... | t6IWnrmkFgBcF... | 2QcCCffEf0CT8... | X1e603kIsyKdi... |
+------------------+------------------+------------------+------------------+------------------+------------------+------------------+------------------+------------------+------------------+------------------+------------------+
Total record(s): 1

SQL> update stock set s_quantity=21 where s_i_id=2 and s_w_id=1;

SQL> insert into order_line values (1151, 2, 1, 1, 2, 1, '2026-07-02 16:02:31', 9, 16.250, 'profile-workload');

SQL> select i_price, i_name, i_data from item where i_id=2;
+------------------+------------------+------------------+
|          i_price |           i_name |           i_data |
+------------------+------------------+------------------+
|       376.125000 | MuXfgApP7KW0a... | 3Nb3DgfVu1KJp... |
+------------------+------------------+------------------+
Total record(s): 1

SQL> commit;

SQL> begin;

SQL> select c_discount, c_last, c_credit, w_tax from customer, warehouse where w_id=1 and c_w_id=w_id and c_d_id=3 and c_id=3;
+------------------+------------------+------------------+------------------+
|       c_discount |           c_last |         c_credit |            w_tax |
+------------------+------------------+------------------+------------------+
|        10.500000 |     BARRBARRABLE |               BC |         0.125000 |
+------------------+------------------+------------------+------------------+
Total record(s): 1

SQL> select d_next_o_id, d_tax from district where d_id=3 and d_w_id=1;
+------------------+------------------+
|      d_next_o_id |            d_tax |
+------------------+------------------+
|             2149 |         0.125000 |
+------------------+------------------+
Total record(s): 1

SQL> update district set d_next_o_id=2152 where d_id=3 and d_w_id=1;

SQL> insert into orders values (1152, 3, 1, 3, '2026-07-02 16:02:32', 0, 5, 1);

SQL> insert into new_orders values (1152, 3, 1);

SQL> select i_price, i_name, i_data from item where i_id=3;
+------------------+------------------+------------------+
|          i_price |           i_name |           i_data |
+------------------+------------------+------------------+
|       109.311996 | yis0W0gx0pikT... | UNL1LJukAZWN0... |
+------------------+------------------+------------------+
Total record(s): 1

SQL> select s_quantity, s_data, s_dist_01, s_dist_02, s_dist_03, s_dist_04, s_dist_05,s_dist_06, s_dist_07, s_dist_08, s_dist_09, s_dist_10 from stock where s_i_id=3 and s_w_id=1;
+------------------+------------------+------------------+------------------+------------------+------------------+------------------+------------------+------------------+------------------+------------------+------------------+
|       s_quantity |           s_data |        s_dist_01 |        s_dist_02 |        s_dist_03 |        s_dist_04 |        s_dist_05 |        s_dist_06 |        s_dist_07 |        s_dist_08 |        s_dist_09 |        s_dist_10 |
+------------------+------------------+------------------+------------------+------------------+------------------+------------------+------------------+------------------+------------------+------------------+------------------+
|               12 | SW90NeiRcp87f... | PVa7W5l3wRhUk... | sFfSRZQKBjMBa... | 9PDW05BnxMAjj... | WDsQYXpbbflDi... | hhr7RsyaiQF26... | HQZojb6uhrRNn... | s6MwvjHhKyTOl... | 9YGuFFjBiK9br... | Awmc5ENeXc9hp... | j50sXBi3QQyxf... |
+------------------+------------------+------------------+------------------+------------------+------------------+------------------+------------------+------------------+------------------+------------------+------------------+
Total record(s): 1

SQL> update stock set s_quantity=22 where s_i_id=3 and s_w_id=1;

SQL> insert into order_line values (1152, 3, 1, 1, 3, 1, '2026-07-02 16:02:32', 10, 19.375, 'profile-workload');

SQL> select i_price, i_name, i_data from item where i_id=3;
+------------------+------------------+------------------+
|          i_price |           i_name |           i_data |
+------------------+------------------+------------------+
|       109.311996 | yis0W0gx0pikT... | UNL1LJukAZWN0... |
+------------------+------------------+------------------+
Total record(s): 1

SQL> commit;

SQL> begin;

SQL> select c_discount, c_last, c_credit, w_tax from customer, warehouse where w_id=1 and c_w_id=w_id and c_d_id=1 and c_id=4;
+------------------+------------------+------------------+------------------+
|       c_discount |           c_last |         c_credit |            w_tax |
+------------------+------------------+------------------+------------------+
|         9.500000 |     BARRBARRPRII |               GC |         0.125000 |
+------------------+------------------+------------------+------------------+
Total record(s): 1

SQL> select d_next_o_id, d_tax from district where d_id=1 and d_w_id=1;
+------------------+------------------+
|      d_next_o_id |            d_tax |
+------------------+------------------+
|             2150 |         0.312500 |
+------------------+------------------+
Total record(s): 1

SQL> update district set d_next_o_id=2153 where d_id=1 and d_w_id=1;

SQL> insert into orders values (1153, 1, 1, 4, '2026-07-02 16:02:33', 0, 5, 1);

SQL> insert into new_orders values (1153, 1, 1);

SQL> select i_price, i_name, i_data from item where i_id=4;
+------------------+------------------+------------------+
|          i_price |           i_name |           i_data |
+------------------+------------------+------------------+
|       409.625000 | 2ICLCJkJNRA17... | zIA2Qe5D57pOo... |
+------------------+------------------+------------------+
Total record(s): 1

SQL> select s_quantity, s_data, s_dist_01, s_dist_02, s_dist_03, s_dist_04, s_dist_05,s_dist_06, s_dist_07, s_dist_08, s_dist_09, s_dist_10 from stock where s_i_id=4 and s_w_id=1;
+------------------+------------------+------------------+------------------+------------------+------------------+------------------+------------------+------------------+------------------+------------------+------------------+
|       s_quantity |           s_data |        s_dist_01 |        s_dist_02 |        s_dist_03 |        s_dist_04 |        s_dist_05 |        s_dist_06 |        s_dist_07 |        s_dist_08 |        s_dist_09 |        s_dist_10 |
+------------------+------------------+------------------+------------------+------------------+------------------+------------------+------------------+------------------+------------------+------------------+------------------+
|               13 | tNV47N74JTS0h... | KhHDzdMjFV9aK... | FnqtSeXHt27hk... | I98ThwMdZvqRj... | nd0R8CYmCzMIR... | P0unv0aqSuyqM... | TxV4RKJXjWvgb... | 9bwmjHTDXSMgE... | Dbnc8n5QaCQcV... | IC1stRVUGTQfP... | h3hqiiIdNCVgi... |
+------------------+------------------+------------------+------------------+------------------+------------------+------------------+------------------+------------------+------------------+------------------+------------------+
Total record(s): 1

SQL> update stock set s_quantity=23 where s_i_id=4 and s_w_id=1;

SQL> insert into order_line values (1153, 1, 1, 1, 4, 1, '2026-07-02 16:02:33', 11, 22.500, 'profile-workload');

SQL> select i_price, i_name, i_data from item where i_id=4;
+------------------+------------------+------------------+
|          i_price |           i_name |           i_data |
+------------------+------------------+------------------+
|       409.625000 | 2ICLCJkJNRA17... | zIA2Qe5D57pOo... |
+------------------+------------------+------------------+
Total record(s): 1

SQL> commit;

SQL> begin;

SQL> select c_discount, c_last, c_credit, w_tax from customer, warehouse where w_id=1 and c_w_id=w_id and c_d_id=2 and c_id=5;
+------------------+------------------+------------------+------------------+
|       c_discount |           c_last |         c_credit |            w_tax |
+------------------+------------------+------------------+------------------+
|         8.500000 |     BARRBARRPRES |               BC |         0.125000 |
+------------------+------------------+------------------+------------------+
Total record(s): 1

SQL> select d_next_o_id, d_tax from district where d_id=2 and d_w_id=1;
+------------------+------------------+
|      d_next_o_id |            d_tax |
+------------------+------------------+
|             2151 |         0.312500 |
+------------------+------------------+
Total record(s): 1

SQL> update district set d_next_o_id=2154 where d_id=2 and d_w_id=1;

SQL> insert into orders values (1154, 2, 1, 5, '2026-07-02 16:02:34', 0, 5, 1);

SQL> insert into new_orders values (1154, 2, 1);

SQL> select i_price, i_name, i_data from item where i_id=5;
+------------------+------------------+------------------+
|          i_price |           i_name |           i_data |
+------------------+------------------+------------------+
|       275.312012 | RZk5jvuYMBSuu... | E0i7Tq7lKSEXP... |
+------------------+------------------+------------------+
Total record(s): 1

SQL> select s_quantity, s_data, s_dist_01, s_dist_02, s_dist_03, s_dist_04, s_dist_05,s_dist_06, s_dist_07, s_dist_08, s_dist_09, s_dist_10 from stock where s_i_id=5 and s_w_id=1;
+------------------+------------------+------------------+------------------+------------------+------------------+------------------+------------------+------------------+------------------+------------------+------------------+
|       s_quantity |           s_data |        s_dist_01 |        s_dist_02 |        s_dist_03 |        s_dist_04 |        s_dist_05 |        s_dist_06 |        s_dist_07 |        s_dist_08 |        s_dist_09 |        s_dist_10 |
+------------------+------------------+------------------+------------------+------------------+------------------+------------------+------------------+------------------+------------------+------------------+------------------+
|               14 | QYFsfK67qSSgD... | EyhdR4M4INXc6... | 3Sh5C1zBCE369... | DAVOmriOquWjn... | st8NpeFRSxXqV... | pbI8Bu5iafeZi... | RqerpGCSIGjUk... | 1qfNqV5BGwDCX... | OxRydX1ZaUo5g... | Q2zzmel4OIYR1... | 4bPmuMOwkfNJh... |
+------------------+------------------+------------------+------------------+------------------+------------------+------------------+------------------+------------------+------------------+------------------+------------------+
Total record(s): 1

SQL> update stock set s_quantity=24 where s_i_id=5 and s_w_id=1;

SQL> insert into order_line values (1154, 2, 1, 1, 5, 1, '2026-07-02 16:02:34', 5, 25.625, 'profile-workload');

SQL> select i_price, i_name, i_data from item where i_id=5;
+------------------+------------------+------------------+
|          i_price |           i_name |           i_data |
+------------------+------------------+------------------+
|       275.312012 | RZk5jvuYMBSuu... | E0i7Tq7lKSEXP... |
+------------------+------------------+------------------+
Total record(s): 1

SQL> commit;

SQL> begin;

SQL> select c_discount, c_last, c_credit, w_tax from customer, warehouse where w_id=1 and c_w_id=w_id and c_d_id=3 and c_id=6;
+------------------+------------------+------------------+------------------+
|       c_discount |           c_last |         c_credit |            w_tax |
+------------------+------------------+------------------+------------------+
|        23.500000 |     BARRBARRESEE |               BC |         0.125000 |
+------------------+------------------+------------------+------------------+
Total record(s): 1

SQL> select d_next_o_id, d_tax from district where d_id=3 and d_w_id=1;
+------------------+------------------+
|      d_next_o_id |            d_tax |
+------------------+------------------+
|             2152 |         0.125000 |
+------------------+------------------+
Total record(s): 1

SQL> update district set d_next_o_id=2155 where d_id=3 and d_w_id=1;

SQL> insert into orders values (1155, 3, 1, 6, '2026-07-02 16:02:35', 0, 5, 1);

SQL> insert into new_orders values (1155, 3, 1);

SQL> select i_price, i_name, i_data from item where i_id=6;
+------------------+------------------+------------------+
|          i_price |           i_name |           i_data |
+------------------+------------------+------------------+
|       246.625000 | XtAQYtNGlLC4W... | 475hhQJ8nAwFl... |
+------------------+------------------+------------------+
Total record(s): 1

SQL> select s_quantity, s_data, s_dist_01, s_dist_02, s_dist_03, s_dist_04, s_dist_05,s_dist_06, s_dist_07, s_dist_08, s_dist_09, s_dist_10 from stock where s_i_id=6 and s_w_id=1;
+------------------+------------------+------------------+------------------+------------------+------------------+------------------+------------------+------------------+------------------+------------------+------------------+
|       s_quantity |           s_data |        s_dist_01 |        s_dist_02 |        s_dist_03 |        s_dist_04 |        s_dist_05 |        s_dist_06 |        s_dist_07 |        s_dist_08 |        s_dist_09 |        s_dist_10 |
+------------------+------------------+------------------+------------------+------------------+------------------+------------------+------------------+------------------+------------------+------------------+------------------+
|               15 | 50jyi1h54GEtG... | OiK6a8H0lcdcd... | bwDwD4rTKeogY... | Xl7GYWRXWgP4A... | PBVwrhpwmVg50... | jqmZw3n5jFQMf... | hkMdmhQFGYsCj... | oS4oJdUIVsMEn... | 2DiVDJPAjAJpW... | t8sFA3u5UUTXk... | BU2YsWQVdREKm... |
+------------------+------------------+------------------+------------------+------------------+------------------+------------------+------------------+------------------+------------------+------------------+------------------+
Total record(s): 1

SQL> update stock set s_quantity=25 where s_i_id=6 and s_w_id=1;

SQL> insert into order_line values (1155, 3, 1, 1, 6, 1, '2026-07-02 16:02:35', 6, 28.750, 'profile-workload');

SQL> select i_price, i_name, i_data from item where i_id=6;
+------------------+------------------+------------------+
|          i_price |           i_name |           i_data |
+------------------+------------------+------------------+
|       246.625000 | XtAQYtNGlLC4W... | 475hhQJ8nAwFl... |
+------------------+------------------+------------------+
Total record(s): 1

SQL> commit;

SQL> begin;

SQL> select c_discount, c_last, c_credit, w_tax from customer, warehouse where w_id=1 and c_w_id=w_id and c_d_id=1 and c_id=7;
+------------------+------------------+------------------+------------------+
|       c_discount |           c_last |         c_credit |            w_tax |
+------------------+------------------+------------------+------------------+
|        41.312500 |     BARRBARRANTI |               BC |         0.125000 |
+------------------+------------------+------------------+------------------+
Total record(s): 1

SQL> select d_next_o_id, d_tax from district where d_id=1 and d_w_id=1;
+------------------+------------------+
|      d_next_o_id |            d_tax |
+------------------+------------------+
|             2153 |         0.312500 |
+------------------+------------------+
Total record(s): 1

SQL> update district set d_next_o_id=2156 where d_id=1 and d_w_id=1;

SQL> insert into orders values (1156, 1, 1, 7, '2026-07-02 16:02:36', 0, 5, 1);

SQL> insert into new_orders values (1156, 1, 1);

SQL> select i_price, i_name, i_data from item where i_id=7;
+------------------+------------------+------------------+
|          i_price |           i_name |           i_data |
+------------------+------------------+------------------+
|       720.312012 | QxmrKt4r3jZpe... | y3Ck1ZIsrAEvk... |
+------------------+------------------+------------------+
Total record(s): 1

SQL> select s_quantity, s_data, s_dist_01, s_dist_02, s_dist_03, s_dist_04, s_dist_05,s_dist_06, s_dist_07, s_dist_08, s_dist_09, s_dist_10 from stock where s_i_id=7 and s_w_id=1;
+------------------+------------------+------------------+------------------+------------------+------------------+------------------+------------------+------------------+------------------+------------------+------------------+
|       s_quantity |           s_data |        s_dist_01 |        s_dist_02 |        s_dist_03 |        s_dist_04 |        s_dist_05 |        s_dist_06 |        s_dist_07 |        s_dist_08 |        s_dist_09 |        s_dist_10 |
+------------------+------------------+------------------+------------------+------------------+------------------+------------------+------------------+------------------+------------------+------------------+------------------+
|               16 | 6TR82uEe90nx2... | zTbRDg94LHvMI... | hEXvypWdr3sUU... | HLXzlRZuw4ouj... | gTve6RS4jkci1... | SDVkfUqhlRi4O... | L7RZjPChBdWkI... | Va5kfTINfkU6k... | KjPoqwTgzPznL... | sv13V8rlPIUIb... | 1J47hj0njnyZw... |
+------------------+------------------+------------------+------------------+------------------+------------------+------------------+------------------+------------------+------------------+------------------+------------------+
Total record(s): 1

SQL> update stock set s_quantity=26 where s_i_id=7 and s_w_id=1;

SQL> insert into order_line values (1156, 1, 1, 1, 7, 1, '2026-07-02 16:02:36', 7, 31.875, 'profile-workload');

SQL> select i_price, i_name, i_data from item where i_id=7;
+------------------+------------------+------------------+
|          i_price |           i_name |           i_data |
+------------------+------------------+------------------+
|       720.312012 | QxmrKt4r3jZpe... | y3Ck1ZIsrAEvk... |
+------------------+------------------+------------------+
Total record(s): 1

SQL> commit;

SQL> begin;

SQL> select c_discount, c_last, c_credit, w_tax from customer, warehouse where w_id=1 and c_w_id=w_id and c_d_id=2 and c_id=8;
+------------------+------------------+------------------+------------------+
|       c_discount |           c_last |         c_credit |            w_tax |
+------------------+------------------+------------------+------------------+
|        24.312500 |     BARRBARRCALL |               BC |         0.125000 |
+------------------+------------------+------------------+------------------+
Total record(s): 1

SQL> select d_next_o_id, d_tax from district where d_id=2 and d_w_id=1;
+------------------+------------------+
|      d_next_o_id |            d_tax |
+------------------+------------------+
|             2154 |         0.312500 |
+------------------+------------------+
Total record(s): 1

SQL> update district set d_next_o_id=2157 where d_id=2 and d_w_id=1;

SQL> insert into orders values (1157, 2, 1, 8, '2026-07-02 16:02:37', 0, 5, 1);

SQL> insert into new_orders values (1157, 2, 1);

SQL> select i_price, i_name, i_data from item where i_id=8;
+------------------+------------------+------------------+
|          i_price |           i_name |           i_data |
+------------------+------------------+------------------+
|       299.625000 | LwcuLY4knHB2t... | XbZktjH3bejfU... |
+------------------+------------------+------------------+
Total record(s): 1

SQL> select s_quantity, s_data, s_dist_01, s_dist_02, s_dist_03, s_dist_04, s_dist_05,s_dist_06, s_dist_07, s_dist_08, s_dist_09, s_dist_10 from stock where s_i_id=8 and s_w_id=1;
+------------------+------------------+------------------+------------------+------------------+------------------+------------------+------------------+------------------+------------------+------------------+------------------+
|       s_quantity |           s_data |        s_dist_01 |        s_dist_02 |        s_dist_03 |        s_dist_04 |        s_dist_05 |        s_dist_06 |        s_dist_07 |        s_dist_08 |        s_dist_09 |        s_dist_10 |
+------------------+------------------+------------------+------------------+------------------+------------------+------------------+------------------+------------------+------------------+------------------+------------------+
|               17 | fTXM32U4bVGkz... | avoOS1XdrV51l... | Z9neUMy58l07U... | RNxN3XmFO1BgJ... | VnepNUJvyuw0p... | 6Ag1fw0vNNJKl... | 5uvinGPCep6xe... | ZPxi7QYYnb1fV... | uxA4gBY6UmQkC... | OuEIv3mEhSatH... | vVSJVc8LyoFjs... |
+------------------+------------------+------------------+------------------+------------------+------------------+------------------+------------------+------------------+------------------+------------------+------------------+
Total record(s): 1

SQL> update stock set s_quantity=27 where s_i_id=8 and s_w_id=1;

SQL> insert into order_line values (1157, 2, 1, 1, 8, 1, '2026-07-02 16:02:37', 8, 35.000, 'profile-workload');

SQL> select i_price, i_name, i_data from item where i_id=8;
+------------------+------------------+------------------+
|          i_price |           i_name |           i_data |
+------------------+------------------+------------------+
|       299.625000 | LwcuLY4knHB2t... | XbZktjH3bejfU... |
+------------------+------------------+------------------+
Total record(s): 1

SQL> commit;

SQL> begin;

SQL> select c_discount, c_last, c_credit, w_tax from customer, warehouse where w_id=1 and c_w_id=w_id and c_d_id=3 and c_id=9;
+------------------+------------------+------------------+------------------+
|       c_discount |           c_last |         c_credit |            w_tax |
+------------------+------------------+------------------+------------------+
|        35.125000 |     BARRBARRATIO |               GC |         0.125000 |
+------------------+------------------+------------------+------------------+
Total record(s): 1

SQL> select d_next_o_id, d_tax from district where d_id=3 and d_w_id=1;
+------------------+------------------+
|      d_next_o_id |            d_tax |
+------------------+------------------+
|             2155 |         0.125000 |
+------------------+------------------+
Total record(s): 1

SQL> update district set d_next_o_id=2158 where d_id=3 and d_w_id=1;

SQL> insert into orders values (1158, 3, 1, 9, '2026-07-02 16:02:38', 0, 5, 1);

SQL> insert into new_orders values (1158, 3, 1);

SQL> select i_price, i_name, i_data from item where i_id=9;
+------------------+------------------+------------------+
|          i_price |           i_name |           i_data |
+------------------+------------------+------------------+
|       399.250000 | Uc9L7VYwDlNMH... | SZr0MmdvXoiJp... |
+------------------+------------------+------------------+
Total record(s): 1

SQL> select s_quantity, s_data, s_dist_01, s_dist_02, s_dist_03, s_dist_04, s_dist_05,s_dist_06, s_dist_07, s_dist_08, s_dist_09, s_dist_10 from stock where s_i_id=9 and s_w_id=1;
+------------------+------------------+------------------+------------------+------------------+------------------+------------------+------------------+------------------+------------------+------------------+------------------+
|       s_quantity |           s_data |        s_dist_01 |        s_dist_02 |        s_dist_03 |        s_dist_04 |        s_dist_05 |        s_dist_06 |        s_dist_07 |        s_dist_08 |        s_dist_09 |        s_dist_10 |
+------------------+------------------+------------------+------------------+------------------+------------------+------------------+------------------+------------------+------------------+------------------+------------------+
|               18 | doNfCZ41KD2bA... | YRgh8eIxiFTCf... | urPDGs5lOGRj1... | ndEJXpGXq2Yoo... | TE1gnwxbFgZy3... | S4NfC74qIDvrr... | ZOTOXZq8RwlHX... | T97qM204iWLJs... | 1LPnk4ibiCEMd... | 8j8SPj1oyFkvs... | Oa5enU4CjO0KW... |
+------------------+------------------+------------------+------------------+------------------+------------------+------------------+------------------+------------------+------------------+------------------+------------------+
Total record(s): 1

SQL> update stock set s_quantity=28 where s_i_id=9 and s_w_id=1;

SQL> insert into order_line values (1158, 3, 1, 1, 9, 1, '2026-07-02 16:02:38', 9, 38.125, 'profile-workload');

SQL> select i_price, i_name, i_data from item where i_id=9;
+------------------+------------------+------------------+
|          i_price |           i_name |           i_data |
+------------------+------------------+------------------+
|       399.250000 | Uc9L7VYwDlNMH... | SZr0MmdvXoiJp... |
+------------------+------------------+------------------+
Total record(s): 1

SQL> commit;

SQL> begin;

SQL> select c_discount, c_last, c_credit, w_tax from customer, warehouse where w_id=1 and c_w_id=w_id and c_d_id=1 and c_id=10;
+------------------+------------------+------------------+------------------+
|       c_discount |           c_last |         c_credit |            w_tax |
+------------------+------------------+------------------+------------------+
|        25.125000 |     BARRBARREING |               GC |         0.125000 |
+------------------+------------------+------------------+------------------+
Total record(s): 1

SQL> select d_next_o_id, d_tax from district where d_id=1 and d_w_id=1;
+------------------+------------------+
|      d_next_o_id |            d_tax |
+------------------+------------------+
|             2156 |         0.312500 |
+------------------+------------------+
Total record(s): 1

SQL> update district set d_next_o_id=2159 where d_id=1 and d_w_id=1;

SQL> insert into orders values (1159, 1, 1, 10, '2026-07-02 16:02:39', 0, 5, 1);

SQL> insert into new_orders values (1159, 1, 1);

SQL> select i_price, i_name, i_data from item where i_id=10;
+------------------+------------------+------------------+
|          i_price |           i_name |           i_data |
+------------------+------------------+------------------+
|       309.625000 | GE4lpUDt340SQ... | afXPChY5c62yi... |
+------------------+------------------+------------------+
Total record(s): 1

SQL> select s_quantity, s_data, s_dist_01, s_dist_02, s_dist_03, s_dist_04, s_dist_05,s_dist_06, s_dist_07, s_dist_08, s_dist_09, s_dist_10 from stock where s_i_id=10 and s_w_id=1;
+------------------+------------------+------------------+------------------+------------------+------------------+------------------+------------------+------------------+------------------+------------------+------------------+
|       s_quantity |           s_data |        s_dist_01 |        s_dist_02 |        s_dist_03 |        s_dist_04 |        s_dist_05 |        s_dist_06 |        s_dist_07 |        s_dist_08 |        s_dist_09 |        s_dist_10 |
+------------------+------------------+------------------+------------------+------------------+------------------+------------------+------------------+------------------+------------------+------------------+------------------+
|               19 | gXrIBzRLX1Hrc... | eKrLB8TVHiI44... | ouIyEmeGRGi0o... | c4bwuOWiQjEoV... | Ef2IURhPGXHIb... | thXVk6wG5UMjA... | FaPc4hXpwRqJc... | PPaIGfQ7UgCiR... | B4mpk7r1Oy6Q9... | YctHbb8gqgNVL... | tahmqTg8YteQa... |
+------------------+------------------+------------------+------------------+------------------+------------------+------------------+------------------+------------------+------------------+------------------+------------------+
Total record(s): 1

SQL> update stock set s_quantity=29 where s_i_id=10 and s_w_id=1;

SQL> insert into order_line values (1159, 1, 1, 1, 10, 1, '2026-07-02 16:02:39', 10, 41.250, 'profile-workload');

SQL> select i_price, i_name, i_data from item where i_id=10;
+------------------+------------------+------------------+
|          i_price |           i_name |           i_data |
+------------------+------------------+------------------+
|       309.625000 | GE4lpUDt340SQ... | afXPChY5c62yi... |
+------------------+------------------+------------------+
Total record(s): 1

SQL> commit;

SQL> begin;

SQL> select c_discount, c_last, c_credit, w_tax from customer, warehouse where w_id=1 and c_w_id=w_id and c_d_id=2 and c_id=1;
+------------------+------------------+------------------+------------------+
|       c_discount |           c_last |         c_credit |            w_tax |
+------------------+------------------+------------------+------------------+
|        26.250000 |     BARRBARRBARR |               GC |         0.125000 |
+------------------+------------------+------------------+------------------+
Total record(s): 1

SQL> select d_next_o_id, d_tax from district where d_id=2 and d_w_id=1;
+------------------+------------------+
|      d_next_o_id |            d_tax |
+------------------+------------------+
|             2157 |         0.312500 |
+------------------+------------------+
Total record(s): 1

SQL> update district set d_next_o_id=2160 where d_id=2 and d_w_id=1;

SQL> insert into orders values (1160, 2, 1, 1, '2026-07-02 16:02:40', 0, 5, 1);

SQL> insert into new_orders values (1160, 2, 1);

SQL> select i_price, i_name, i_data from item where i_id=1;
+------------------+------------------+------------------+
|          i_price |           i_name |           i_data |
+------------------+------------------+------------------+
|       387.500000 | em5qY0xbhf7jT... | ODk5NNaYinHCt... |
+------------------+------------------+------------------+
Total record(s): 1

SQL> select s_quantity, s_data, s_dist_01, s_dist_02, s_dist_03, s_dist_04, s_dist_05,s_dist_06, s_dist_07, s_dist_08, s_dist_09, s_dist_10 from stock where s_i_id=1 and s_w_id=1;
+------------------+------------------+------------------+------------------+------------------+------------------+------------------+------------------+------------------+------------------+------------------+------------------+
|       s_quantity |           s_data |        s_dist_01 |        s_dist_02 |        s_dist_03 |        s_dist_04 |        s_dist_05 |        s_dist_06 |        s_dist_07 |        s_dist_08 |        s_dist_09 |        s_dist_10 |
+------------------+------------------+------------------+------------------+------------------+------------------+------------------+------------------+------------------+------------------+------------------+------------------+
|               20 | EX7cPdLs2h5Cu... | BjeZBWGUE2RK9... | Giu0QtJbzMqDz... | x5qwcB5RFQ0PJ... | zBTPV7ZCAdkhp... | QLd5BxVOSe5EO... | L1UjatGc7rn5I... | 4cCGnVcADQNSR... | uwojesfvwKbKk... | 4N8CE0EbYc27l... | jD8imXof2fu84... |
+------------------+------------------+------------------+------------------+------------------+------------------+------------------+------------------+------------------+------------------+------------------+------------------+
Total record(s): 1

SQL> update stock set s_quantity=30 where s_i_id=1 and s_w_id=1;

SQL> insert into order_line values (1160, 2, 1, 1, 1, 1, '2026-07-02 16:02:40', 11, 13.125, 'profile-workload');

SQL> select i_price, i_name, i_data from item where i_id=1;
+------------------+------------------+------------------+
|          i_price |           i_name |           i_data |
+------------------+------------------+------------------+
|       387.500000 | em5qY0xbhf7jT... | ODk5NNaYinHCt... |
+------------------+------------------+------------------+
Total record(s): 1

SQL> commit;

SQL> begin;

SQL> select c_discount, c_last, c_credit, w_tax from customer, warehouse where w_id=1 and c_w_id=w_id and c_d_id=3 and c_id=2;
+------------------+------------------+------------------+------------------+
|       c_discount |           c_last |         c_credit |            w_tax |
+------------------+------------------+------------------+------------------+
|        31.250000 |     BARRBARROUGH |               BC |         0.125000 |
+------------------+------------------+------------------+------------------+
Total record(s): 1

SQL> select d_next_o_id, d_tax from district where d_id=3 and d_w_id=1;
+------------------+------------------+
|      d_next_o_id |            d_tax |
+------------------+------------------+
|             2158 |         0.125000 |
+------------------+------------------+
Total record(s): 1

SQL> update district set d_next_o_id=2161 where d_id=3 and d_w_id=1;

SQL> insert into orders values (1161, 3, 1, 2, '2026-07-02 16:02:41', 0, 5, 1);

SQL> insert into new_orders values (1161, 3, 1);

SQL> select i_price, i_name, i_data from item where i_id=2;
+------------------+------------------+------------------+
|          i_price |           i_name |           i_data |
+------------------+------------------+------------------+
|       376.125000 | MuXfgApP7KW0a... | 3Nb3DgfVu1KJp... |
+------------------+------------------+------------------+
Total record(s): 1

SQL> select s_quantity, s_data, s_dist_01, s_dist_02, s_dist_03, s_dist_04, s_dist_05,s_dist_06, s_dist_07, s_dist_08, s_dist_09, s_dist_10 from stock where s_i_id=2 and s_w_id=1;
+------------------+------------------+------------------+------------------+------------------+------------------+------------------+------------------+------------------+------------------+------------------+------------------+
|       s_quantity |           s_data |        s_dist_01 |        s_dist_02 |        s_dist_03 |        s_dist_04 |        s_dist_05 |        s_dist_06 |        s_dist_07 |        s_dist_08 |        s_dist_09 |        s_dist_10 |
+------------------+------------------+------------------+------------------+------------------+------------------+------------------+------------------+------------------+------------------+------------------+------------------+
|               21 | djOd4utkRfPov... | m5mzVzbMevZr0... | AcexKPCSIqIkI... | dtJHr8L1DGHhZ... | Q4qTTAxg8vItA... | mRVxHKkLJsGt5... | WY35fxzCEpf7J... | NudamqsKcBceN... | t6IWnrmkFgBcF... | 2QcCCffEf0CT8... | X1e603kIsyKdi... |
+------------------+------------------+------------------+------------------+------------------+------------------+------------------+------------------+------------------+------------------+------------------+------------------+
Total record(s): 1

SQL> update stock set s_quantity=31 where s_i_id=2 and s_w_id=1;

SQL> insert into order_line values (1161, 3, 1, 1, 2, 1, '2026-07-02 16:02:41', 5, 16.250, 'profile-workload');

SQL> select i_price, i_name, i_data from item where i_id=2;
+------------------+------------------+------------------+
|          i_price |           i_name |           i_data |
+------------------+------------------+------------------+
|       376.125000 | MuXfgApP7KW0a... | 3Nb3DgfVu1KJp... |
+------------------+------------------+------------------+
Total record(s): 1

SQL> commit;

SQL> begin;

SQL> select c_discount, c_last, c_credit, w_tax from customer, warehouse where w_id=1 and c_w_id=w_id and c_d_id=1 and c_id=3;
+------------------+------------------+------------------+------------------+
|       c_discount |           c_last |         c_credit |            w_tax |
+------------------+------------------+------------------+------------------+
|         6.125000 |     BARRBARRABLE |               BC |         0.125000 |
+------------------+------------------+------------------+------------------+
Total record(s): 1

SQL> select d_next_o_id, d_tax from district where d_id=1 and d_w_id=1;
+------------------+------------------+
|      d_next_o_id |            d_tax |
+------------------+------------------+
|             2159 |         0.312500 |
+------------------+------------------+
Total record(s): 1

SQL> update district set d_next_o_id=2162 where d_id=1 and d_w_id=1;

SQL> insert into orders values (1162, 1, 1, 3, '2026-07-02 16:02:42', 0, 5, 1);

SQL> insert into new_orders values (1162, 1, 1);

SQL> select i_price, i_name, i_data from item where i_id=3;
+------------------+------------------+------------------+
|          i_price |           i_name |           i_data |
+------------------+------------------+------------------+
|       109.311996 | yis0W0gx0pikT... | UNL1LJukAZWN0... |
+------------------+------------------+------------------+
Total record(s): 1

SQL> select s_quantity, s_data, s_dist_01, s_dist_02, s_dist_03, s_dist_04, s_dist_05,s_dist_06, s_dist_07, s_dist_08, s_dist_09, s_dist_10 from stock where s_i_id=3 and s_w_id=1;
+------------------+------------------+------------------+------------------+------------------+------------------+------------------+------------------+------------------+------------------+------------------+------------------+
|       s_quantity |           s_data |        s_dist_01 |        s_dist_02 |        s_dist_03 |        s_dist_04 |        s_dist_05 |        s_dist_06 |        s_dist_07 |        s_dist_08 |        s_dist_09 |        s_dist_10 |
+------------------+------------------+------------------+------------------+------------------+------------------+------------------+------------------+------------------+------------------+------------------+------------------+
|               22 | SW90NeiRcp87f... | PVa7W5l3wRhUk... | sFfSRZQKBjMBa... | 9PDW05BnxMAjj... | WDsQYXpbbflDi... | hhr7RsyaiQF26... | HQZojb6uhrRNn... | s6MwvjHhKyTOl... | 9YGuFFjBiK9br... | Awmc5ENeXc9hp... | j50sXBi3QQyxf... |
+------------------+------------------+------------------+------------------+------------------+------------------+------------------+------------------+------------------+------------------+------------------+------------------+
Total record(s): 1

SQL> update stock set s_quantity=32 where s_i_id=3 and s_w_id=1;

SQL> insert into order_line values (1162, 1, 1, 1, 3, 1, '2026-07-02 16:02:42', 6, 19.375, 'profile-workload');

SQL> select i_price, i_name, i_data from item where i_id=3;
+------------------+------------------+------------------+
|          i_price |           i_name |           i_data |
+------------------+------------------+------------------+
|       109.311996 | yis0W0gx0pikT... | UNL1LJukAZWN0... |
+------------------+------------------+------------------+
Total record(s): 1

SQL> commit;

SQL> begin;

SQL> select c_discount, c_last, c_credit, w_tax from customer, warehouse where w_id=1 and c_w_id=w_id and c_d_id=2 and c_id=4;
+------------------+------------------+------------------+------------------+
|       c_discount |           c_last |         c_credit |            w_tax |
+------------------+------------------+------------------+------------------+
|         2.625000 |     BARRBARRPRII |               BC |         0.125000 |
+------------------+------------------+------------------+------------------+
Total record(s): 1

SQL> select d_next_o_id, d_tax from district where d_id=2 and d_w_id=1;
+------------------+------------------+
|      d_next_o_id |            d_tax |
+------------------+------------------+
|             2160 |         0.312500 |
+------------------+------------------+
Total record(s): 1

SQL> update district set d_next_o_id=2163 where d_id=2 and d_w_id=1;

SQL> insert into orders values (1163, 2, 1, 4, '2026-07-02 16:02:43', 0, 5, 1);

SQL> insert into new_orders values (1163, 2, 1);

SQL> select i_price, i_name, i_data from item where i_id=4;
+------------------+------------------+------------------+
|          i_price |           i_name |           i_data |
+------------------+------------------+------------------+
|       409.625000 | 2ICLCJkJNRA17... | zIA2Qe5D57pOo... |
+------------------+------------------+------------------+
Total record(s): 1

SQL> select s_quantity, s_data, s_dist_01, s_dist_02, s_dist_03, s_dist_04, s_dist_05,s_dist_06, s_dist_07, s_dist_08, s_dist_09, s_dist_10 from stock where s_i_id=4 and s_w_id=1;
+------------------+------------------+------------------+------------------+------------------+------------------+------------------+------------------+------------------+------------------+------------------+------------------+
|       s_quantity |           s_data |        s_dist_01 |        s_dist_02 |        s_dist_03 |        s_dist_04 |        s_dist_05 |        s_dist_06 |        s_dist_07 |        s_dist_08 |        s_dist_09 |        s_dist_10 |
+------------------+------------------+------------------+------------------+------------------+------------------+------------------+------------------+------------------+------------------+------------------+------------------+
|               23 | tNV47N74JTS0h... | KhHDzdMjFV9aK... | FnqtSeXHt27hk... | I98ThwMdZvqRj... | nd0R8CYmCzMIR... | P0unv0aqSuyqM... | TxV4RKJXjWvgb... | 9bwmjHTDXSMgE... | Dbnc8n5QaCQcV... | IC1stRVUGTQfP... | h3hqiiIdNCVgi... |
+------------------+------------------+------------------+------------------+------------------+------------------+------------------+------------------+------------------+------------------+------------------+------------------+
Total record(s): 1

SQL> update stock set s_quantity=33 where s_i_id=4 and s_w_id=1;

SQL> insert into order_line values (1163, 2, 1, 1, 4, 1, '2026-07-02 16:02:43', 7, 22.500, 'profile-workload');

SQL> select i_price, i_name, i_data from item where i_id=4;
+------------------+------------------+------------------+
|          i_price |           i_name |           i_data |
+------------------+------------------+------------------+
|       409.625000 | 2ICLCJkJNRA17... | zIA2Qe5D57pOo... |
+------------------+------------------+------------------+
Total record(s): 1

SQL> commit;

SQL> begin;

SQL> select c_discount, c_last, c_credit, w_tax from customer, warehouse where w_id=1 and c_w_id=w_id and c_d_id=3 and c_id=5;
+------------------+------------------+------------------+------------------+
|       c_discount |           c_last |         c_credit |            w_tax |
+------------------+------------------+------------------+------------------+
|        13.500000 |     BARRBARRPRES |               GC |         0.125000 |
+------------------+------------------+------------------+------------------+
Total record(s): 1

SQL> select d_next_o_id, d_tax from district where d_id=3 and d_w_id=1;
+------------------+------------------+
|      d_next_o_id |            d_tax |
+------------------+------------------+
|             2161 |         0.125000 |
+------------------+------------------+
Total record(s): 1

SQL> update district set d_next_o_id=2164 where d_id=3 and d_w_id=1;

SQL> insert into orders values (1164, 3, 1, 5, '2026-07-02 16:02:44', 0, 5, 1);

SQL> insert into new_orders values (1164, 3, 1);

SQL> select i_price, i_name, i_data from item where i_id=5;
+------------------+------------------+------------------+
|          i_price |           i_name |           i_data |
+------------------+------------------+------------------+
|       275.312012 | RZk5jvuYMBSuu... | E0i7Tq7lKSEXP... |
+------------------+------------------+------------------+
Total record(s): 1

SQL> select s_quantity, s_data, s_dist_01, s_dist_02, s_dist_03, s_dist_04, s_dist_05,s_dist_06, s_dist_07, s_dist_08, s_dist_09, s_dist_10 from stock where s_i_id=5 and s_w_id=1;
+------------------+------------------+------------------+------------------+------------------+------------------+------------------+------------------+------------------+------------------+------------------+------------------+
|       s_quantity |           s_data |        s_dist_01 |        s_dist_02 |        s_dist_03 |        s_dist_04 |        s_dist_05 |        s_dist_06 |        s_dist_07 |        s_dist_08 |        s_dist_09 |        s_dist_10 |
+------------------+------------------+------------------+------------------+------------------+------------------+------------------+------------------+------------------+------------------+------------------+------------------+
|               24 | QYFsfK67qSSgD... | EyhdR4M4INXc6... | 3Sh5C1zBCE369... | DAVOmriOquWjn... | st8NpeFRSxXqV... | pbI8Bu5iafeZi... | RqerpGCSIGjUk... | 1qfNqV5BGwDCX... | OxRydX1ZaUo5g... | Q2zzmel4OIYR1... | 4bPmuMOwkfNJh... |
+------------------+------------------+------------------+------------------+------------------+------------------+------------------+------------------+------------------+------------------+------------------+------------------+
Total record(s): 1

SQL> update stock set s_quantity=34 where s_i_id=5 and s_w_id=1;

SQL> insert into order_line values (1164, 3, 1, 1, 5, 1, '2026-07-02 16:02:44', 8, 25.625, 'profile-workload');

SQL> select i_price, i_name, i_data from item where i_id=5;
+------------------+------------------+------------------+
|          i_price |           i_name |           i_data |
+------------------+------------------+------------------+
|       275.312012 | RZk5jvuYMBSuu... | E0i7Tq7lKSEXP... |
+------------------+------------------+------------------+
Total record(s): 1

SQL> commit;

SQL> begin;

SQL> select c_discount, c_last, c_credit, w_tax from customer, warehouse where w_id=1 and c_w_id=w_id and c_d_id=1 and c_id=6;
+------------------+------------------+------------------+------------------+
|       c_discount |           c_last |         c_credit |            w_tax |
+------------------+------------------+------------------+------------------+
|        42.500000 |     BARRBARRESEE |               GC |         0.125000 |
+------------------+------------------+------------------+------------------+
Total record(s): 1

SQL> select d_next_o_id, d_tax from district where d_id=1 and d_w_id=1;
+------------------+------------------+
|      d_next_o_id |            d_tax |
+------------------+------------------+
|             2162 |         0.312500 |
+------------------+------------------+
Total record(s): 1

SQL> update district set d_next_o_id=2165 where d_id=1 and d_w_id=1;

SQL> insert into orders values (1165, 1, 1, 6, '2026-07-02 16:02:45', 0, 5, 1);

SQL> insert into new_orders values (1165, 1, 1);

SQL> select i_price, i_name, i_data from item where i_id=6;
+------------------+------------------+------------------+
|          i_price |           i_name |           i_data |
+------------------+------------------+------------------+
|       246.625000 | XtAQYtNGlLC4W... | 475hhQJ8nAwFl... |
+------------------+------------------+------------------+
Total record(s): 1

SQL> select s_quantity, s_data, s_dist_01, s_dist_02, s_dist_03, s_dist_04, s_dist_05,s_dist_06, s_dist_07, s_dist_08, s_dist_09, s_dist_10 from stock where s_i_id=6 and s_w_id=1;
+------------------+------------------+------------------+------------------+------------------+------------------+------------------+------------------+------------------+------------------+------------------+------------------+
|       s_quantity |           s_data |        s_dist_01 |        s_dist_02 |        s_dist_03 |        s_dist_04 |        s_dist_05 |        s_dist_06 |        s_dist_07 |        s_dist_08 |        s_dist_09 |        s_dist_10 |
+------------------+------------------+------------------+------------------+------------------+------------------+------------------+------------------+------------------+------------------+------------------+------------------+
|               25 | 50jyi1h54GEtG... | OiK6a8H0lcdcd... | bwDwD4rTKeogY... | Xl7GYWRXWgP4A... | PBVwrhpwmVg50... | jqmZw3n5jFQMf... | hkMdmhQFGYsCj... | oS4oJdUIVsMEn... | 2DiVDJPAjAJpW... | t8sFA3u5UUTXk... | BU2YsWQVdREKm... |
+------------------+------------------+------------------+------------------+------------------+------------------+------------------+------------------+------------------+------------------+------------------+------------------+
Total record(s): 1

SQL> update stock set s_quantity=35 where s_i_id=6 and s_w_id=1;

SQL> insert into order_line values (1165, 1, 1, 1, 6, 1, '2026-07-02 16:02:45', 9, 28.750, 'profile-workload');

SQL> select i_price, i_name, i_data from item where i_id=6;
+------------------+------------------+------------------+
|          i_price |           i_name |           i_data |
+------------------+------------------+------------------+
|       246.625000 | XtAQYtNGlLC4W... | 475hhQJ8nAwFl... |
+------------------+------------------+------------------+
Total record(s): 1

SQL> commit;

SQL> begin;

SQL> select c_discount, c_last, c_credit, w_tax from customer, warehouse where w_id=1 and c_w_id=w_id and c_d_id=2 and c_id=7;
+------------------+------------------+------------------+------------------+
|       c_discount |           c_last |         c_credit |            w_tax |
+------------------+------------------+------------------+------------------+
|         8.625000 |     BARRBARRANTI |               GC |         0.125000 |
+------------------+------------------+------------------+------------------+
Total record(s): 1

SQL> select d_next_o_id, d_tax from district where d_id=2 and d_w_id=1;
+------------------+------------------+
|      d_next_o_id |            d_tax |
+------------------+------------------+
|             2163 |         0.312500 |
+------------------+------------------+
Total record(s): 1

SQL> update district set d_next_o_id=2166 where d_id=2 and d_w_id=1;

SQL> insert into orders values (1166, 2, 1, 7, '2026-07-02 16:02:46', 0, 5, 1);

SQL> insert into new_orders values (1166, 2, 1);

SQL> select i_price, i_name, i_data from item where i_id=7;
+------------------+------------------+------------------+
|          i_price |           i_name |           i_data |
+------------------+------------------+------------------+
|       720.312012 | QxmrKt4r3jZpe... | y3Ck1ZIsrAEvk... |
+------------------+------------------+------------------+
Total record(s): 1

SQL> select s_quantity, s_data, s_dist_01, s_dist_02, s_dist_03, s_dist_04, s_dist_05,s_dist_06, s_dist_07, s_dist_08, s_dist_09, s_dist_10 from stock where s_i_id=7 and s_w_id=1;
+------------------+------------------+------------------+------------------+------------------+------------------+------------------+------------------+------------------+------------------+------------------+------------------+
|       s_quantity |           s_data |        s_dist_01 |        s_dist_02 |        s_dist_03 |        s_dist_04 |        s_dist_05 |        s_dist_06 |        s_dist_07 |        s_dist_08 |        s_dist_09 |        s_dist_10 |
+------------------+------------------+------------------+------------------+------------------+------------------+------------------+------------------+------------------+------------------+------------------+------------------+
|               26 | 6TR82uEe90nx2... | zTbRDg94LHvMI... | hEXvypWdr3sUU... | HLXzlRZuw4ouj... | gTve6RS4jkci1... | SDVkfUqhlRi4O... | L7RZjPChBdWkI... | Va5kfTINfkU6k... | KjPoqwTgzPznL... | sv13V8rlPIUIb... | 1J47hj0njnyZw... |
+------------------+------------------+------------------+------------------+------------------+------------------+------------------+------------------+------------------+------------------+------------------+------------------+
Total record(s): 1

SQL> update stock set s_quantity=36 where s_i_id=7 and s_w_id=1;

SQL> insert into order_line values (1166, 2, 1, 1, 7, 1, '2026-07-02 16:02:46', 10, 31.875, 'profile-workload');

SQL> select i_price, i_name, i_data from item where i_id=7;
+------------------+------------------+------------------+
|          i_price |           i_name |           i_data |
+------------------+------------------+------------------+
|       720.312012 | QxmrKt4r3jZpe... | y3Ck1ZIsrAEvk... |
+------------------+------------------+------------------+
Total record(s): 1

SQL> commit;

SQL> begin;

SQL> select c_discount, c_last, c_credit, w_tax from customer, warehouse where w_id=1 and c_w_id=w_id and c_d_id=3 and c_id=8;
+------------------+------------------+------------------+------------------+
|       c_discount |           c_last |         c_credit |            w_tax |
+------------------+------------------+------------------+------------------+
|         7.500000 |     BARRBARRCALL |               BC |         0.125000 |
+------------------+------------------+------------------+------------------+
Total record(s): 1

SQL> select d_next_o_id, d_tax from district where d_id=3 and d_w_id=1;
+------------------+------------------+
|      d_next_o_id |            d_tax |
+------------------+------------------+
|             2164 |         0.125000 |
+------------------+------------------+
Total record(s): 1

SQL> update district set d_next_o_id=2167 where d_id=3 and d_w_id=1;

SQL> insert into orders values (1167, 3, 1, 8, '2026-07-02 16:02:47', 0, 5, 1);

SQL> insert into new_orders values (1167, 3, 1);

SQL> select i_price, i_name, i_data from item where i_id=8;
+------------------+------------------+------------------+
|          i_price |           i_name |           i_data |
+------------------+------------------+------------------+
|       299.625000 | LwcuLY4knHB2t... | XbZktjH3bejfU... |
+------------------+------------------+------------------+
Total record(s): 1

SQL> select s_quantity, s_data, s_dist_01, s_dist_02, s_dist_03, s_dist_04, s_dist_05,s_dist_06, s_dist_07, s_dist_08, s_dist_09, s_dist_10 from stock where s_i_id=8 and s_w_id=1;
+------------------+------------------+------------------+------------------+------------------+------------------+------------------+------------------+------------------+------------------+------------------+------------------+
|       s_quantity |           s_data |        s_dist_01 |        s_dist_02 |        s_dist_03 |        s_dist_04 |        s_dist_05 |        s_dist_06 |        s_dist_07 |        s_dist_08 |        s_dist_09 |        s_dist_10 |
+------------------+------------------+------------------+------------------+------------------+------------------+------------------+------------------+------------------+------------------+------------------+------------------+
|               27 | fTXM32U4bVGkz... | avoOS1XdrV51l... | Z9neUMy58l07U... | RNxN3XmFO1BgJ... | VnepNUJvyuw0p... | 6Ag1fw0vNNJKl... | 5uvinGPCep6xe... | ZPxi7QYYnb1fV... | uxA4gBY6UmQkC... | OuEIv3mEhSatH... | vVSJVc8LyoFjs... |
+------------------+------------------+------------------+------------------+------------------+------------------+------------------+------------------+------------------+------------------+------------------+------------------+
Total record(s): 1

SQL> update stock set s_quantity=37 where s_i_id=8 and s_w_id=1;

SQL> insert into order_line values (1167, 3, 1, 1, 8, 1, '2026-07-02 16:02:47', 11, 35.000, 'profile-workload');

SQL> select i_price, i_name, i_data from item where i_id=8;
+------------------+------------------+------------------+
|          i_price |           i_name |           i_data |
+------------------+------------------+------------------+
|       299.625000 | LwcuLY4knHB2t... | XbZktjH3bejfU... |
+------------------+------------------+------------------+
Total record(s): 1

SQL> commit;

SQL> begin;

SQL> select c_discount, c_last, c_credit, w_tax from customer, warehouse where w_id=1 and c_w_id=w_id and c_d_id=1 and c_id=9;
+------------------+------------------+------------------+------------------+
|       c_discount |           c_last |         c_credit |            w_tax |
+------------------+------------------+------------------+------------------+
|        19.125000 |     BARRBARRATIO |               BC |         0.125000 |
+------------------+------------------+------------------+------------------+
Total record(s): 1

SQL> select d_next_o_id, d_tax from district where d_id=1 and d_w_id=1;
+------------------+------------------+
|      d_next_o_id |            d_tax |
+------------------+------------------+
|             2165 |         0.312500 |
+------------------+------------------+
Total record(s): 1

SQL> update district set d_next_o_id=2168 where d_id=1 and d_w_id=1;

SQL> insert into orders values (1168, 1, 1, 9, '2026-07-02 16:02:48', 0, 5, 1);

SQL> insert into new_orders values (1168, 1, 1);

SQL> select i_price, i_name, i_data from item where i_id=9;
+------------------+------------------+------------------+
|          i_price |           i_name |           i_data |
+------------------+------------------+------------------+
|       399.250000 | Uc9L7VYwDlNMH... | SZr0MmdvXoiJp... |
+------------------+------------------+------------------+
Total record(s): 1

SQL> select s_quantity, s_data, s_dist_01, s_dist_02, s_dist_03, s_dist_04, s_dist_05,s_dist_06, s_dist_07, s_dist_08, s_dist_09, s_dist_10 from stock where s_i_id=9 and s_w_id=1;
+------------------+------------------+------------------+------------------+------------------+------------------+------------------+------------------+------------------+------------------+------------------+------------------+
|       s_quantity |           s_data |        s_dist_01 |        s_dist_02 |        s_dist_03 |        s_dist_04 |        s_dist_05 |        s_dist_06 |        s_dist_07 |        s_dist_08 |        s_dist_09 |        s_dist_10 |
+------------------+------------------+------------------+------------------+------------------+------------------+------------------+------------------+------------------+------------------+------------------+------------------+
|               28 | doNfCZ41KD2bA... | YRgh8eIxiFTCf... | urPDGs5lOGRj1... | ndEJXpGXq2Yoo... | TE1gnwxbFgZy3... | S4NfC74qIDvrr... | ZOTOXZq8RwlHX... | T97qM204iWLJs... | 1LPnk4ibiCEMd... | 8j8SPj1oyFkvs... | Oa5enU4CjO0KW... |
+------------------+------------------+------------------+------------------+------------------+------------------+------------------+------------------+------------------+------------------+------------------+------------------+
Total record(s): 1

SQL> update stock set s_quantity=38 where s_i_id=9 and s_w_id=1;

SQL> insert into order_line values (1168, 1, 1, 1, 9, 1, '2026-07-02 16:02:48', 5, 38.125, 'profile-workload');

SQL> select i_price, i_name, i_data from item where i_id=9;
+------------------+------------------+------------------+
|          i_price |           i_name |           i_data |
+------------------+------------------+------------------+
|       399.250000 | Uc9L7VYwDlNMH... | SZr0MmdvXoiJp... |
+------------------+------------------+------------------+
Total record(s): 1

SQL> commit;

SQL> begin;

SQL> select c_discount, c_last, c_credit, w_tax from customer, warehouse where w_id=1 and c_w_id=w_id and c_d_id=2 and c_id=10;
+------------------+------------------+------------------+------------------+
|       c_discount |           c_last |         c_credit |            w_tax |
+------------------+------------------+------------------+------------------+
|        33.312500 |     BARRBARREING |               GC |         0.125000 |
+------------------+------------------+------------------+------------------+
Total record(s): 1

SQL> select d_next_o_id, d_tax from district where d_id=2 and d_w_id=1;
+------------------+------------------+
|      d_next_o_id |            d_tax |
+------------------+------------------+
|             2166 |         0.312500 |
+------------------+------------------+
Total record(s): 1

SQL> update district set d_next_o_id=2169 where d_id=2 and d_w_id=1;

SQL> insert into orders values (1169, 2, 1, 10, '2026-07-02 16:02:49', 0, 5, 1);

SQL> insert into new_orders values (1169, 2, 1);

SQL> select i_price, i_name, i_data from item where i_id=10;
+------------------+------------------+------------------+
|          i_price |           i_name |           i_data |
+------------------+------------------+------------------+
|       309.625000 | GE4lpUDt340SQ... | afXPChY5c62yi... |
+------------------+------------------+------------------+
Total record(s): 1

SQL> select s_quantity, s_data, s_dist_01, s_dist_02, s_dist_03, s_dist_04, s_dist_05,s_dist_06, s_dist_07, s_dist_08, s_dist_09, s_dist_10 from stock where s_i_id=10 and s_w_id=1;
+------------------+------------------+------------------+------------------+------------------+------------------+------------------+------------------+------------------+------------------+------------------+------------------+
|       s_quantity |           s_data |        s_dist_01 |        s_dist_02 |        s_dist_03 |        s_dist_04 |        s_dist_05 |        s_dist_06 |        s_dist_07 |        s_dist_08 |        s_dist_09 |        s_dist_10 |
+------------------+------------------+------------------+------------------+------------------+------------------+------------------+------------------+------------------+------------------+------------------+------------------+
|               29 | gXrIBzRLX1Hrc... | eKrLB8TVHiI44... | ouIyEmeGRGi0o... | c4bwuOWiQjEoV... | Ef2IURhPGXHIb... | thXVk6wG5UMjA... | FaPc4hXpwRqJc... | PPaIGfQ7UgCiR... | B4mpk7r1Oy6Q9... | YctHbb8gqgNVL... | tahmqTg8YteQa... |
+------------------+------------------+------------------+------------------+------------------+------------------+------------------+------------------+------------------+------------------+------------------+------------------+
Total record(s): 1

SQL> update stock set s_quantity=39 where s_i_id=10 and s_w_id=1;

SQL> insert into order_line values (1169, 2, 1, 1, 10, 1, '2026-07-02 16:02:49', 6, 41.250, 'profile-workload');

SQL> select i_price, i_name, i_data from item where i_id=10;
+------------------+------------------+------------------+
|          i_price |           i_name |           i_data |
+------------------+------------------+------------------+
|       309.625000 | GE4lpUDt340SQ... | afXPChY5c62yi... |
+------------------+------------------+------------------+
Total record(s): 1

SQL> commit;

SQL> begin;

SQL> select c_discount, c_last, c_credit, w_tax from customer, warehouse where w_id=1 and c_w_id=w_id and c_d_id=3 and c_id=1;
+------------------+------------------+------------------+------------------+
|       c_discount |           c_last |         c_credit |            w_tax |
+------------------+------------------+------------------+------------------+
|        35.312500 |     BARRBARRBARR |               GC |         0.125000 |
+------------------+------------------+------------------+------------------+
Total record(s): 1

SQL> select d_next_o_id, d_tax from district where d_id=3 and d_w_id=1;
+------------------+------------------+
|      d_next_o_id |            d_tax |
+------------------+------------------+
|             2167 |         0.125000 |
+------------------+------------------+
Total record(s): 1

SQL> update district set d_next_o_id=2170 where d_id=3 and d_w_id=1;

SQL> insert into orders values (1170, 3, 1, 1, '2026-07-02 16:02:50', 0, 5, 1);

SQL> insert into new_orders values (1170, 3, 1);

SQL> select i_price, i_name, i_data from item where i_id=1;
+------------------+------------------+------------------+
|          i_price |           i_name |           i_data |
+------------------+------------------+------------------+
|       387.500000 | em5qY0xbhf7jT... | ODk5NNaYinHCt... |
+------------------+------------------+------------------+
Total record(s): 1

SQL> select s_quantity, s_data, s_dist_01, s_dist_02, s_dist_03, s_dist_04, s_dist_05,s_dist_06, s_dist_07, s_dist_08, s_dist_09, s_dist_10 from stock where s_i_id=1 and s_w_id=1;
+------------------+------------------+------------------+------------------+------------------+------------------+------------------+------------------+------------------+------------------+------------------+------------------+
|       s_quantity |           s_data |        s_dist_01 |        s_dist_02 |        s_dist_03 |        s_dist_04 |        s_dist_05 |        s_dist_06 |        s_dist_07 |        s_dist_08 |        s_dist_09 |        s_dist_10 |
+------------------+------------------+------------------+------------------+------------------+------------------+------------------+------------------+------------------+------------------+------------------+------------------+
|               30 | EX7cPdLs2h5Cu... | BjeZBWGUE2RK9... | Giu0QtJbzMqDz... | x5qwcB5RFQ0PJ... | zBTPV7ZCAdkhp... | QLd5BxVOSe5EO... | L1UjatGc7rn5I... | 4cCGnVcADQNSR... | uwojesfvwKbKk... | 4N8CE0EbYc27l... | jD8imXof2fu84... |
+------------------+------------------+------------------+------------------+------------------+------------------+------------------+------------------+------------------+------------------+------------------+------------------+
Total record(s): 1

SQL> update stock set s_quantity=40 where s_i_id=1 and s_w_id=1;

SQL> insert into order_line values (1170, 3, 1, 1, 1, 1, '2026-07-02 16:02:50', 7, 13.125, 'profile-workload');

SQL> select i_price, i_name, i_data from item where i_id=1;
+------------------+------------------+------------------+
|          i_price |           i_name |           i_data |
+------------------+------------------+------------------+
|       387.500000 | em5qY0xbhf7jT... | ODk5NNaYinHCt... |
+------------------+------------------+------------------+
Total record(s): 1

SQL> commit;

SQL> begin;

SQL> select c_discount, c_last, c_credit, w_tax from customer, warehouse where w_id=1 and c_w_id=w_id and c_d_id=1 and c_id=2;
+------------------+------------------+------------------+------------------+
|       c_discount |           c_last |         c_credit |            w_tax |
+------------------+------------------+------------------+------------------+
|         8.625000 |     BARRBARROUGH |               GC |         0.125000 |
+------------------+------------------+------------------+------------------+
Total record(s): 1

SQL> select d_next_o_id, d_tax from district where d_id=1 and d_w_id=1;
+------------------+------------------+
|      d_next_o_id |            d_tax |
+------------------+------------------+
|             2168 |         0.312500 |
+------------------+------------------+
Total record(s): 1

SQL> update district set d_next_o_id=2171 where d_id=1 and d_w_id=1;

SQL> insert into orders values (1171, 1, 1, 2, '2026-07-02 16:02:51', 0, 5, 1);

SQL> insert into new_orders values (1171, 1, 1);

SQL> select i_price, i_name, i_data from item where i_id=2;
+------------------+------------------+------------------+
|          i_price |           i_name |           i_data |
+------------------+------------------+------------------+
|       376.125000 | MuXfgApP7KW0a... | 3Nb3DgfVu1KJp... |
+------------------+------------------+------------------+
Total record(s): 1

SQL> select s_quantity, s_data, s_dist_01, s_dist_02, s_dist_03, s_dist_04, s_dist_05,s_dist_06, s_dist_07, s_dist_08, s_dist_09, s_dist_10 from stock where s_i_id=2 and s_w_id=1;
+------------------+------------------+------------------+------------------+------------------+------------------+------------------+------------------+------------------+------------------+------------------+------------------+
|       s_quantity |           s_data |        s_dist_01 |        s_dist_02 |        s_dist_03 |        s_dist_04 |        s_dist_05 |        s_dist_06 |        s_dist_07 |        s_dist_08 |        s_dist_09 |        s_dist_10 |
+------------------+------------------+------------------+------------------+------------------+------------------+------------------+------------------+------------------+------------------+------------------+------------------+
|               31 | djOd4utkRfPov... | m5mzVzbMevZr0... | AcexKPCSIqIkI... | dtJHr8L1DGHhZ... | Q4qTTAxg8vItA... | mRVxHKkLJsGt5... | WY35fxzCEpf7J... | NudamqsKcBceN... | t6IWnrmkFgBcF... | 2QcCCffEf0CT8... | X1e603kIsyKdi... |
+------------------+------------------+------------------+------------------+------------------+------------------+------------------+------------------+------------------+------------------+------------------+------------------+
Total record(s): 1

SQL> update stock set s_quantity=41 where s_i_id=2 and s_w_id=1;

SQL> insert into order_line values (1171, 1, 1, 1, 2, 1, '2026-07-02 16:02:51', 8, 16.250, 'profile-workload');

SQL> select i_price, i_name, i_data from item where i_id=2;
+------------------+------------------+------------------+
|          i_price |           i_name |           i_data |
+------------------+------------------+------------------+
|       376.125000 | MuXfgApP7KW0a... | 3Nb3DgfVu1KJp... |
+------------------+------------------+------------------+
Total record(s): 1

SQL> commit;

SQL> begin;

SQL> select c_discount, c_last, c_credit, w_tax from customer, warehouse where w_id=1 and c_w_id=w_id and c_d_id=2 and c_id=3;
+------------------+------------------+------------------+------------------+
|       c_discount |           c_last |         c_credit |            w_tax |
+------------------+------------------+------------------+------------------+
|        47.125000 |     BARRBARRABLE |               BC |         0.125000 |
+------------------+------------------+------------------+------------------+
Total record(s): 1

SQL> select d_next_o_id, d_tax from district where d_id=2 and d_w_id=1;
+------------------+------------------+
|      d_next_o_id |            d_tax |
+------------------+------------------+
|             2169 |         0.312500 |
+------------------+------------------+
Total record(s): 1

SQL> update district set d_next_o_id=2172 where d_id=2 and d_w_id=1;

SQL> insert into orders values (1172, 2, 1, 3, '2026-07-02 16:02:52', 0, 5, 1);

SQL> insert into new_orders values (1172, 2, 1);

SQL> select i_price, i_name, i_data from item where i_id=3;
+------------------+------------------+------------------+
|          i_price |           i_name |           i_data |
+------------------+------------------+------------------+
|       109.311996 | yis0W0gx0pikT... | UNL1LJukAZWN0... |
+------------------+------------------+------------------+
Total record(s): 1

SQL> select s_quantity, s_data, s_dist_01, s_dist_02, s_dist_03, s_dist_04, s_dist_05,s_dist_06, s_dist_07, s_dist_08, s_dist_09, s_dist_10 from stock where s_i_id=3 and s_w_id=1;
+------------------+------------------+------------------+------------------+------------------+------------------+------------------+------------------+------------------+------------------+------------------+------------------+
|       s_quantity |           s_data |        s_dist_01 |        s_dist_02 |        s_dist_03 |        s_dist_04 |        s_dist_05 |        s_dist_06 |        s_dist_07 |        s_dist_08 |        s_dist_09 |        s_dist_10 |
+------------------+------------------+------------------+------------------+------------------+------------------+------------------+------------------+------------------+------------------+------------------+------------------+
|               32 | SW90NeiRcp87f... | PVa7W5l3wRhUk... | sFfSRZQKBjMBa... | 9PDW05BnxMAjj... | WDsQYXpbbflDi... | hhr7RsyaiQF26... | HQZojb6uhrRNn... | s6MwvjHhKyTOl... | 9YGuFFjBiK9br... | Awmc5ENeXc9hp... | j50sXBi3QQyxf... |
+------------------+------------------+------------------+------------------+------------------+------------------+------------------+------------------+------------------+------------------+------------------+------------------+
Total record(s): 1

SQL> update stock set s_quantity=42 where s_i_id=3 and s_w_id=1;

SQL> insert into order_line values (1172, 2, 1, 1, 3, 1, '2026-07-02 16:02:52', 9, 19.375, 'profile-workload');

SQL> select i_price, i_name, i_data from item where i_id=3;
+------------------+------------------+------------------+
|          i_price |           i_name |           i_data |
+------------------+------------------+------------------+
|       109.311996 | yis0W0gx0pikT... | UNL1LJukAZWN0... |
+------------------+------------------+------------------+
Total record(s): 1

SQL> commit;

SQL> begin;

SQL> select c_discount, c_last, c_credit, w_tax from customer, warehouse where w_id=1 and c_w_id=w_id and c_d_id=3 and c_id=4;
+------------------+------------------+------------------+------------------+
|       c_discount |           c_last |         c_credit |            w_tax |
+------------------+------------------+------------------+------------------+
|        26.125000 |     BARRBARRPRII |               BC |         0.125000 |
+------------------+------------------+------------------+------------------+
Total record(s): 1

SQL> select d_next_o_id, d_tax from district where d_id=3 and d_w_id=1;
+------------------+------------------+
|      d_next_o_id |            d_tax |
+------------------+------------------+
|             2170 |         0.125000 |
+------------------+------------------+
Total record(s): 1

SQL> update district set d_next_o_id=2173 where d_id=3 and d_w_id=1;

SQL> insert into orders values (1173, 3, 1, 4, '2026-07-02 16:02:53', 0, 5, 1);

SQL> insert into new_orders values (1173, 3, 1);

SQL> select i_price, i_name, i_data from item where i_id=4;
+------------------+------------------+------------------+
|          i_price |           i_name |           i_data |
+------------------+------------------+------------------+
|       409.625000 | 2ICLCJkJNRA17... | zIA2Qe5D57pOo... |
+------------------+------------------+------------------+
Total record(s): 1

SQL> select s_quantity, s_data, s_dist_01, s_dist_02, s_dist_03, s_dist_04, s_dist_05,s_dist_06, s_dist_07, s_dist_08, s_dist_09, s_dist_10 from stock where s_i_id=4 and s_w_id=1;
+------------------+------------------+------------------+------------------+------------------+------------------+------------------+------------------+------------------+------------------+------------------+------------------+
|       s_quantity |           s_data |        s_dist_01 |        s_dist_02 |        s_dist_03 |        s_dist_04 |        s_dist_05 |        s_dist_06 |        s_dist_07 |        s_dist_08 |        s_dist_09 |        s_dist_10 |
+------------------+------------------+------------------+------------------+------------------+------------------+------------------+------------------+------------------+------------------+------------------+------------------+
|               33 | tNV47N74JTS0h... | KhHDzdMjFV9aK... | FnqtSeXHt27hk... | I98ThwMdZvqRj... | nd0R8CYmCzMIR... | P0unv0aqSuyqM... | TxV4RKJXjWvgb... | 9bwmjHTDXSMgE... | Dbnc8n5QaCQcV... | IC1stRVUGTQfP... | h3hqiiIdNCVgi... |
+------------------+------------------+------------------+------------------+------------------+------------------+------------------+------------------+------------------+------------------+------------------+------------------+
Total record(s): 1

SQL> update stock set s_quantity=43 where s_i_id=4 and s_w_id=1;

SQL> insert into order_line values (1173, 3, 1, 1, 4, 1, '2026-07-02 16:02:53', 10, 22.500, 'profile-workload');

SQL> select i_price, i_name, i_data from item where i_id=4;
+------------------+------------------+------------------+
|          i_price |           i_name |           i_data |
+------------------+------------------+------------------+
|       409.625000 | 2ICLCJkJNRA17... | zIA2Qe5D57pOo... |
+------------------+------------------+------------------+
Total record(s): 1

SQL> commit;

SQL> begin;

SQL> select c_discount, c_last, c_credit, w_tax from customer, warehouse where w_id=1 and c_w_id=w_id and c_d_id=1 and c_id=5;
+------------------+------------------+------------------+------------------+
|       c_discount |           c_last |         c_credit |            w_tax |
+------------------+------------------+------------------+------------------+
|        24.625000 |     BARRBARRPRES |               GC |         0.125000 |
+------------------+------------------+------------------+------------------+
Total record(s): 1

SQL> select d_next_o_id, d_tax from district where d_id=1 and d_w_id=1;
+------------------+------------------+
|      d_next_o_id |            d_tax |
+------------------+------------------+
|             2171 |         0.312500 |
+------------------+------------------+
Total record(s): 1

SQL> update district set d_next_o_id=2174 where d_id=1 and d_w_id=1;

SQL> insert into orders values (1174, 1, 1, 5, '2026-07-02 16:02:54', 0, 5, 1);

SQL> insert into new_orders values (1174, 1, 1);

SQL> select i_price, i_name, i_data from item where i_id=5;
+------------------+------------------+------------------+
|          i_price |           i_name |           i_data |
+------------------+------------------+------------------+
|       275.312012 | RZk5jvuYMBSuu... | E0i7Tq7lKSEXP... |
+------------------+------------------+------------------+
Total record(s): 1

SQL> select s_quantity, s_data, s_dist_01, s_dist_02, s_dist_03, s_dist_04, s_dist_05,s_dist_06, s_dist_07, s_dist_08, s_dist_09, s_dist_10 from stock where s_i_id=5 and s_w_id=1;
+------------------+------------------+------------------+------------------+------------------+------------------+------------------+------------------+------------------+------------------+------------------+------------------+
|       s_quantity |           s_data |        s_dist_01 |        s_dist_02 |        s_dist_03 |        s_dist_04 |        s_dist_05 |        s_dist_06 |        s_dist_07 |        s_dist_08 |        s_dist_09 |        s_dist_10 |
+------------------+------------------+------------------+------------------+------------------+------------------+------------------+------------------+------------------+------------------+------------------+------------------+
|               34 | QYFsfK67qSSgD... | EyhdR4M4INXc6... | 3Sh5C1zBCE369... | DAVOmriOquWjn... | st8NpeFRSxXqV... | pbI8Bu5iafeZi... | RqerpGCSIGjUk... | 1qfNqV5BGwDCX... | OxRydX1ZaUo5g... | Q2zzmel4OIYR1... | 4bPmuMOwkfNJh... |
+------------------+------------------+------------------+------------------+------------------+------------------+------------------+------------------+------------------+------------------+------------------+------------------+
Total record(s): 1

SQL> update stock set s_quantity=44 where s_i_id=5 and s_w_id=1;

SQL> insert into order_line values (1174, 1, 1, 1, 5, 1, '2026-07-02 16:02:54', 11, 25.625, 'profile-workload');

SQL> select i_price, i_name, i_data from item where i_id=5;
+------------------+------------------+------------------+
|          i_price |           i_name |           i_data |
+------------------+------------------+------------------+
|       275.312012 | RZk5jvuYMBSuu... | E0i7Tq7lKSEXP... |
+------------------+------------------+------------------+
Total record(s): 1

SQL> commit;

SQL> begin;

SQL> select c_discount, c_last, c_credit, w_tax from customer, warehouse where w_id=1 and c_w_id=w_id and c_d_id=2 and c_id=6;
+------------------+------------------+------------------+------------------+
|       c_discount |           c_last |         c_credit |            w_tax |
+------------------+------------------+------------------+------------------+
|        19.500000 |     BARRBARRESEE |               BC |         0.125000 |
+------------------+------------------+------------------+------------------+
Total record(s): 1

SQL> select d_next_o_id, d_tax from district where d_id=2 and d_w_id=1;
+------------------+------------------+
|      d_next_o_id |            d_tax |
+------------------+------------------+
|             2172 |         0.312500 |
+------------------+------------------+
Total record(s): 1

SQL> update district set d_next_o_id=2175 where d_id=2 and d_w_id=1;

SQL> insert into orders values (1175, 2, 1, 6, '2026-07-02 16:02:55', 0, 5, 1);

SQL> insert into new_orders values (1175, 2, 1);

SQL> select i_price, i_name, i_data from item where i_id=6;
+------------------+------------------+------------------+
|          i_price |           i_name |           i_data |
+------------------+------------------+------------------+
|       246.625000 | XtAQYtNGlLC4W... | 475hhQJ8nAwFl... |
+------------------+------------------+------------------+
Total record(s): 1

SQL> select s_quantity, s_data, s_dist_01, s_dist_02, s_dist_03, s_dist_04, s_dist_05,s_dist_06, s_dist_07, s_dist_08, s_dist_09, s_dist_10 from stock where s_i_id=6 and s_w_id=1;
+------------------+------------------+------------------+------------------+------------------+------------------+------------------+------------------+------------------+------------------+------------------+------------------+
|       s_quantity |           s_data |        s_dist_01 |        s_dist_02 |        s_dist_03 |        s_dist_04 |        s_dist_05 |        s_dist_06 |        s_dist_07 |        s_dist_08 |        s_dist_09 |        s_dist_10 |
+------------------+------------------+------------------+------------------+------------------+------------------+------------------+------------------+------------------+------------------+------------------+------------------+
|               35 | 50jyi1h54GEtG... | OiK6a8H0lcdcd... | bwDwD4rTKeogY... | Xl7GYWRXWgP4A... | PBVwrhpwmVg50... | jqmZw3n5jFQMf... | hkMdmhQFGYsCj... | oS4oJdUIVsMEn... | 2DiVDJPAjAJpW... | t8sFA3u5UUTXk... | BU2YsWQVdREKm... |
+------------------+------------------+------------------+------------------+------------------+------------------+------------------+------------------+------------------+------------------+------------------+------------------+
Total record(s): 1

SQL> update stock set s_quantity=45 where s_i_id=6 and s_w_id=1;

SQL> insert into order_line values (1175, 2, 1, 1, 6, 1, '2026-07-02 16:02:55', 5, 28.750, 'profile-workload');

SQL> select i_price, i_name, i_data from item where i_id=6;
+------------------+------------------+------------------+
|          i_price |           i_name |           i_data |
+------------------+------------------+------------------+
|       246.625000 | XtAQYtNGlLC4W... | 475hhQJ8nAwFl... |
+------------------+------------------+------------------+
Total record(s): 1

SQL> commit;

SQL> begin;

SQL> select c_discount, c_last, c_credit, w_tax from customer, warehouse where w_id=1 and c_w_id=w_id and c_d_id=3 and c_id=7;
+------------------+------------------+------------------+------------------+
|       c_discount |           c_last |         c_credit |            w_tax |
+------------------+------------------+------------------+------------------+
|         3.312500 |     BARRBARRANTI |               BC |         0.125000 |
+------------------+------------------+------------------+------------------+
Total record(s): 1

SQL> select d_next_o_id, d_tax from district where d_id=3 and d_w_id=1;
+------------------+------------------+
|      d_next_o_id |            d_tax |
+------------------+------------------+
|             2173 |         0.125000 |
+------------------+------------------+
Total record(s): 1

SQL> update district set d_next_o_id=2176 where d_id=3 and d_w_id=1;

SQL> insert into orders values (1176, 3, 1, 7, '2026-07-02 16:02:56', 0, 5, 1);

SQL> insert into new_orders values (1176, 3, 1);

SQL> select i_price, i_name, i_data from item where i_id=7;
+------------------+------------------+------------------+
|          i_price |           i_name |           i_data |
+------------------+------------------+------------------+
|       720.312012 | QxmrKt4r3jZpe... | y3Ck1ZIsrAEvk... |
+------------------+------------------+------------------+
Total record(s): 1

SQL> select s_quantity, s_data, s_dist_01, s_dist_02, s_dist_03, s_dist_04, s_dist_05,s_dist_06, s_dist_07, s_dist_08, s_dist_09, s_dist_10 from stock where s_i_id=7 and s_w_id=1;
+------------------+------------------+------------------+------------------+------------------+------------------+------------------+------------------+------------------+------------------+------------------+------------------+
|       s_quantity |           s_data |        s_dist_01 |        s_dist_02 |        s_dist_03 |        s_dist_04 |        s_dist_05 |        s_dist_06 |        s_dist_07 |        s_dist_08 |        s_dist_09 |        s_dist_10 |
+------------------+------------------+------------------+------------------+------------------+------------------+------------------+------------------+------------------+------------------+------------------+------------------+
|               36 | 6TR82uEe90nx2... | zTbRDg94LHvMI... | hEXvypWdr3sUU... | HLXzlRZuw4ouj... | gTve6RS4jkci1... | SDVkfUqhlRi4O... | L7RZjPChBdWkI... | Va5kfTINfkU6k... | KjPoqwTgzPznL... | sv13V8rlPIUIb... | 1J47hj0njnyZw... |
+------------------+------------------+------------------+------------------+------------------+------------------+------------------+------------------+------------------+------------------+------------------+------------------+
Total record(s): 1

SQL> update stock set s_quantity=46 where s_i_id=7 and s_w_id=1;

SQL> insert into order_line values (1176, 3, 1, 1, 7, 1, '2026-07-02 16:02:56', 6, 31.875, 'profile-workload');

SQL> select i_price, i_name, i_data from item where i_id=7;
+------------------+------------------+------------------+
|          i_price |           i_name |           i_data |
+------------------+------------------+------------------+
|       720.312012 | QxmrKt4r3jZpe... | y3Ck1ZIsrAEvk... |
+------------------+------------------+------------------+
Total record(s): 1

SQL> commit;

SQL> begin;

SQL> select c_discount, c_last, c_credit, w_tax from customer, warehouse where w_id=1 and c_w_id=w_id and c_d_id=1 and c_id=8;
+------------------+------------------+------------------+------------------+
|       c_discount |           c_last |         c_credit |            w_tax |
+------------------+------------------+------------------+------------------+
|        30.625000 |     BARRBARRCALL |               BC |         0.125000 |
+------------------+------------------+------------------+------------------+
Total record(s): 1

SQL> select d_next_o_id, d_tax from district where d_id=1 and d_w_id=1;
+------------------+------------------+
|      d_next_o_id |            d_tax |
+------------------+------------------+
|             2174 |         0.312500 |
+------------------+------------------+
Total record(s): 1

SQL> update district set d_next_o_id=2177 where d_id=1 and d_w_id=1;

SQL> insert into orders values (1177, 1, 1, 8, '2026-07-02 16:02:57', 0, 5, 1);

SQL> insert into new_orders values (1177, 1, 1);

SQL> select i_price, i_name, i_data from item where i_id=8;
+------------------+------------------+------------------+
|          i_price |           i_name |           i_data |
+------------------+------------------+------------------+
|       299.625000 | LwcuLY4knHB2t... | XbZktjH3bejfU... |
+------------------+------------------+------------------+
Total record(s): 1

SQL> select s_quantity, s_data, s_dist_01, s_dist_02, s_dist_03, s_dist_04, s_dist_05,s_dist_06, s_dist_07, s_dist_08, s_dist_09, s_dist_10 from stock where s_i_id=8 and s_w_id=1;
+------------------+------------------+------------------+------------------+------------------+------------------+------------------+------------------+------------------+------------------+------------------+------------------+
|       s_quantity |           s_data |        s_dist_01 |        s_dist_02 |        s_dist_03 |        s_dist_04 |        s_dist_05 |        s_dist_06 |        s_dist_07 |        s_dist_08 |        s_dist_09 |        s_dist_10 |
+------------------+------------------+------------------+------------------+------------------+------------------+------------------+------------------+------------------+------------------+------------------+------------------+
|               37 | fTXM32U4bVGkz... | avoOS1XdrV51l... | Z9neUMy58l07U... | RNxN3XmFO1BgJ... | VnepNUJvyuw0p... | 6Ag1fw0vNNJKl... | 5uvinGPCep6xe... | ZPxi7QYYnb1fV... | uxA4gBY6UmQkC... | OuEIv3mEhSatH... | vVSJVc8LyoFjs... |
+------------------+------------------+------------------+------------------+------------------+------------------+------------------+------------------+------------------+------------------+------------------+------------------+
Total record(s): 1

SQL> update stock set s_quantity=47 where s_i_id=8 and s_w_id=1;

SQL> insert into order_line values (1177, 1, 1, 1, 8, 1, '2026-07-02 16:02:57', 7, 35.000, 'profile-workload');

SQL> select i_price, i_name, i_data from item where i_id=8;
+------------------+------------------+------------------+
|          i_price |           i_name |           i_data |
+------------------+------------------+------------------+
|       299.625000 | LwcuLY4knHB2t... | XbZktjH3bejfU... |
+------------------+------------------+------------------+
Total record(s): 1

SQL> commit;

SQL> begin;

SQL> select c_discount, c_last, c_credit, w_tax from customer, warehouse where w_id=1 and c_w_id=w_id and c_d_id=2 and c_id=9;
+------------------+------------------+------------------+------------------+
|       c_discount |           c_last |         c_credit |            w_tax |
+------------------+------------------+------------------+------------------+
|        37.500000 |     BARRBARRATIO |               GC |         0.125000 |
+------------------+------------------+------------------+------------------+
Total record(s): 1

SQL> select d_next_o_id, d_tax from district where d_id=2 and d_w_id=1;
+------------------+------------------+
|      d_next_o_id |            d_tax |
+------------------+------------------+
|             2175 |         0.312500 |
+------------------+------------------+
Total record(s): 1

SQL> update district set d_next_o_id=2178 where d_id=2 and d_w_id=1;

SQL> insert into orders values (1178, 2, 1, 9, '2026-07-02 16:02:58', 0, 5, 1);

SQL> insert into new_orders values (1178, 2, 1);

SQL> select i_price, i_name, i_data from item where i_id=9;
+------------------+------------------+------------------+
|          i_price |           i_name |           i_data |
+------------------+------------------+------------------+
|       399.250000 | Uc9L7VYwDlNMH... | SZr0MmdvXoiJp... |
+------------------+------------------+------------------+
Total record(s): 1

SQL> select s_quantity, s_data, s_dist_01, s_dist_02, s_dist_03, s_dist_04, s_dist_05,s_dist_06, s_dist_07, s_dist_08, s_dist_09, s_dist_10 from stock where s_i_id=9 and s_w_id=1;
+------------------+------------------+------------------+------------------+------------------+------------------+------------------+------------------+------------------+------------------+------------------+------------------+
|       s_quantity |           s_data |        s_dist_01 |        s_dist_02 |        s_dist_03 |        s_dist_04 |        s_dist_05 |        s_dist_06 |        s_dist_07 |        s_dist_08 |        s_dist_09 |        s_dist_10 |
+------------------+------------------+------------------+------------------+------------------+------------------+------------------+------------------+------------------+------------------+------------------+------------------+
|               38 | doNfCZ41KD2bA... | YRgh8eIxiFTCf... | urPDGs5lOGRj1... | ndEJXpGXq2Yoo... | TE1gnwxbFgZy3... | S4NfC74qIDvrr... | ZOTOXZq8RwlHX... | T97qM204iWLJs... | 1LPnk4ibiCEMd... | 8j8SPj1oyFkvs... | Oa5enU4CjO0KW... |
+------------------+------------------+------------------+------------------+------------------+------------------+------------------+------------------+------------------+------------------+------------------+------------------+
Total record(s): 1

SQL> update stock set s_quantity=48 where s_i_id=9 and s_w_id=1;

SQL> insert into order_line values (1178, 2, 1, 1, 9, 1, '2026-07-02 16:02:58', 8, 38.125, 'profile-workload');

SQL> select i_price, i_name, i_data from item where i_id=9;
+------------------+------------------+------------------+
|          i_price |           i_name |           i_data |
+------------------+------------------+------------------+
|       399.250000 | Uc9L7VYwDlNMH... | SZr0MmdvXoiJp... |
+------------------+------------------+------------------+
Total record(s): 1

SQL> commit;

SQL> begin;

SQL> select c_discount, c_last, c_credit, w_tax from customer, warehouse where w_id=1 and c_w_id=w_id and c_d_id=3 and c_id=10;
+------------------+------------------+------------------+------------------+
|       c_discount |           c_last |         c_credit |            w_tax |
+------------------+------------------+------------------+------------------+
|        29.625000 |     BARRBARREING |               GC |         0.125000 |
+------------------+------------------+------------------+------------------+
Total record(s): 1

SQL> select d_next_o_id, d_tax from district where d_id=3 and d_w_id=1;
+------------------+------------------+
|      d_next_o_id |            d_tax |
+------------------+------------------+
|             2176 |         0.125000 |
+------------------+------------------+
Total record(s): 1

SQL> update district set d_next_o_id=2179 where d_id=3 and d_w_id=1;

SQL> insert into orders values (1179, 3, 1, 10, '2026-07-02 16:02:59', 0, 5, 1);

SQL> insert into new_orders values (1179, 3, 1);

SQL> select i_price, i_name, i_data from item where i_id=10;
+------------------+------------------+------------------+
|          i_price |           i_name |           i_data |
+------------------+------------------+------------------+
|       309.625000 | GE4lpUDt340SQ... | afXPChY5c62yi... |
+------------------+------------------+------------------+
Total record(s): 1

SQL> select s_quantity, s_data, s_dist_01, s_dist_02, s_dist_03, s_dist_04, s_dist_05,s_dist_06, s_dist_07, s_dist_08, s_dist_09, s_dist_10 from stock where s_i_id=10 and s_w_id=1;
+------------------+------------------+------------------+------------------+------------------+------------------+------------------+------------------+------------------+------------------+------------------+------------------+
|       s_quantity |           s_data |        s_dist_01 |        s_dist_02 |        s_dist_03 |        s_dist_04 |        s_dist_05 |        s_dist_06 |        s_dist_07 |        s_dist_08 |        s_dist_09 |        s_dist_10 |
+------------------+------------------+------------------+------------------+------------------+------------------+------------------+------------------+------------------+------------------+------------------+------------------+
|               39 | gXrIBzRLX1Hrc... | eKrLB8TVHiI44... | ouIyEmeGRGi0o... | c4bwuOWiQjEoV... | Ef2IURhPGXHIb... | thXVk6wG5UMjA... | FaPc4hXpwRqJc... | PPaIGfQ7UgCiR... | B4mpk7r1Oy6Q9... | YctHbb8gqgNVL... | tahmqTg8YteQa... |
+------------------+------------------+------------------+------------------+------------------+------------------+------------------+------------------+------------------+------------------+------------------+------------------+
Total record(s): 1

SQL> update stock set s_quantity=49 where s_i_id=10 and s_w_id=1;

SQL> insert into order_line values (1179, 3, 1, 1, 10, 1, '2026-07-02 16:02:59', 9, 41.250, 'profile-workload');

SQL> select i_price, i_name, i_data from item where i_id=10;
+------------------+------------------+------------------+
|          i_price |           i_name |           i_data |
+------------------+------------------+------------------+
|       309.625000 | GE4lpUDt340SQ... | afXPChY5c62yi... |
+------------------+------------------+------------------+
Total record(s): 1

SQL> commit;

SQL> begin;

SQL> select c_discount, c_last, c_credit, w_tax from customer, warehouse where w_id=1 and c_w_id=w_id and c_d_id=1 and c_id=1;
+------------------+------------------+------------------+------------------+
|       c_discount |           c_last |         c_credit |            w_tax |
+------------------+------------------+------------------+------------------+
|         6.500000 |     BARRBARRBARR |               GC |         0.125000 |
+------------------+------------------+------------------+------------------+
Total record(s): 1

SQL> select d_next_o_id, d_tax from district where d_id=1 and d_w_id=1;
+------------------+------------------+
|      d_next_o_id |            d_tax |
+------------------+------------------+
|             2177 |         0.312500 |
+------------------+------------------+
Total record(s): 1

SQL> update district set d_next_o_id=2180 where d_id=1 and d_w_id=1;

SQL> insert into orders values (1180, 1, 1, 1, '2026-07-02 16:03:00', 0, 5, 1);

SQL> insert into new_orders values (1180, 1, 1);

SQL> select i_price, i_name, i_data from item where i_id=1;
+------------------+------------------+------------------+
|          i_price |           i_name |           i_data |
+------------------+------------------+------------------+
|       387.500000 | em5qY0xbhf7jT... | ODk5NNaYinHCt... |
+------------------+------------------+------------------+
Total record(s): 1

SQL> select s_quantity, s_data, s_dist_01, s_dist_02, s_dist_03, s_dist_04, s_dist_05,s_dist_06, s_dist_07, s_dist_08, s_dist_09, s_dist_10 from stock where s_i_id=1 and s_w_id=1;
+------------------+------------------+------------------+------------------+------------------+------------------+------------------+------------------+------------------+------------------+------------------+------------------+
|       s_quantity |           s_data |        s_dist_01 |        s_dist_02 |        s_dist_03 |        s_dist_04 |        s_dist_05 |        s_dist_06 |        s_dist_07 |        s_dist_08 |        s_dist_09 |        s_dist_10 |
+------------------+------------------+------------------+------------------+------------------+------------------+------------------+------------------+------------------+------------------+------------------+------------------+
|               40 | EX7cPdLs2h5Cu... | BjeZBWGUE2RK9... | Giu0QtJbzMqDz... | x5qwcB5RFQ0PJ... | zBTPV7ZCAdkhp... | QLd5BxVOSe5EO... | L1UjatGc7rn5I... | 4cCGnVcADQNSR... | uwojesfvwKbKk... | 4N8CE0EbYc27l... | jD8imXof2fu84... |
+------------------+------------------+------------------+------------------+------------------+------------------+------------------+------------------+------------------+------------------+------------------+------------------+
Total record(s): 1

SQL> update stock set s_quantity=50 where s_i_id=1 and s_w_id=1;

SQL> insert into order_line values (1180, 1, 1, 1, 1, 1, '2026-07-02 16:03:00', 10, 13.125, 'profile-workload');

SQL> select i_price, i_name, i_data from item where i_id=1;
+------------------+------------------+------------------+
|          i_price |           i_name |           i_data |
+------------------+------------------+------------------+
|       387.500000 | em5qY0xbhf7jT... | ODk5NNaYinHCt... |
+------------------+------------------+------------------+
Total record(s): 1

SQL> commit;

SQL> begin;

SQL> select c_discount, c_last, c_credit, w_tax from customer, warehouse where w_id=1 and c_w_id=w_id and c_d_id=2 and c_id=2;
+------------------+------------------+------------------+------------------+
|       c_discount |           c_last |         c_credit |            w_tax |
+------------------+------------------+------------------+------------------+
|         3.125000 |     BARRBARROUGH |               GC |         0.125000 |
+------------------+------------------+------------------+------------------+
Total record(s): 1

SQL> select d_next_o_id, d_tax from district where d_id=2 and d_w_id=1;
+------------------+------------------+
|      d_next_o_id |            d_tax |
+------------------+------------------+
|             2178 |         0.312500 |
+------------------+------------------+
Total record(s): 1

SQL> update district set d_next_o_id=2181 where d_id=2 and d_w_id=1;

SQL> insert into orders values (1181, 2, 1, 2, '2026-07-02 16:03:01', 0, 5, 1);

SQL> insert into new_orders values (1181, 2, 1);

SQL> select i_price, i_name, i_data from item where i_id=2;
+------------------+------------------+------------------+
|          i_price |           i_name |           i_data |
+------------------+------------------+------------------+
|       376.125000 | MuXfgApP7KW0a... | 3Nb3DgfVu1KJp... |
+------------------+------------------+------------------+
Total record(s): 1

SQL> select s_quantity, s_data, s_dist_01, s_dist_02, s_dist_03, s_dist_04, s_dist_05,s_dist_06, s_dist_07, s_dist_08, s_dist_09, s_dist_10 from stock where s_i_id=2 and s_w_id=1;
+------------------+------------------+------------------+------------------+------------------+------------------+------------------+------------------+------------------+------------------+------------------+------------------+
|       s_quantity |           s_data |        s_dist_01 |        s_dist_02 |        s_dist_03 |        s_dist_04 |        s_dist_05 |        s_dist_06 |        s_dist_07 |        s_dist_08 |        s_dist_09 |        s_dist_10 |
+------------------+------------------+------------------+------------------+------------------+------------------+------------------+------------------+------------------+------------------+------------------+------------------+
|               41 | djOd4utkRfPov... | m5mzVzbMevZr0... | AcexKPCSIqIkI... | dtJHr8L1DGHhZ... | Q4qTTAxg8vItA... | mRVxHKkLJsGt5... | WY35fxzCEpf7J... | NudamqsKcBceN... | t6IWnrmkFgBcF... | 2QcCCffEf0CT8... | X1e603kIsyKdi... |
+------------------+------------------+------------------+------------------+------------------+------------------+------------------+------------------+------------------+------------------+------------------+------------------+
Total record(s): 1

SQL> update stock set s_quantity=51 where s_i_id=2 and s_w_id=1;

SQL> insert into order_line values (1181, 2, 1, 1, 2, 1, '2026-07-02 16:03:01', 11, 16.250, 'profile-workload');

SQL> select i_price, i_name, i_data from item where i_id=2;
+------------------+------------------+------------------+
|          i_price |           i_name |           i_data |
+------------------+------------------+------------------+
|       376.125000 | MuXfgApP7KW0a... | 3Nb3DgfVu1KJp... |
+------------------+------------------+------------------+
Total record(s): 1

SQL> commit;

SQL> begin;

SQL> select c_discount, c_last, c_credit, w_tax from customer, warehouse where w_id=1 and c_w_id=w_id and c_d_id=3 and c_id=3;
+------------------+------------------+------------------+------------------+
|       c_discount |           c_last |         c_credit |            w_tax |
+------------------+------------------+------------------+------------------+
|        10.500000 |     BARRBARRABLE |               BC |         0.125000 |
+------------------+------------------+------------------+------------------+
Total record(s): 1

SQL> select d_next_o_id, d_tax from district where d_id=3 and d_w_id=1;
+------------------+------------------+
|      d_next_o_id |            d_tax |
+------------------+------------------+
|             2179 |         0.125000 |
+------------------+------------------+
Total record(s): 1

SQL> update district set d_next_o_id=2182 where d_id=3 and d_w_id=1;

SQL> insert into orders values (1182, 3, 1, 3, '2026-07-02 16:03:02', 0, 5, 1);

SQL> insert into new_orders values (1182, 3, 1);

SQL> select i_price, i_name, i_data from item where i_id=3;
+------------------+------------------+------------------+
|          i_price |           i_name |           i_data |
+------------------+------------------+------------------+
|       109.311996 | yis0W0gx0pikT... | UNL1LJukAZWN0... |
+------------------+------------------+------------------+
Total record(s): 1

SQL> select s_quantity, s_data, s_dist_01, s_dist_02, s_dist_03, s_dist_04, s_dist_05,s_dist_06, s_dist_07, s_dist_08, s_dist_09, s_dist_10 from stock where s_i_id=3 and s_w_id=1;
+------------------+------------------+------------------+------------------+------------------+------------------+------------------+------------------+------------------+------------------+------------------+------------------+
|       s_quantity |           s_data |        s_dist_01 |        s_dist_02 |        s_dist_03 |        s_dist_04 |        s_dist_05 |        s_dist_06 |        s_dist_07 |        s_dist_08 |        s_dist_09 |        s_dist_10 |
+------------------+------------------+------------------+------------------+------------------+------------------+------------------+------------------+------------------+------------------+------------------+------------------+
|               42 | SW90NeiRcp87f... | PVa7W5l3wRhUk... | sFfSRZQKBjMBa... | 9PDW05BnxMAjj... | WDsQYXpbbflDi... | hhr7RsyaiQF26... | HQZojb6uhrRNn... | s6MwvjHhKyTOl... | 9YGuFFjBiK9br... | Awmc5ENeXc9hp... | j50sXBi3QQyxf... |
+------------------+------------------+------------------+------------------+------------------+------------------+------------------+------------------+------------------+------------------+------------------+------------------+
Total record(s): 1

SQL> update stock set s_quantity=52 where s_i_id=3 and s_w_id=1;

SQL> insert into order_line values (1182, 3, 1, 1, 3, 1, '2026-07-02 16:03:02', 5, 19.375, 'profile-workload');

SQL> select i_price, i_name, i_data from item where i_id=3;
+------------------+------------------+------------------+
|          i_price |           i_name |           i_data |
+------------------+------------------+------------------+
|       109.311996 | yis0W0gx0pikT... | UNL1LJukAZWN0... |
+------------------+------------------+------------------+
Total record(s): 1

SQL> commit;

SQL> begin;

SQL> select c_discount, c_last, c_credit, w_tax from customer, warehouse where w_id=1 and c_w_id=w_id and c_d_id=1 and c_id=4;
+------------------+------------------+------------------+------------------+
|       c_discount |           c_last |         c_credit |            w_tax |
+------------------+------------------+------------------+------------------+
|         9.500000 |     BARRBARRPRII |               GC |         0.125000 |
+------------------+------------------+------------------+------------------+
Total record(s): 1

SQL> select d_next_o_id, d_tax from district where d_id=1 and d_w_id=1;
+------------------+------------------+
|      d_next_o_id |            d_tax |
+------------------+------------------+
|             2180 |         0.312500 |
+------------------+------------------+
Total record(s): 1

SQL> update district set d_next_o_id=2183 where d_id=1 and d_w_id=1;

SQL> insert into orders values (1183, 1, 1, 4, '2026-07-02 16:03:03', 0, 5, 1);

SQL> insert into new_orders values (1183, 1, 1);

SQL> select i_price, i_name, i_data from item where i_id=4;
+------------------+------------------+------------------+
|          i_price |           i_name |           i_data |
+------------------+------------------+------------------+
|       409.625000 | 2ICLCJkJNRA17... | zIA2Qe5D57pOo... |
+------------------+------------------+------------------+
Total record(s): 1

SQL> select s_quantity, s_data, s_dist_01, s_dist_02, s_dist_03, s_dist_04, s_dist_05,s_dist_06, s_dist_07, s_dist_08, s_dist_09, s_dist_10 from stock where s_i_id=4 and s_w_id=1;
+------------------+------------------+------------------+------------------+------------------+------------------+------------------+------------------+------------------+------------------+------------------+------------------+
|       s_quantity |           s_data |        s_dist_01 |        s_dist_02 |        s_dist_03 |        s_dist_04 |        s_dist_05 |        s_dist_06 |        s_dist_07 |        s_dist_08 |        s_dist_09 |        s_dist_10 |
+------------------+------------------+------------------+------------------+------------------+------------------+------------------+------------------+------------------+------------------+------------------+------------------+
|               43 | tNV47N74JTS0h... | KhHDzdMjFV9aK... | FnqtSeXHt27hk... | I98ThwMdZvqRj... | nd0R8CYmCzMIR... | P0unv0aqSuyqM... | TxV4RKJXjWvgb... | 9bwmjHTDXSMgE... | Dbnc8n5QaCQcV... | IC1stRVUGTQfP... | h3hqiiIdNCVgi... |
+------------------+------------------+------------------+------------------+------------------+------------------+------------------+------------------+------------------+------------------+------------------+------------------+
Total record(s): 1

SQL> update stock set s_quantity=53 where s_i_id=4 and s_w_id=1;

SQL> insert into order_line values (1183, 1, 1, 1, 4, 1, '2026-07-02 16:03:03', 6, 22.500, 'profile-workload');

SQL> select i_price, i_name, i_data from item where i_id=4;
+------------------+------------------+------------------+
|          i_price |           i_name |           i_data |
+------------------+------------------+------------------+
|       409.625000 | 2ICLCJkJNRA17... | zIA2Qe5D57pOo... |
+------------------+------------------+------------------+
Total record(s): 1

SQL> commit;

SQL> begin;

SQL> select c_discount, c_last, c_credit, w_tax from customer, warehouse where w_id=1 and c_w_id=w_id and c_d_id=2 and c_id=5;
+------------------+------------------+------------------+------------------+
|       c_discount |           c_last |         c_credit |            w_tax |
+------------------+------------------+------------------+------------------+
|         8.500000 |     BARRBARRPRES |               BC |         0.125000 |
+------------------+------------------+------------------+------------------+
Total record(s): 1

SQL> select d_next_o_id, d_tax from district where d_id=2 and d_w_id=1;
+------------------+------------------+
|      d_next_o_id |            d_tax |
+------------------+------------------+
|             2181 |         0.312500 |
+------------------+------------------+
Total record(s): 1

SQL> update district set d_next_o_id=2184 where d_id=2 and d_w_id=1;

SQL> insert into orders values (1184, 2, 1, 5, '2026-07-02 16:03:04', 0, 5, 1);

SQL> insert into new_orders values (1184, 2, 1);

SQL> select i_price, i_name, i_data from item where i_id=5;
+------------------+------------------+------------------+
|          i_price |           i_name |           i_data |
+------------------+------------------+------------------+
|       275.312012 | RZk5jvuYMBSuu... | E0i7Tq7lKSEXP... |
+------------------+------------------+------------------+
Total record(s): 1

SQL> select s_quantity, s_data, s_dist_01, s_dist_02, s_dist_03, s_dist_04, s_dist_05,s_dist_06, s_dist_07, s_dist_08, s_dist_09, s_dist_10 from stock where s_i_id=5 and s_w_id=1;
+------------------+------------------+------------------+------------------+------------------+------------------+------------------+------------------+------------------+------------------+------------------+------------------+
|       s_quantity |           s_data |        s_dist_01 |        s_dist_02 |        s_dist_03 |        s_dist_04 |        s_dist_05 |        s_dist_06 |        s_dist_07 |        s_dist_08 |        s_dist_09 |        s_dist_10 |
+------------------+------------------+------------------+------------------+------------------+------------------+------------------+------------------+------------------+------------------+------------------+------------------+
|               44 | QYFsfK67qSSgD... | EyhdR4M4INXc6... | 3Sh5C1zBCE369... | DAVOmriOquWjn... | st8NpeFRSxXqV... | pbI8Bu5iafeZi... | RqerpGCSIGjUk... | 1qfNqV5BGwDCX... | OxRydX1ZaUo5g... | Q2zzmel4OIYR1... | 4bPmuMOwkfNJh... |
+------------------+------------------+------------------+------------------+------------------+------------------+------------------+------------------+------------------+------------------+------------------+------------------+
Total record(s): 1

SQL> update stock set s_quantity=54 where s_i_id=5 and s_w_id=1;

SQL> insert into order_line values (1184, 2, 1, 1, 5, 1, '2026-07-02 16:03:04', 7, 25.625, 'profile-workload');

SQL> select i_price, i_name, i_data from item where i_id=5;
+------------------+------------------+------------------+
|          i_price |           i_name |           i_data |
+------------------+------------------+------------------+
|       275.312012 | RZk5jvuYMBSuu... | E0i7Tq7lKSEXP... |
+------------------+------------------+------------------+
Total record(s): 1

SQL> commit;

SQL> begin;

SQL> select c_discount, c_last, c_credit, w_tax from customer, warehouse where w_id=1 and c_w_id=w_id and c_d_id=3 and c_id=6;
+------------------+------------------+------------------+------------------+
|       c_discount |           c_last |         c_credit |            w_tax |
+------------------+------------------+------------------+------------------+
|        23.500000 |     BARRBARRESEE |               BC |         0.125000 |
+------------------+------------------+------------------+------------------+
Total record(s): 1

SQL> select d_next_o_id, d_tax from district where d_id=3 and d_w_id=1;
+------------------+------------------+
|      d_next_o_id |            d_tax |
+------------------+------------------+
|             2182 |         0.125000 |
+------------------+------------------+
Total record(s): 1

SQL> update district set d_next_o_id=2185 where d_id=3 and d_w_id=1;

SQL> insert into orders values (1185, 3, 1, 6, '2026-07-02 16:03:05', 0, 5, 1);

SQL> insert into new_orders values (1185, 3, 1);

SQL> select i_price, i_name, i_data from item where i_id=6;
+------------------+------------------+------------------+
|          i_price |           i_name |           i_data |
+------------------+------------------+------------------+
|       246.625000 | XtAQYtNGlLC4W... | 475hhQJ8nAwFl... |
+------------------+------------------+------------------+
Total record(s): 1

SQL> select s_quantity, s_data, s_dist_01, s_dist_02, s_dist_03, s_dist_04, s_dist_05,s_dist_06, s_dist_07, s_dist_08, s_dist_09, s_dist_10 from stock where s_i_id=6 and s_w_id=1;
+------------------+------------------+------------------+------------------+------------------+------------------+------------------+------------------+------------------+------------------+------------------+------------------+
|       s_quantity |           s_data |        s_dist_01 |        s_dist_02 |        s_dist_03 |        s_dist_04 |        s_dist_05 |        s_dist_06 |        s_dist_07 |        s_dist_08 |        s_dist_09 |        s_dist_10 |
+------------------+------------------+------------------+------------------+------------------+------------------+------------------+------------------+------------------+------------------+------------------+------------------+
|               45 | 50jyi1h54GEtG... | OiK6a8H0lcdcd... | bwDwD4rTKeogY... | Xl7GYWRXWgP4A... | PBVwrhpwmVg50... | jqmZw3n5jFQMf... | hkMdmhQFGYsCj... | oS4oJdUIVsMEn... | 2DiVDJPAjAJpW... | t8sFA3u5UUTXk... | BU2YsWQVdREKm... |
+------------------+------------------+------------------+------------------+------------------+------------------+------------------+------------------+------------------+------------------+------------------+------------------+
Total record(s): 1

SQL> update stock set s_quantity=55 where s_i_id=6 and s_w_id=1;

SQL> insert into order_line values (1185, 3, 1, 1, 6, 1, '2026-07-02 16:03:05', 8, 28.750, 'profile-workload');

SQL> select i_price, i_name, i_data from item where i_id=6;
+------------------+------------------+------------------+
|          i_price |           i_name |           i_data |
+------------------+------------------+------------------+
|       246.625000 | XtAQYtNGlLC4W... | 475hhQJ8nAwFl... |
+------------------+------------------+------------------+
Total record(s): 1

SQL> commit;

SQL> begin;

SQL> select c_discount, c_last, c_credit, w_tax from customer, warehouse where w_id=1 and c_w_id=w_id and c_d_id=1 and c_id=7;
+------------------+------------------+------------------+------------------+
|       c_discount |           c_last |         c_credit |            w_tax |
+------------------+------------------+------------------+------------------+
|        41.312500 |     BARRBARRANTI |               BC |         0.125000 |
+------------------+------------------+------------------+------------------+
Total record(s): 1

SQL> select d_next_o_id, d_tax from district where d_id=1 and d_w_id=1;
+------------------+------------------+
|      d_next_o_id |            d_tax |
+------------------+------------------+
|             2183 |         0.312500 |
+------------------+------------------+
Total record(s): 1

SQL> update district set d_next_o_id=2186 where d_id=1 and d_w_id=1;

SQL> insert into orders values (1186, 1, 1, 7, '2026-07-02 16:03:06', 0, 5, 1);

SQL> insert into new_orders values (1186, 1, 1);

SQL> select i_price, i_name, i_data from item where i_id=7;
+------------------+------------------+------------------+
|          i_price |           i_name |           i_data |
+------------------+------------------+------------------+
|       720.312012 | QxmrKt4r3jZpe... | y3Ck1ZIsrAEvk... |
+------------------+------------------+------------------+
Total record(s): 1

SQL> select s_quantity, s_data, s_dist_01, s_dist_02, s_dist_03, s_dist_04, s_dist_05,s_dist_06, s_dist_07, s_dist_08, s_dist_09, s_dist_10 from stock where s_i_id=7 and s_w_id=1;
+------------------+------------------+------------------+------------------+------------------+------------------+------------------+------------------+------------------+------------------+------------------+------------------+
|       s_quantity |           s_data |        s_dist_01 |        s_dist_02 |        s_dist_03 |        s_dist_04 |        s_dist_05 |        s_dist_06 |        s_dist_07 |        s_dist_08 |        s_dist_09 |        s_dist_10 |
+------------------+------------------+------------------+------------------+------------------+------------------+------------------+------------------+------------------+------------------+------------------+------------------+
|               46 | 6TR82uEe90nx2... | zTbRDg94LHvMI... | hEXvypWdr3sUU... | HLXzlRZuw4ouj... | gTve6RS4jkci1... | SDVkfUqhlRi4O... | L7RZjPChBdWkI... | Va5kfTINfkU6k... | KjPoqwTgzPznL... | sv13V8rlPIUIb... | 1J47hj0njnyZw... |
+------------------+------------------+------------------+------------------+------------------+------------------+------------------+------------------+------------------+------------------+------------------+------------------+
Total record(s): 1

SQL> update stock set s_quantity=56 where s_i_id=7 and s_w_id=1;

SQL> insert into order_line values (1186, 1, 1, 1, 7, 1, '2026-07-02 16:03:06', 9, 31.875, 'profile-workload');

SQL> select i_price, i_name, i_data from item where i_id=7;
+------------------+------------------+------------------+
|          i_price |           i_name |           i_data |
+------------------+------------------+------------------+
|       720.312012 | QxmrKt4r3jZpe... | y3Ck1ZIsrAEvk... |
+------------------+------------------+------------------+
Total record(s): 1

SQL> commit;

SQL> begin;

SQL> select c_discount, c_last, c_credit, w_tax from customer, warehouse where w_id=1 and c_w_id=w_id and c_d_id=2 and c_id=8;
+------------------+------------------+------------------+------------------+
|       c_discount |           c_last |         c_credit |            w_tax |
+------------------+------------------+------------------+------------------+
|        24.312500 |     BARRBARRCALL |               BC |         0.125000 |
+------------------+------------------+------------------+------------------+
Total record(s): 1

SQL> select d_next_o_id, d_tax from district where d_id=2 and d_w_id=1;
+------------------+------------------+
|      d_next_o_id |            d_tax |
+------------------+------------------+
|             2184 |         0.312500 |
+------------------+------------------+
Total record(s): 1

SQL> update district set d_next_o_id=2187 where d_id=2 and d_w_id=1;

SQL> insert into orders values (1187, 2, 1, 8, '2026-07-02 16:03:07', 0, 5, 1);

SQL> insert into new_orders values (1187, 2, 1);

SQL> select i_price, i_name, i_data from item where i_id=8;
+------------------+------------------+------------------+
|          i_price |           i_name |           i_data |
+------------------+------------------+------------------+
|       299.625000 | LwcuLY4knHB2t... | XbZktjH3bejfU... |
+------------------+------------------+------------------+
Total record(s): 1

SQL> select s_quantity, s_data, s_dist_01, s_dist_02, s_dist_03, s_dist_04, s_dist_05,s_dist_06, s_dist_07, s_dist_08, s_dist_09, s_dist_10 from stock where s_i_id=8 and s_w_id=1;
+------------------+------------------+------------------+------------------+------------------+------------------+------------------+------------------+------------------+------------------+------------------+------------------+
|       s_quantity |           s_data |        s_dist_01 |        s_dist_02 |        s_dist_03 |        s_dist_04 |        s_dist_05 |        s_dist_06 |        s_dist_07 |        s_dist_08 |        s_dist_09 |        s_dist_10 |
+------------------+------------------+------------------+------------------+------------------+------------------+------------------+------------------+------------------+------------------+------------------+------------------+
|               47 | fTXM32U4bVGkz... | avoOS1XdrV51l... | Z9neUMy58l07U... | RNxN3XmFO1BgJ... | VnepNUJvyuw0p... | 6Ag1fw0vNNJKl... | 5uvinGPCep6xe... | ZPxi7QYYnb1fV... | uxA4gBY6UmQkC... | OuEIv3mEhSatH... | vVSJVc8LyoFjs... |
+------------------+------------------+------------------+------------------+------------------+------------------+------------------+------------------+------------------+------------------+------------------+------------------+
Total record(s): 1

SQL> update stock set s_quantity=57 where s_i_id=8 and s_w_id=1;

SQL> insert into order_line values (1187, 2, 1, 1, 8, 1, '2026-07-02 16:03:07', 10, 35.000, 'profile-workload');

SQL> select i_price, i_name, i_data from item where i_id=8;
+------------------+------------------+------------------+
|          i_price |           i_name |           i_data |
+------------------+------------------+------------------+
|       299.625000 | LwcuLY4knHB2t... | XbZktjH3bejfU... |
+------------------+------------------+------------------+
Total record(s): 1

SQL> commit;

SQL> begin;

SQL> select c_discount, c_last, c_credit, w_tax from customer, warehouse where w_id=1 and c_w_id=w_id and c_d_id=3 and c_id=9;
+------------------+------------------+------------------+------------------+
|       c_discount |           c_last |         c_credit |            w_tax |
+------------------+------------------+------------------+------------------+
|        35.125000 |     BARRBARRATIO |               GC |         0.125000 |
+------------------+------------------+------------------+------------------+
Total record(s): 1

SQL> select d_next_o_id, d_tax from district where d_id=3 and d_w_id=1;
+------------------+------------------+
|      d_next_o_id |            d_tax |
+------------------+------------------+
|             2185 |         0.125000 |
+------------------+------------------+
Total record(s): 1

SQL> update district set d_next_o_id=2188 where d_id=3 and d_w_id=1;

SQL> insert into orders values (1188, 3, 1, 9, '2026-07-02 16:03:08', 0, 5, 1);

SQL> insert into new_orders values (1188, 3, 1);

SQL> select i_price, i_name, i_data from item where i_id=9;
+------------------+------------------+------------------+
|          i_price |           i_name |           i_data |
+------------------+------------------+------------------+
|       399.250000 | Uc9L7VYwDlNMH... | SZr0MmdvXoiJp... |
+------------------+------------------+------------------+
Total record(s): 1

SQL> select s_quantity, s_data, s_dist_01, s_dist_02, s_dist_03, s_dist_04, s_dist_05,s_dist_06, s_dist_07, s_dist_08, s_dist_09, s_dist_10 from stock where s_i_id=9 and s_w_id=1;
+------------------+------------------+------------------+------------------+------------------+------------------+------------------+------------------+------------------+------------------+------------------+------------------+
|       s_quantity |           s_data |        s_dist_01 |        s_dist_02 |        s_dist_03 |        s_dist_04 |        s_dist_05 |        s_dist_06 |        s_dist_07 |        s_dist_08 |        s_dist_09 |        s_dist_10 |
+------------------+------------------+------------------+------------------+------------------+------------------+------------------+------------------+------------------+------------------+------------------+------------------+
|               48 | doNfCZ41KD2bA... | YRgh8eIxiFTCf... | urPDGs5lOGRj1... | ndEJXpGXq2Yoo... | TE1gnwxbFgZy3... | S4NfC74qIDvrr... | ZOTOXZq8RwlHX... | T97qM204iWLJs... | 1LPnk4ibiCEMd... | 8j8SPj1oyFkvs... | Oa5enU4CjO0KW... |
+------------------+------------------+------------------+------------------+------------------+------------------+------------------+------------------+------------------+------------------+------------------+------------------+
Total record(s): 1

SQL> update stock set s_quantity=58 where s_i_id=9 and s_w_id=1;

SQL> insert into order_line values (1188, 3, 1, 1, 9, 1, '2026-07-02 16:03:08', 11, 38.125, 'profile-workload');

SQL> select i_price, i_name, i_data from item where i_id=9;
+------------------+------------------+------------------+
|          i_price |           i_name |           i_data |
+------------------+------------------+------------------+
|       399.250000 | Uc9L7VYwDlNMH... | SZr0MmdvXoiJp... |
+------------------+------------------+------------------+
Total record(s): 1

SQL> commit;

SQL> begin;

SQL> select c_discount, c_last, c_credit, w_tax from customer, warehouse where w_id=1 and c_w_id=w_id and c_d_id=1 and c_id=10;
+------------------+------------------+------------------+------------------+
|       c_discount |           c_last |         c_credit |            w_tax |
+------------------+------------------+------------------+------------------+
|        25.125000 |     BARRBARREING |               GC |         0.125000 |
+------------------+------------------+------------------+------------------+
Total record(s): 1

SQL> select d_next_o_id, d_tax from district where d_id=1 and d_w_id=1;
+------------------+------------------+
|      d_next_o_id |            d_tax |
+------------------+------------------+
|             2186 |         0.312500 |
+------------------+------------------+
Total record(s): 1

SQL> update district set d_next_o_id=2189 where d_id=1 and d_w_id=1;

SQL> insert into orders values (1189, 1, 1, 10, '2026-07-02 16:03:09', 0, 5, 1);

SQL> insert into new_orders values (1189, 1, 1);

SQL> select i_price, i_name, i_data from item where i_id=10;
+------------------+------------------+------------------+
|          i_price |           i_name |           i_data |
+------------------+------------------+------------------+
|       309.625000 | GE4lpUDt340SQ... | afXPChY5c62yi... |
+------------------+------------------+------------------+
Total record(s): 1

SQL> select s_quantity, s_data, s_dist_01, s_dist_02, s_dist_03, s_dist_04, s_dist_05,s_dist_06, s_dist_07, s_dist_08, s_dist_09, s_dist_10 from stock where s_i_id=10 and s_w_id=1;
+------------------+------------------+------------------+------------------+------------------+------------------+------------------+------------------+------------------+------------------+------------------+------------------+
|       s_quantity |           s_data |        s_dist_01 |        s_dist_02 |        s_dist_03 |        s_dist_04 |        s_dist_05 |        s_dist_06 |        s_dist_07 |        s_dist_08 |        s_dist_09 |        s_dist_10 |
+------------------+------------------+------------------+------------------+------------------+------------------+------------------+------------------+------------------+------------------+------------------+------------------+
|               49 | gXrIBzRLX1Hrc... | eKrLB8TVHiI44... | ouIyEmeGRGi0o... | c4bwuOWiQjEoV... | Ef2IURhPGXHIb... | thXVk6wG5UMjA... | FaPc4hXpwRqJc... | PPaIGfQ7UgCiR... | B4mpk7r1Oy6Q9... | YctHbb8gqgNVL... | tahmqTg8YteQa... |
+------------------+------------------+------------------+------------------+------------------+------------------+------------------+------------------+------------------+------------------+------------------+------------------+
Total record(s): 1

SQL> update stock set s_quantity=59 where s_i_id=10 and s_w_id=1;

SQL> insert into order_line values (1189, 1, 1, 1, 10, 1, '2026-07-02 16:03:09', 5, 41.250, 'profile-workload');

SQL> select i_price, i_name, i_data from item where i_id=10;
+------------------+------------------+------------------+
|          i_price |           i_name |           i_data |
+------------------+------------------+------------------+
|       309.625000 | GE4lpUDt340SQ... | afXPChY5c62yi... |
+------------------+------------------+------------------+
Total record(s): 1

SQL> commit;

SQL> begin;

SQL> select c_discount, c_last, c_credit, w_tax from customer, warehouse where w_id=1 and c_w_id=w_id and c_d_id=2 and c_id=1;
+------------------+------------------+------------------+------------------+
|       c_discount |           c_last |         c_credit |            w_tax |
+------------------+------------------+------------------+------------------+
|        26.250000 |     BARRBARRBARR |               GC |         0.125000 |
+------------------+------------------+------------------+------------------+
Total record(s): 1

SQL> select d_next_o_id, d_tax from district where d_id=2 and d_w_id=1;
+------------------+------------------+
|      d_next_o_id |            d_tax |
+------------------+------------------+
|             2187 |         0.312500 |
+------------------+------------------+
Total record(s): 1

SQL> update district set d_next_o_id=2190 where d_id=2 and d_w_id=1;

SQL> insert into orders values (1190, 2, 1, 1, '2026-07-02 16:03:10', 0, 5, 1);

SQL> insert into new_orders values (1190, 2, 1);

SQL> select i_price, i_name, i_data from item where i_id=1;
+------------------+------------------+------------------+
|          i_price |           i_name |           i_data |
+------------------+------------------+------------------+
|       387.500000 | em5qY0xbhf7jT... | ODk5NNaYinHCt... |
+------------------+------------------+------------------+
Total record(s): 1

SQL> select s_quantity, s_data, s_dist_01, s_dist_02, s_dist_03, s_dist_04, s_dist_05,s_dist_06, s_dist_07, s_dist_08, s_dist_09, s_dist_10 from stock where s_i_id=1 and s_w_id=1;
+------------------+------------------+------------------+------------------+------------------+------------------+------------------+------------------+------------------+------------------+------------------+------------------+
|       s_quantity |           s_data |        s_dist_01 |        s_dist_02 |        s_dist_03 |        s_dist_04 |        s_dist_05 |        s_dist_06 |        s_dist_07 |        s_dist_08 |        s_dist_09 |        s_dist_10 |
+------------------+------------------+------------------+------------------+------------------+------------------+------------------+------------------+------------------+------------------+------------------+------------------+
|               50 | EX7cPdLs2h5Cu... | BjeZBWGUE2RK9... | Giu0QtJbzMqDz... | x5qwcB5RFQ0PJ... | zBTPV7ZCAdkhp... | QLd5BxVOSe5EO... | L1UjatGc7rn5I... | 4cCGnVcADQNSR... | uwojesfvwKbKk... | 4N8CE0EbYc27l... | jD8imXof2fu84... |
+------------------+------------------+------------------+------------------+------------------+------------------+------------------+------------------+------------------+------------------+------------------+------------------+
Total record(s): 1

SQL> update stock set s_quantity=60 where s_i_id=1 and s_w_id=1;

SQL> insert into order_line values (1190, 2, 1, 1, 1, 1, '2026-07-02 16:03:10', 6, 13.125, 'profile-workload');

SQL> select i_price, i_name, i_data from item where i_id=1;
+------------------+------------------+------------------+
|          i_price |           i_name |           i_data |
+------------------+------------------+------------------+
|       387.500000 | em5qY0xbhf7jT... | ODk5NNaYinHCt... |
+------------------+------------------+------------------+
Total record(s): 1

SQL> commit;

SQL> begin;

SQL> select c_discount, c_last, c_credit, w_tax from customer, warehouse where w_id=1 and c_w_id=w_id and c_d_id=3 and c_id=2;
+------------------+------------------+------------------+------------------+
|       c_discount |           c_last |         c_credit |            w_tax |
+------------------+------------------+------------------+------------------+
|        31.250000 |     BARRBARROUGH |               BC |         0.125000 |
+------------------+------------------+------------------+------------------+
Total record(s): 1

SQL> select d_next_o_id, d_tax from district where d_id=3 and d_w_id=1;
+------------------+------------------+
|      d_next_o_id |            d_tax |
+------------------+------------------+
|             2188 |         0.125000 |
+------------------+------------------+
Total record(s): 1

SQL> update district set d_next_o_id=2191 where d_id=3 and d_w_id=1;

SQL> insert into orders values (1191, 3, 1, 2, '2026-07-02 16:03:11', 0, 5, 1);

SQL> insert into new_orders values (1191, 3, 1);

SQL> select i_price, i_name, i_data from item where i_id=2;
+------------------+------------------+------------------+
|          i_price |           i_name |           i_data |
+------------------+------------------+------------------+
|       376.125000 | MuXfgApP7KW0a... | 3Nb3DgfVu1KJp... |
+------------------+------------------+------------------+
Total record(s): 1

SQL> select s_quantity, s_data, s_dist_01, s_dist_02, s_dist_03, s_dist_04, s_dist_05,s_dist_06, s_dist_07, s_dist_08, s_dist_09, s_dist_10 from stock where s_i_id=2 and s_w_id=1;
+------------------+------------------+------------------+------------------+------------------+------------------+------------------+------------------+------------------+------------------+------------------+------------------+
|       s_quantity |           s_data |        s_dist_01 |        s_dist_02 |        s_dist_03 |        s_dist_04 |        s_dist_05 |        s_dist_06 |        s_dist_07 |        s_dist_08 |        s_dist_09 |        s_dist_10 |
+------------------+------------------+------------------+------------------+------------------+------------------+------------------+------------------+------------------+------------------+------------------+------------------+
|               51 | djOd4utkRfPov... | m5mzVzbMevZr0... | AcexKPCSIqIkI... | dtJHr8L1DGHhZ... | Q4qTTAxg8vItA... | mRVxHKkLJsGt5... | WY35fxzCEpf7J... | NudamqsKcBceN... | t6IWnrmkFgBcF... | 2QcCCffEf0CT8... | X1e603kIsyKdi... |
+------------------+------------------+------------------+------------------+------------------+------------------+------------------+------------------+------------------+------------------+------------------+------------------+
Total record(s): 1

SQL> update stock set s_quantity=61 where s_i_id=2 and s_w_id=1;

SQL> insert into order_line values (1191, 3, 1, 1, 2, 1, '2026-07-02 16:03:11', 7, 16.250, 'profile-workload');

SQL> select i_price, i_name, i_data from item where i_id=2;
+------------------+------------------+------------------+
|          i_price |           i_name |           i_data |
+------------------+------------------+------------------+
|       376.125000 | MuXfgApP7KW0a... | 3Nb3DgfVu1KJp... |
+------------------+------------------+------------------+
Total record(s): 1

SQL> commit;

SQL> begin;

SQL> select c_discount, c_last, c_credit, w_tax from customer, warehouse where w_id=1 and c_w_id=w_id and c_d_id=1 and c_id=3;
+------------------+------------------+------------------+------------------+
|       c_discount |           c_last |         c_credit |            w_tax |
+------------------+------------------+------------------+------------------+
|         6.125000 |     BARRBARRABLE |               BC |         0.125000 |
+------------------+------------------+------------------+------------------+
Total record(s): 1

SQL> select d_next_o_id, d_tax from district where d_id=1 and d_w_id=1;
+------------------+------------------+
|      d_next_o_id |            d_tax |
+------------------+------------------+
|             2189 |         0.312500 |
+------------------+------------------+
Total record(s): 1

SQL> update district set d_next_o_id=2192 where d_id=1 and d_w_id=1;

SQL> insert into orders values (1192, 1, 1, 3, '2026-07-02 16:03:12', 0, 5, 1);

SQL> insert into new_orders values (1192, 1, 1);

SQL> select i_price, i_name, i_data from item where i_id=3;
+------------------+------------------+------------------+
|          i_price |           i_name |           i_data |
+------------------+------------------+------------------+
|       109.311996 | yis0W0gx0pikT... | UNL1LJukAZWN0... |
+------------------+------------------+------------------+
Total record(s): 1

SQL> select s_quantity, s_data, s_dist_01, s_dist_02, s_dist_03, s_dist_04, s_dist_05,s_dist_06, s_dist_07, s_dist_08, s_dist_09, s_dist_10 from stock where s_i_id=3 and s_w_id=1;
+------------------+------------------+------------------+------------------+------------------+------------------+------------------+------------------+------------------+------------------+------------------+------------------+
|       s_quantity |           s_data |        s_dist_01 |        s_dist_02 |        s_dist_03 |        s_dist_04 |        s_dist_05 |        s_dist_06 |        s_dist_07 |        s_dist_08 |        s_dist_09 |        s_dist_10 |
+------------------+------------------+------------------+------------------+------------------+------------------+------------------+------------------+------------------+------------------+------------------+------------------+
|               52 | SW90NeiRcp87f... | PVa7W5l3wRhUk... | sFfSRZQKBjMBa... | 9PDW05BnxMAjj... | WDsQYXpbbflDi... | hhr7RsyaiQF26... | HQZojb6uhrRNn... | s6MwvjHhKyTOl... | 9YGuFFjBiK9br... | Awmc5ENeXc9hp... | j50sXBi3QQyxf... |
+------------------+------------------+------------------+------------------+------------------+------------------+------------------+------------------+------------------+------------------+------------------+------------------+
Total record(s): 1

SQL> update stock set s_quantity=62 where s_i_id=3 and s_w_id=1;

SQL> insert into order_line values (1192, 1, 1, 1, 3, 1, '2026-07-02 16:03:12', 8, 19.375, 'profile-workload');

SQL> select i_price, i_name, i_data from item where i_id=3;
+------------------+------------------+------------------+
|          i_price |           i_name |           i_data |
+------------------+------------------+------------------+
|       109.311996 | yis0W0gx0pikT... | UNL1LJukAZWN0... |
+------------------+------------------+------------------+
Total record(s): 1

SQL> commit;

SQL> begin;

SQL> select c_discount, c_last, c_credit, w_tax from customer, warehouse where w_id=1 and c_w_id=w_id and c_d_id=2 and c_id=4;
+------------------+------------------+------------------+------------------+
|       c_discount |           c_last |         c_credit |            w_tax |
+------------------+------------------+------------------+------------------+
|         2.625000 |     BARRBARRPRII |               BC |         0.125000 |
+------------------+------------------+------------------+------------------+
Total record(s): 1

SQL> select d_next_o_id, d_tax from district where d_id=2 and d_w_id=1;
+------------------+------------------+
|      d_next_o_id |            d_tax |
+------------------+------------------+
|             2190 |         0.312500 |
+------------------+------------------+
Total record(s): 1

SQL> update district set d_next_o_id=2193 where d_id=2 and d_w_id=1;

SQL> insert into orders values (1193, 2, 1, 4, '2026-07-02 16:03:13', 0, 5, 1);

SQL> insert into new_orders values (1193, 2, 1);

SQL> select i_price, i_name, i_data from item where i_id=4;
+------------------+------------------+------------------+
|          i_price |           i_name |           i_data |
+------------------+------------------+------------------+
|       409.625000 | 2ICLCJkJNRA17... | zIA2Qe5D57pOo... |
+------------------+------------------+------------------+
Total record(s): 1

SQL> select s_quantity, s_data, s_dist_01, s_dist_02, s_dist_03, s_dist_04, s_dist_05,s_dist_06, s_dist_07, s_dist_08, s_dist_09, s_dist_10 from stock where s_i_id=4 and s_w_id=1;
+------------------+------------------+------------------+------------------+------------------+------------------+------------------+------------------+------------------+------------------+------------------+------------------+
|       s_quantity |           s_data |        s_dist_01 |        s_dist_02 |        s_dist_03 |        s_dist_04 |        s_dist_05 |        s_dist_06 |        s_dist_07 |        s_dist_08 |        s_dist_09 |        s_dist_10 |
+------------------+------------------+------------------+------------------+------------------+------------------+------------------+------------------+------------------+------------------+------------------+------------------+
|               53 | tNV47N74JTS0h... | KhHDzdMjFV9aK... | FnqtSeXHt27hk... | I98ThwMdZvqRj... | nd0R8CYmCzMIR... | P0unv0aqSuyqM... | TxV4RKJXjWvgb... | 9bwmjHTDXSMgE... | Dbnc8n5QaCQcV... | IC1stRVUGTQfP... | h3hqiiIdNCVgi... |
+------------------+------------------+------------------+------------------+------------------+------------------+------------------+------------------+------------------+------------------+------------------+------------------+
Total record(s): 1

SQL> update stock set s_quantity=63 where s_i_id=4 and s_w_id=1;

SQL> insert into order_line values (1193, 2, 1, 1, 4, 1, '2026-07-02 16:03:13', 9, 22.500, 'profile-workload');

SQL> select i_price, i_name, i_data from item where i_id=4;
+------------------+------------------+------------------+
|          i_price |           i_name |           i_data |
+------------------+------------------+------------------+
|       409.625000 | 2ICLCJkJNRA17... | zIA2Qe5D57pOo... |
+------------------+------------------+------------------+
Total record(s): 1

SQL> commit;

SQL> begin;

SQL> select c_discount, c_last, c_credit, w_tax from customer, warehouse where w_id=1 and c_w_id=w_id and c_d_id=3 and c_id=5;
+------------------+------------------+------------------+------------------+
|       c_discount |           c_last |         c_credit |            w_tax |
+------------------+------------------+------------------+------------------+
|        13.500000 |     BARRBARRPRES |               GC |         0.125000 |
+------------------+------------------+------------------+------------------+
Total record(s): 1

SQL> select d_next_o_id, d_tax from district where d_id=3 and d_w_id=1;
+------------------+------------------+
|      d_next_o_id |            d_tax |
+------------------+------------------+
|             2191 |         0.125000 |
+------------------+------------------+
Total record(s): 1

SQL> update district set d_next_o_id=2194 where d_id=3 and d_w_id=1;

SQL> insert into orders values (1194, 3, 1, 5, '2026-07-02 16:03:14', 0, 5, 1);

SQL> insert into new_orders values (1194, 3, 1);

SQL> select i_price, i_name, i_data from item where i_id=5;
+------------------+------------------+------------------+
|          i_price |           i_name |           i_data |
+------------------+------------------+------------------+
|       275.312012 | RZk5jvuYMBSuu... | E0i7Tq7lKSEXP... |
+------------------+------------------+------------------+
Total record(s): 1

SQL> select s_quantity, s_data, s_dist_01, s_dist_02, s_dist_03, s_dist_04, s_dist_05,s_dist_06, s_dist_07, s_dist_08, s_dist_09, s_dist_10 from stock where s_i_id=5 and s_w_id=1;
+------------------+------------------+------------------+------------------+------------------+------------------+------------------+------------------+------------------+------------------+------------------+------------------+
|       s_quantity |           s_data |        s_dist_01 |        s_dist_02 |        s_dist_03 |        s_dist_04 |        s_dist_05 |        s_dist_06 |        s_dist_07 |        s_dist_08 |        s_dist_09 |        s_dist_10 |
+------------------+------------------+------------------+------------------+------------------+------------------+------------------+------------------+------------------+------------------+------------------+------------------+
|               54 | QYFsfK67qSSgD... | EyhdR4M4INXc6... | 3Sh5C1zBCE369... | DAVOmriOquWjn... | st8NpeFRSxXqV... | pbI8Bu5iafeZi... | RqerpGCSIGjUk... | 1qfNqV5BGwDCX... | OxRydX1ZaUo5g... | Q2zzmel4OIYR1... | 4bPmuMOwkfNJh... |
+------------------+------------------+------------------+------------------+------------------+------------------+------------------+------------------+------------------+------------------+------------------+------------------+
Total record(s): 1

SQL> update stock set s_quantity=64 where s_i_id=5 and s_w_id=1;

SQL> insert into order_line values (1194, 3, 1, 1, 5, 1, '2026-07-02 16:03:14', 10, 25.625, 'profile-workload');

SQL> select i_price, i_name, i_data from item where i_id=5;
+------------------+------------------+------------------+
|          i_price |           i_name |           i_data |
+------------------+------------------+------------------+
|       275.312012 | RZk5jvuYMBSuu... | E0i7Tq7lKSEXP... |
+------------------+------------------+------------------+
Total record(s): 1

SQL> commit;

SQL> begin;

SQL> select c_discount, c_last, c_credit, w_tax from customer, warehouse where w_id=1 and c_w_id=w_id and c_d_id=1 and c_id=6;
+------------------+------------------+------------------+------------------+
|       c_discount |           c_last |         c_credit |            w_tax |
+------------------+------------------+------------------+------------------+
|        42.500000 |     BARRBARRESEE |               GC |         0.125000 |
+------------------+------------------+------------------+------------------+
Total record(s): 1

SQL> select d_next_o_id, d_tax from district where d_id=1 and d_w_id=1;
+------------------+------------------+
|      d_next_o_id |            d_tax |
+------------------+------------------+
|             2192 |         0.312500 |
+------------------+------------------+
Total record(s): 1

SQL> update district set d_next_o_id=2195 where d_id=1 and d_w_id=1;

SQL> insert into orders values (1195, 1, 1, 6, '2026-07-02 16:03:15', 0, 5, 1);

SQL> insert into new_orders values (1195, 1, 1);

SQL> select i_price, i_name, i_data from item where i_id=6;
+------------------+------------------+------------------+
|          i_price |           i_name |           i_data |
+------------------+------------------+------------------+
|       246.625000 | XtAQYtNGlLC4W... | 475hhQJ8nAwFl... |
+------------------+------------------+------------------+
Total record(s): 1

SQL> select s_quantity, s_data, s_dist_01, s_dist_02, s_dist_03, s_dist_04, s_dist_05,s_dist_06, s_dist_07, s_dist_08, s_dist_09, s_dist_10 from stock where s_i_id=6 and s_w_id=1;
+------------------+------------------+------------------+------------------+------------------+------------------+------------------+------------------+------------------+------------------+------------------+------------------+
|       s_quantity |           s_data |        s_dist_01 |        s_dist_02 |        s_dist_03 |        s_dist_04 |        s_dist_05 |        s_dist_06 |        s_dist_07 |        s_dist_08 |        s_dist_09 |        s_dist_10 |
+------------------+------------------+------------------+------------------+------------------+------------------+------------------+------------------+------------------+------------------+------------------+------------------+
|               55 | 50jyi1h54GEtG... | OiK6a8H0lcdcd... | bwDwD4rTKeogY... | Xl7GYWRXWgP4A... | PBVwrhpwmVg50... | jqmZw3n5jFQMf... | hkMdmhQFGYsCj... | oS4oJdUIVsMEn... | 2DiVDJPAjAJpW... | t8sFA3u5UUTXk... | BU2YsWQVdREKm... |
+------------------+------------------+------------------+------------------+------------------+------------------+------------------+------------------+------------------+------------------+------------------+------------------+
Total record(s): 1

SQL> update stock set s_quantity=65 where s_i_id=6 and s_w_id=1;

SQL> insert into order_line values (1195, 1, 1, 1, 6, 1, '2026-07-02 16:03:15', 11, 28.750, 'profile-workload');

SQL> select i_price, i_name, i_data from item where i_id=6;
+------------------+------------------+------------------+
|          i_price |           i_name |           i_data |
+------------------+------------------+------------------+
|       246.625000 | XtAQYtNGlLC4W... | 475hhQJ8nAwFl... |
+------------------+------------------+------------------+
Total record(s): 1

SQL> commit;

SQL> begin;

SQL> select c_discount, c_last, c_credit, w_tax from customer, warehouse where w_id=1 and c_w_id=w_id and c_d_id=2 and c_id=7;
+------------------+------------------+------------------+------------------+
|       c_discount |           c_last |         c_credit |            w_tax |
+------------------+------------------+------------------+------------------+
|         8.625000 |     BARRBARRANTI |               GC |         0.125000 |
+------------------+------------------+------------------+------------------+
Total record(s): 1

SQL> select d_next_o_id, d_tax from district where d_id=2 and d_w_id=1;
+------------------+------------------+
|      d_next_o_id |            d_tax |
+------------------+------------------+
|             2193 |         0.312500 |
+------------------+------------------+
Total record(s): 1

SQL> update district set d_next_o_id=2196 where d_id=2 and d_w_id=1;

SQL> insert into orders values (1196, 2, 1, 7, '2026-07-02 16:03:16', 0, 5, 1);

SQL> insert into new_orders values (1196, 2, 1);

SQL> select i_price, i_name, i_data from item where i_id=7;
+------------------+------------------+------------------+
|          i_price |           i_name |           i_data |
+------------------+------------------+------------------+
|       720.312012 | QxmrKt4r3jZpe... | y3Ck1ZIsrAEvk... |
+------------------+------------------+------------------+
Total record(s): 1

SQL> select s_quantity, s_data, s_dist_01, s_dist_02, s_dist_03, s_dist_04, s_dist_05,s_dist_06, s_dist_07, s_dist_08, s_dist_09, s_dist_10 from stock where s_i_id=7 and s_w_id=1;
+------------------+------------------+------------------+------------------+------------------+------------------+------------------+------------------+------------------+------------------+------------------+------------------+
|       s_quantity |           s_data |        s_dist_01 |        s_dist_02 |        s_dist_03 |        s_dist_04 |        s_dist_05 |        s_dist_06 |        s_dist_07 |        s_dist_08 |        s_dist_09 |        s_dist_10 |
+------------------+------------------+------------------+------------------+------------------+------------------+------------------+------------------+------------------+------------------+------------------+------------------+
|               56 | 6TR82uEe90nx2... | zTbRDg94LHvMI... | hEXvypWdr3sUU... | HLXzlRZuw4ouj... | gTve6RS4jkci1... | SDVkfUqhlRi4O... | L7RZjPChBdWkI... | Va5kfTINfkU6k... | KjPoqwTgzPznL... | sv13V8rlPIUIb... | 1J47hj0njnyZw... |
+------------------+------------------+------------------+------------------+------------------+------------------+------------------+------------------+------------------+------------------+------------------+------------------+
Total record(s): 1

SQL> update stock set s_quantity=66 where s_i_id=7 and s_w_id=1;

SQL> insert into order_line values (1196, 2, 1, 1, 7, 1, '2026-07-02 16:03:16', 5, 31.875, 'profile-workload');

SQL> select i_price, i_name, i_data from item where i_id=7;
+------------------+------------------+------------------+
|          i_price |           i_name |           i_data |
+------------------+------------------+------------------+
|       720.312012 | QxmrKt4r3jZpe... | y3Ck1ZIsrAEvk... |
+------------------+------------------+------------------+
Total record(s): 1

SQL> commit;

SQL> begin;

SQL> select c_discount, c_last, c_credit, w_tax from customer, warehouse where w_id=1 and c_w_id=w_id and c_d_id=3 and c_id=8;
+------------------+------------------+------------------+------------------+
|       c_discount |           c_last |         c_credit |            w_tax |
+------------------+------------------+------------------+------------------+
|         7.500000 |     BARRBARRCALL |               BC |         0.125000 |
+------------------+------------------+------------------+------------------+
Total record(s): 1

SQL> select d_next_o_id, d_tax from district where d_id=3 and d_w_id=1;
+------------------+------------------+
|      d_next_o_id |            d_tax |
+------------------+------------------+
|             2194 |         0.125000 |
+------------------+------------------+
Total record(s): 1

SQL> update district set d_next_o_id=2197 where d_id=3 and d_w_id=1;

SQL> insert into orders values (1197, 3, 1, 8, '2026-07-02 16:03:17', 0, 5, 1);

SQL> insert into new_orders values (1197, 3, 1);

SQL> select i_price, i_name, i_data from item where i_id=8;
+------------------+------------------+------------------+
|          i_price |           i_name |           i_data |
+------------------+------------------+------------------+
|       299.625000 | LwcuLY4knHB2t... | XbZktjH3bejfU... |
+------------------+------------------+------------------+
Total record(s): 1

SQL> select s_quantity, s_data, s_dist_01, s_dist_02, s_dist_03, s_dist_04, s_dist_05,s_dist_06, s_dist_07, s_dist_08, s_dist_09, s_dist_10 from stock where s_i_id=8 and s_w_id=1;
+------------------+------------------+------------------+------------------+------------------+------------------+------------------+------------------+------------------+------------------+------------------+------------------+
|       s_quantity |           s_data |        s_dist_01 |        s_dist_02 |        s_dist_03 |        s_dist_04 |        s_dist_05 |        s_dist_06 |        s_dist_07 |        s_dist_08 |        s_dist_09 |        s_dist_10 |
+------------------+------------------+------------------+------------------+------------------+------------------+------------------+------------------+------------------+------------------+------------------+------------------+
|               57 | fTXM32U4bVGkz... | avoOS1XdrV51l... | Z9neUMy58l07U... | RNxN3XmFO1BgJ... | VnepNUJvyuw0p... | 6Ag1fw0vNNJKl... | 5uvinGPCep6xe... | ZPxi7QYYnb1fV... | uxA4gBY6UmQkC... | OuEIv3mEhSatH... | vVSJVc8LyoFjs... |
+------------------+------------------+------------------+------------------+------------------+------------------+------------------+------------------+------------------+------------------+------------------+------------------+
Total record(s): 1

SQL> update stock set s_quantity=67 where s_i_id=8 and s_w_id=1;

SQL> insert into order_line values (1197, 3, 1, 1, 8, 1, '2026-07-02 16:03:17', 6, 35.000, 'profile-workload');

SQL> select i_price, i_name, i_data from item where i_id=8;
+------------------+------------------+------------------+
|          i_price |           i_name |           i_data |
+------------------+------------------+------------------+
|       299.625000 | LwcuLY4knHB2t... | XbZktjH3bejfU... |
+------------------+------------------+------------------+
Total record(s): 1

SQL> commit;

SQL> begin;

SQL> select c_discount, c_last, c_credit, w_tax from customer, warehouse where w_id=1 and c_w_id=w_id and c_d_id=1 and c_id=9;
+------------------+------------------+------------------+------------------+
|       c_discount |           c_last |         c_credit |            w_tax |
+------------------+------------------+------------------+------------------+
|        19.125000 |     BARRBARRATIO |               BC |         0.125000 |
+------------------+------------------+------------------+------------------+
Total record(s): 1

SQL> select d_next_o_id, d_tax from district where d_id=1 and d_w_id=1;
+------------------+------------------+
|      d_next_o_id |            d_tax |
+------------------+------------------+
|             2195 |         0.312500 |
+------------------+------------------+
Total record(s): 1

SQL> update district set d_next_o_id=2198 where d_id=1 and d_w_id=1;

SQL> insert into orders values (1198, 1, 1, 9, '2026-07-02 16:03:18', 0, 5, 1);

SQL> insert into new_orders values (1198, 1, 1);

SQL> select i_price, i_name, i_data from item where i_id=9;
+------------------+------------------+------------------+
|          i_price |           i_name |           i_data |
+------------------+------------------+------------------+
|       399.250000 | Uc9L7VYwDlNMH... | SZr0MmdvXoiJp... |
+------------------+------------------+------------------+
Total record(s): 1

SQL> select s_quantity, s_data, s_dist_01, s_dist_02, s_dist_03, s_dist_04, s_dist_05,s_dist_06, s_dist_07, s_dist_08, s_dist_09, s_dist_10 from stock where s_i_id=9 and s_w_id=1;
+------------------+------------------+------------------+------------------+------------------+------------------+------------------+------------------+------------------+------------------+------------------+------------------+
|       s_quantity |           s_data |        s_dist_01 |        s_dist_02 |        s_dist_03 |        s_dist_04 |        s_dist_05 |        s_dist_06 |        s_dist_07 |        s_dist_08 |        s_dist_09 |        s_dist_10 |
+------------------+------------------+------------------+------------------+------------------+------------------+------------------+------------------+------------------+------------------+------------------+------------------+
|               58 | doNfCZ41KD2bA... | YRgh8eIxiFTCf... | urPDGs5lOGRj1... | ndEJXpGXq2Yoo... | TE1gnwxbFgZy3... | S4NfC74qIDvrr... | ZOTOXZq8RwlHX... | T97qM204iWLJs... | 1LPnk4ibiCEMd... | 8j8SPj1oyFkvs... | Oa5enU4CjO0KW... |
+------------------+------------------+------------------+------------------+------------------+------------------+------------------+------------------+------------------+------------------+------------------+------------------+
Total record(s): 1

SQL> update stock set s_quantity=68 where s_i_id=9 and s_w_id=1;

SQL> insert into order_line values (1198, 1, 1, 1, 9, 1, '2026-07-02 16:03:18', 7, 38.125, 'profile-workload');

SQL> select i_price, i_name, i_data from item where i_id=9;
+------------------+------------------+------------------+
|          i_price |           i_name |           i_data |
+------------------+------------------+------------------+
|       399.250000 | Uc9L7VYwDlNMH... | SZr0MmdvXoiJp... |
+------------------+------------------+------------------+
Total record(s): 1

SQL> commit;

SQL> begin;

SQL> select c_discount, c_last, c_credit, w_tax from customer, warehouse where w_id=1 and c_w_id=w_id and c_d_id=2 and c_id=10;
+------------------+------------------+------------------+------------------+
|       c_discount |           c_last |         c_credit |            w_tax |
+------------------+------------------+------------------+------------------+
|        33.312500 |     BARRBARREING |               GC |         0.125000 |
+------------------+------------------+------------------+------------------+
Total record(s): 1

SQL> select d_next_o_id, d_tax from district where d_id=2 and d_w_id=1;
+------------------+------------------+
|      d_next_o_id |            d_tax |
+------------------+------------------+
|             2196 |         0.312500 |
+------------------+------------------+
Total record(s): 1

SQL> update district set d_next_o_id=2199 where d_id=2 and d_w_id=1;

SQL> insert into orders values (1199, 2, 1, 10, '2026-07-02 16:03:19', 0, 5, 1);

SQL> insert into new_orders values (1199, 2, 1);

SQL> select i_price, i_name, i_data from item where i_id=10;
+------------------+------------------+------------------+
|          i_price |           i_name |           i_data |
+------------------+------------------+------------------+
|       309.625000 | GE4lpUDt340SQ... | afXPChY5c62yi... |
+------------------+------------------+------------------+
Total record(s): 1

SQL> select s_quantity, s_data, s_dist_01, s_dist_02, s_dist_03, s_dist_04, s_dist_05,s_dist_06, s_dist_07, s_dist_08, s_dist_09, s_dist_10 from stock where s_i_id=10 and s_w_id=1;
+------------------+------------------+------------------+------------------+------------------+------------------+------------------+------------------+------------------+------------------+------------------+------------------+
|       s_quantity |           s_data |        s_dist_01 |        s_dist_02 |        s_dist_03 |        s_dist_04 |        s_dist_05 |        s_dist_06 |        s_dist_07 |        s_dist_08 |        s_dist_09 |        s_dist_10 |
+------------------+------------------+------------------+------------------+------------------+------------------+------------------+------------------+------------------+------------------+------------------+------------------+
|               59 | gXrIBzRLX1Hrc... | eKrLB8TVHiI44... | ouIyEmeGRGi0o... | c4bwuOWiQjEoV... | Ef2IURhPGXHIb... | thXVk6wG5UMjA... | FaPc4hXpwRqJc... | PPaIGfQ7UgCiR... | B4mpk7r1Oy6Q9... | YctHbb8gqgNVL... | tahmqTg8YteQa... |
+------------------+------------------+------------------+------------------+------------------+------------------+------------------+------------------+------------------+------------------+------------------+------------------+
Total record(s): 1

SQL> update stock set s_quantity=69 where s_i_id=10 and s_w_id=1;

SQL> insert into order_line values (1199, 2, 1, 1, 10, 1, '2026-07-02 16:03:19', 8, 41.250, 'profile-workload');

SQL> select i_price, i_name, i_data from item where i_id=10;
+------------------+------------------+------------------+
|          i_price |           i_name |           i_data |
+------------------+------------------+------------------+
|       309.625000 | GE4lpUDt340SQ... | afXPChY5c62yi... |
+------------------+------------------+------------------+
Total record(s): 1

SQL> commit;

SQL> begin;

SQL> select c_discount, c_last, c_credit, w_tax from customer, warehouse where w_id=1 and c_w_id=w_id and c_d_id=3 and c_id=1;
+------------------+------------------+------------------+------------------+
|       c_discount |           c_last |         c_credit |            w_tax |
+------------------+------------------+------------------+------------------+
|        35.312500 |     BARRBARRBARR |               GC |         0.125000 |
+------------------+------------------+------------------+------------------+
Total record(s): 1

SQL> select d_next_o_id, d_tax from district where d_id=3 and d_w_id=1;
+------------------+------------------+
|      d_next_o_id |            d_tax |
+------------------+------------------+
|             2197 |         0.125000 |
+------------------+------------------+
Total record(s): 1

SQL> update district set d_next_o_id=2200 where d_id=3 and d_w_id=1;

SQL> insert into orders values (1200, 3, 1, 1, '2026-07-02 16:03:20', 0, 5, 1);

SQL> insert into new_orders values (1200, 3, 1);

SQL> select i_price, i_name, i_data from item where i_id=1;
+------------------+------------------+------------------+
|          i_price |           i_name |           i_data |
+------------------+------------------+------------------+
|       387.500000 | em5qY0xbhf7jT... | ODk5NNaYinHCt... |
+------------------+------------------+------------------+
Total record(s): 1

SQL> select s_quantity, s_data, s_dist_01, s_dist_02, s_dist_03, s_dist_04, s_dist_05,s_dist_06, s_dist_07, s_dist_08, s_dist_09, s_dist_10 from stock where s_i_id=1 and s_w_id=1;
+------------------+------------------+------------------+------------------+------------------+------------------+------------------+------------------+------------------+------------------+------------------+------------------+
|       s_quantity |           s_data |        s_dist_01 |        s_dist_02 |        s_dist_03 |        s_dist_04 |        s_dist_05 |        s_dist_06 |        s_dist_07 |        s_dist_08 |        s_dist_09 |        s_dist_10 |
+------------------+------------------+------------------+------------------+------------------+------------------+------------------+------------------+------------------+------------------+------------------+------------------+
|               60 | EX7cPdLs2h5Cu... | BjeZBWGUE2RK9... | Giu0QtJbzMqDz... | x5qwcB5RFQ0PJ... | zBTPV7ZCAdkhp... | QLd5BxVOSe5EO... | L1UjatGc7rn5I... | 4cCGnVcADQNSR... | uwojesfvwKbKk... | 4N8CE0EbYc27l... | jD8imXof2fu84... |
+------------------+------------------+------------------+------------------+------------------+------------------+------------------+------------------+------------------+------------------+------------------+------------------+
Total record(s): 1

SQL> update stock set s_quantity=70 where s_i_id=1 and s_w_id=1;

SQL> insert into order_line values (1200, 3, 1, 1, 1, 1, '2026-07-02 16:03:20', 9, 13.125, 'profile-workload');

SQL> select i_price, i_name, i_data from item where i_id=1;
+------------------+------------------+------------------+
|          i_price |           i_name |           i_data |
+------------------+------------------+------------------+
|       387.500000 | em5qY0xbhf7jT... | ODk5NNaYinHCt... |
+------------------+------------------+------------------+
Total record(s): 1

SQL> commit;

SQL> begin;

SQL> select c_discount, c_last, c_credit, w_tax from customer, warehouse where w_id=1 and c_w_id=w_id and c_d_id=1 and c_id=2;
+------------------+------------------+------------------+------------------+
|       c_discount |           c_last |         c_credit |            w_tax |
+------------------+------------------+------------------+------------------+
|         8.625000 |     BARRBARROUGH |               GC |         0.125000 |
+------------------+------------------+------------------+------------------+
Total record(s): 1

SQL> select d_next_o_id, d_tax from district where d_id=1 and d_w_id=1;
+------------------+------------------+
|      d_next_o_id |            d_tax |
+------------------+------------------+
|             2198 |         0.312500 |
+------------------+------------------+
Total record(s): 1

SQL> update district set d_next_o_id=2201 where d_id=1 and d_w_id=1;

SQL> insert into orders values (1201, 1, 1, 2, '2026-07-02 16:03:21', 0, 5, 1);

SQL> insert into new_orders values (1201, 1, 1);

SQL> select i_price, i_name, i_data from item where i_id=2;
+------------------+------------------+------------------+
|          i_price |           i_name |           i_data |
+------------------+------------------+------------------+
|       376.125000 | MuXfgApP7KW0a... | 3Nb3DgfVu1KJp... |
+------------------+------------------+------------------+
Total record(s): 1

SQL> select s_quantity, s_data, s_dist_01, s_dist_02, s_dist_03, s_dist_04, s_dist_05,s_dist_06, s_dist_07, s_dist_08, s_dist_09, s_dist_10 from stock where s_i_id=2 and s_w_id=1;
+------------------+------------------+------------------+------------------+------------------+------------------+------------------+------------------+------------------+------------------+------------------+------------------+
|       s_quantity |           s_data |        s_dist_01 |        s_dist_02 |        s_dist_03 |        s_dist_04 |        s_dist_05 |        s_dist_06 |        s_dist_07 |        s_dist_08 |        s_dist_09 |        s_dist_10 |
+------------------+------------------+------------------+------------------+------------------+------------------+------------------+------------------+------------------+------------------+------------------+------------------+
|               61 | djOd4utkRfPov... | m5mzVzbMevZr0... | AcexKPCSIqIkI... | dtJHr8L1DGHhZ... | Q4qTTAxg8vItA... | mRVxHKkLJsGt5... | WY35fxzCEpf7J... | NudamqsKcBceN... | t6IWnrmkFgBcF... | 2QcCCffEf0CT8... | X1e603kIsyKdi... |
+------------------+------------------+------------------+------------------+------------------+------------------+------------------+------------------+------------------+------------------+------------------+------------------+
Total record(s): 1

SQL> update stock set s_quantity=71 where s_i_id=2 and s_w_id=1;

SQL> insert into order_line values (1201, 1, 1, 1, 2, 1, '2026-07-02 16:03:21', 10, 16.250, 'profile-workload');

SQL> select i_price, i_name, i_data from item where i_id=2;
+------------------+------------------+------------------+
|          i_price |           i_name |           i_data |
+------------------+------------------+------------------+
|       376.125000 | MuXfgApP7KW0a... | 3Nb3DgfVu1KJp... |
+------------------+------------------+------------------+
Total record(s): 1

SQL> commit;

SQL> begin;

SQL> select c_discount, c_last, c_credit, w_tax from customer, warehouse where w_id=1 and c_w_id=w_id and c_d_id=2 and c_id=3;
+------------------+------------------+------------------+------------------+
|       c_discount |           c_last |         c_credit |            w_tax |
+------------------+------------------+------------------+------------------+
|        47.125000 |     BARRBARRABLE |               BC |         0.125000 |
+------------------+------------------+------------------+------------------+
Total record(s): 1

SQL> select d_next_o_id, d_tax from district where d_id=2 and d_w_id=1;
+------------------+------------------+
|      d_next_o_id |            d_tax |
+------------------+------------------+
|             2199 |         0.312500 |
+------------------+------------------+
Total record(s): 1

SQL> update district set d_next_o_id=2202 where d_id=2 and d_w_id=1;

SQL> insert into orders values (1202, 2, 1, 3, '2026-07-02 16:03:22', 0, 5, 1);

SQL> insert into new_orders values (1202, 2, 1);

SQL> select i_price, i_name, i_data from item where i_id=3;
+------------------+------------------+------------------+
|          i_price |           i_name |           i_data |
+------------------+------------------+------------------+
|       109.311996 | yis0W0gx0pikT... | UNL1LJukAZWN0... |
+------------------+------------------+------------------+
Total record(s): 1

SQL> select s_quantity, s_data, s_dist_01, s_dist_02, s_dist_03, s_dist_04, s_dist_05,s_dist_06, s_dist_07, s_dist_08, s_dist_09, s_dist_10 from stock where s_i_id=3 and s_w_id=1;
+------------------+------------------+------------------+------------------+------------------+------------------+------------------+------------------+------------------+------------------+------------------+------------------+
|       s_quantity |           s_data |        s_dist_01 |        s_dist_02 |        s_dist_03 |        s_dist_04 |        s_dist_05 |        s_dist_06 |        s_dist_07 |        s_dist_08 |        s_dist_09 |        s_dist_10 |
+------------------+------------------+------------------+------------------+------------------+------------------+------------------+------------------+------------------+------------------+------------------+------------------+
|               62 | SW90NeiRcp87f... | PVa7W5l3wRhUk... | sFfSRZQKBjMBa... | 9PDW05BnxMAjj... | WDsQYXpbbflDi... | hhr7RsyaiQF26... | HQZojb6uhrRNn... | s6MwvjHhKyTOl... | 9YGuFFjBiK9br... | Awmc5ENeXc9hp... | j50sXBi3QQyxf... |
+------------------+------------------+------------------+------------------+------------------+------------------+------------------+------------------+------------------+------------------+------------------+------------------+
Total record(s): 1

SQL> update stock set s_quantity=72 where s_i_id=3 and s_w_id=1;

SQL> insert into order_line values (1202, 2, 1, 1, 3, 1, '2026-07-02 16:03:22', 11, 19.375, 'profile-workload');

SQL> select i_price, i_name, i_data from item where i_id=3;
+------------------+------------------+------------------+
|          i_price |           i_name |           i_data |
+------------------+------------------+------------------+
|       109.311996 | yis0W0gx0pikT... | UNL1LJukAZWN0... |
+------------------+------------------+------------------+
Total record(s): 1

SQL> commit;

SQL> begin;

SQL> select c_discount, c_last, c_credit, w_tax from customer, warehouse where w_id=1 and c_w_id=w_id and c_d_id=3 and c_id=4;
+------------------+------------------+------------------+------------------+
|       c_discount |           c_last |         c_credit |            w_tax |
+------------------+------------------+------------------+------------------+
|        26.125000 |     BARRBARRPRII |               BC |         0.125000 |
+------------------+------------------+------------------+------------------+
Total record(s): 1

SQL> select d_next_o_id, d_tax from district where d_id=3 and d_w_id=1;
+------------------+------------------+
|      d_next_o_id |            d_tax |
+------------------+------------------+
|             2200 |         0.125000 |
+------------------+------------------+
Total record(s): 1

SQL> update district set d_next_o_id=2203 where d_id=3 and d_w_id=1;

SQL> insert into orders values (1203, 3, 1, 4, '2026-07-02 16:03:23', 0, 5, 1);

SQL> insert into new_orders values (1203, 3, 1);

SQL> select i_price, i_name, i_data from item where i_id=4;
+------------------+------------------+------------------+
|          i_price |           i_name |           i_data |
+------------------+------------------+------------------+
|       409.625000 | 2ICLCJkJNRA17... | zIA2Qe5D57pOo... |
+------------------+------------------+------------------+
Total record(s): 1

SQL> select s_quantity, s_data, s_dist_01, s_dist_02, s_dist_03, s_dist_04, s_dist_05,s_dist_06, s_dist_07, s_dist_08, s_dist_09, s_dist_10 from stock where s_i_id=4 and s_w_id=1;
+------------------+------------------+------------------+------------------+------------------+------------------+------------------+------------------+------------------+------------------+------------------+------------------+
|       s_quantity |           s_data |        s_dist_01 |        s_dist_02 |        s_dist_03 |        s_dist_04 |        s_dist_05 |        s_dist_06 |        s_dist_07 |        s_dist_08 |        s_dist_09 |        s_dist_10 |
+------------------+------------------+------------------+------------------+------------------+------------------+------------------+------------------+------------------+------------------+------------------+------------------+
|               63 | tNV47N74JTS0h... | KhHDzdMjFV9aK... | FnqtSeXHt27hk... | I98ThwMdZvqRj... | nd0R8CYmCzMIR... | P0unv0aqSuyqM... | TxV4RKJXjWvgb... | 9bwmjHTDXSMgE... | Dbnc8n5QaCQcV... | IC1stRVUGTQfP... | h3hqiiIdNCVgi... |
+------------------+------------------+------------------+------------------+------------------+------------------+------------------+------------------+------------------+------------------+------------------+------------------+
Total record(s): 1

SQL> update stock set s_quantity=73 where s_i_id=4 and s_w_id=1;

SQL> insert into order_line values (1203, 3, 1, 1, 4, 1, '2026-07-02 16:03:23', 5, 22.500, 'profile-workload');

SQL> select i_price, i_name, i_data from item where i_id=4;
+------------------+------------------+------------------+
|          i_price |           i_name |           i_data |
+------------------+------------------+------------------+
|       409.625000 | 2ICLCJkJNRA17... | zIA2Qe5D57pOo... |
+------------------+------------------+------------------+
Total record(s): 1

SQL> commit;

SQL> begin;

SQL> select c_discount, c_last, c_credit, w_tax from customer, warehouse where w_id=1 and c_w_id=w_id and c_d_id=1 and c_id=5;
+------------------+------------------+------------------+------------------+
|       c_discount |           c_last |         c_credit |            w_tax |
+------------------+------------------+------------------+------------------+
|        24.625000 |     BARRBARRPRES |               GC |         0.125000 |
+------------------+------------------+------------------+------------------+
Total record(s): 1

SQL> select d_next_o_id, d_tax from district where d_id=1 and d_w_id=1;
+------------------+------------------+
|      d_next_o_id |            d_tax |
+------------------+------------------+
|             2201 |         0.312500 |
+------------------+------------------+
Total record(s): 1

SQL> update district set d_next_o_id=2204 where d_id=1 and d_w_id=1;

SQL> insert into orders values (1204, 1, 1, 5, '2026-07-02 16:03:24', 0, 5, 1);

SQL> insert into new_orders values (1204, 1, 1);

SQL> select i_price, i_name, i_data from item where i_id=5;
+------------------+------------------+------------------+
|          i_price |           i_name |           i_data |
+------------------+------------------+------------------+
|       275.312012 | RZk5jvuYMBSuu... | E0i7Tq7lKSEXP... |
+------------------+------------------+------------------+
Total record(s): 1

SQL> select s_quantity, s_data, s_dist_01, s_dist_02, s_dist_03, s_dist_04, s_dist_05,s_dist_06, s_dist_07, s_dist_08, s_dist_09, s_dist_10 from stock where s_i_id=5 and s_w_id=1;
+------------------+------------------+------------------+------------------+------------------+------------------+------------------+------------------+------------------+------------------+------------------+------------------+
|       s_quantity |           s_data |        s_dist_01 |        s_dist_02 |        s_dist_03 |        s_dist_04 |        s_dist_05 |        s_dist_06 |        s_dist_07 |        s_dist_08 |        s_dist_09 |        s_dist_10 |
+------------------+------------------+------------------+------------------+------------------+------------------+------------------+------------------+------------------+------------------+------------------+------------------+
|               64 | QYFsfK67qSSgD... | EyhdR4M4INXc6... | 3Sh5C1zBCE369... | DAVOmriOquWjn... | st8NpeFRSxXqV... | pbI8Bu5iafeZi... | RqerpGCSIGjUk... | 1qfNqV5BGwDCX... | OxRydX1ZaUo5g... | Q2zzmel4OIYR1... | 4bPmuMOwkfNJh... |
+------------------+------------------+------------------+------------------+------------------+------------------+------------------+------------------+------------------+------------------+------------------+------------------+
Total record(s): 1

SQL> update stock set s_quantity=74 where s_i_id=5 and s_w_id=1;

SQL> insert into order_line values (1204, 1, 1, 1, 5, 1, '2026-07-02 16:03:24', 6, 25.625, 'profile-workload');

SQL> select i_price, i_name, i_data from item where i_id=5;
+------------------+------------------+------------------+
|          i_price |           i_name |           i_data |
+------------------+------------------+------------------+
|       275.312012 | RZk5jvuYMBSuu... | E0i7Tq7lKSEXP... |
+------------------+------------------+------------------+
Total record(s): 1

SQL> commit;

SQL> begin;

SQL> select c_discount, c_last, c_credit, w_tax from customer, warehouse where w_id=1 and c_w_id=w_id and c_d_id=2 and c_id=6;
+------------------+------------------+------------------+------------------+
|       c_discount |           c_last |         c_credit |            w_tax |
+------------------+------------------+------------------+------------------+
|        19.500000 |     BARRBARRESEE |               BC |         0.125000 |
+------------------+------------------+------------------+------------------+
Total record(s): 1

SQL> select d_next_o_id, d_tax from district where d_id=2 and d_w_id=1;
+------------------+------------------+
|      d_next_o_id |            d_tax |
+------------------+------------------+
|             2202 |         0.312500 |
+------------------+------------------+
Total record(s): 1

SQL> update district set d_next_o_id=2205 where d_id=2 and d_w_id=1;

SQL> insert into orders values (1205, 2, 1, 6, '2026-07-02 16:03:25', 0, 5, 1);

SQL> insert into new_orders values (1205, 2, 1);

SQL> select i_price, i_name, i_data from item where i_id=6;
+------------------+------------------+------------------+
|          i_price |           i_name |           i_data |
+------------------+------------------+------------------+
|       246.625000 | XtAQYtNGlLC4W... | 475hhQJ8nAwFl... |
+------------------+------------------+------------------+
Total record(s): 1

SQL> select s_quantity, s_data, s_dist_01, s_dist_02, s_dist_03, s_dist_04, s_dist_05,s_dist_06, s_dist_07, s_dist_08, s_dist_09, s_dist_10 from stock where s_i_id=6 and s_w_id=1;
+------------------+------------------+------------------+------------------+------------------+------------------+------------------+------------------+------------------+------------------+------------------+------------------+
|       s_quantity |           s_data |        s_dist_01 |        s_dist_02 |        s_dist_03 |        s_dist_04 |        s_dist_05 |        s_dist_06 |        s_dist_07 |        s_dist_08 |        s_dist_09 |        s_dist_10 |
+------------------+------------------+------------------+------------------+------------------+------------------+------------------+------------------+------------------+------------------+------------------+------------------+
|               65 | 50jyi1h54GEtG... | OiK6a8H0lcdcd... | bwDwD4rTKeogY... | Xl7GYWRXWgP4A... | PBVwrhpwmVg50... | jqmZw3n5jFQMf... | hkMdmhQFGYsCj... | oS4oJdUIVsMEn... | 2DiVDJPAjAJpW... | t8sFA3u5UUTXk... | BU2YsWQVdREKm... |
+------------------+------------------+------------------+------------------+------------------+------------------+------------------+------------------+------------------+------------------+------------------+------------------+
Total record(s): 1

SQL> update stock set s_quantity=75 where s_i_id=6 and s_w_id=1;

SQL> insert into order_line values (1205, 2, 1, 1, 6, 1, '2026-07-02 16:03:25', 7, 28.750, 'profile-workload');

SQL> select i_price, i_name, i_data from item where i_id=6;
+------------------+------------------+------------------+
|          i_price |           i_name |           i_data |
+------------------+------------------+------------------+
|       246.625000 | XtAQYtNGlLC4W... | 475hhQJ8nAwFl... |
+------------------+------------------+------------------+
Total record(s): 1

SQL> commit;

SQL> begin;

SQL> select c_discount, c_last, c_credit, w_tax from customer, warehouse where w_id=1 and c_w_id=w_id and c_d_id=3 and c_id=7;
+------------------+------------------+------------------+------------------+
|       c_discount |           c_last |         c_credit |            w_tax |
+------------------+------------------+------------------+------------------+
|         3.312500 |     BARRBARRANTI |               BC |         0.125000 |
+------------------+------------------+------------------+------------------+
Total record(s): 1

SQL> select d_next_o_id, d_tax from district where d_id=3 and d_w_id=1;
+------------------+------------------+
|      d_next_o_id |            d_tax |
+------------------+------------------+
|             2203 |         0.125000 |
+------------------+------------------+
Total record(s): 1

SQL> update district set d_next_o_id=2206 where d_id=3 and d_w_id=1;

SQL> insert into orders values (1206, 3, 1, 7, '2026-07-02 16:03:26', 0, 5, 1);

SQL> insert into new_orders values (1206, 3, 1);

SQL> select i_price, i_name, i_data from item where i_id=7;
+------------------+------------------+------------------+
|          i_price |           i_name |           i_data |
+------------------+------------------+------------------+
|       720.312012 | QxmrKt4r3jZpe... | y3Ck1ZIsrAEvk... |
+------------------+------------------+------------------+
Total record(s): 1

SQL> select s_quantity, s_data, s_dist_01, s_dist_02, s_dist_03, s_dist_04, s_dist_05,s_dist_06, s_dist_07, s_dist_08, s_dist_09, s_dist_10 from stock where s_i_id=7 and s_w_id=1;
+------------------+------------------+------------------+------------------+------------------+------------------+------------------+------------------+------------------+------------------+------------------+------------------+
|       s_quantity |           s_data |        s_dist_01 |        s_dist_02 |        s_dist_03 |        s_dist_04 |        s_dist_05 |        s_dist_06 |        s_dist_07 |        s_dist_08 |        s_dist_09 |        s_dist_10 |
+------------------+------------------+------------------+------------------+------------------+------------------+------------------+------------------+------------------+------------------+------------------+------------------+
|               66 | 6TR82uEe90nx2... | zTbRDg94LHvMI... | hEXvypWdr3sUU... | HLXzlRZuw4ouj... | gTve6RS4jkci1... | SDVkfUqhlRi4O... | L7RZjPChBdWkI... | Va5kfTINfkU6k... | KjPoqwTgzPznL... | sv13V8rlPIUIb... | 1J47hj0njnyZw... |
+------------------+------------------+------------------+------------------+------------------+------------------+------------------+------------------+------------------+------------------+------------------+------------------+
Total record(s): 1

SQL> update stock set s_quantity=76 where s_i_id=7 and s_w_id=1;

SQL> insert into order_line values (1206, 3, 1, 1, 7, 1, '2026-07-02 16:03:26', 8, 31.875, 'profile-workload');

SQL> select i_price, i_name, i_data from item where i_id=7;
+------------------+------------------+------------------+
|          i_price |           i_name |           i_data |
+------------------+------------------+------------------+
|       720.312012 | QxmrKt4r3jZpe... | y3Ck1ZIsrAEvk... |
+------------------+------------------+------------------+
Total record(s): 1

SQL> commit;

SQL> begin;

SQL> select c_discount, c_last, c_credit, w_tax from customer, warehouse where w_id=1 and c_w_id=w_id and c_d_id=1 and c_id=8;
+------------------+------------------+------------------+------------------+
|       c_discount |           c_last |         c_credit |            w_tax |
+------------------+------------------+------------------+------------------+
|        30.625000 |     BARRBARRCALL |               BC |         0.125000 |
+------------------+------------------+------------------+------------------+
Total record(s): 1

SQL> select d_next_o_id, d_tax from district where d_id=1 and d_w_id=1;
+------------------+------------------+
|      d_next_o_id |            d_tax |
+------------------+------------------+
|             2204 |         0.312500 |
+------------------+------------------+
Total record(s): 1

SQL> update district set d_next_o_id=2207 where d_id=1 and d_w_id=1;

SQL> insert into orders values (1207, 1, 1, 8, '2026-07-02 16:03:27', 0, 5, 1);

SQL> insert into new_orders values (1207, 1, 1);

SQL> select i_price, i_name, i_data from item where i_id=8;
+------------------+------------------+------------------+
|          i_price |           i_name |           i_data |
+------------------+------------------+------------------+
|       299.625000 | LwcuLY4knHB2t... | XbZktjH3bejfU... |
+------------------+------------------+------------------+
Total record(s): 1

SQL> select s_quantity, s_data, s_dist_01, s_dist_02, s_dist_03, s_dist_04, s_dist_05,s_dist_06, s_dist_07, s_dist_08, s_dist_09, s_dist_10 from stock where s_i_id=8 and s_w_id=1;
+------------------+------------------+------------------+------------------+------------------+------------------+------------------+------------------+------------------+------------------+------------------+------------------+
|       s_quantity |           s_data |        s_dist_01 |        s_dist_02 |        s_dist_03 |        s_dist_04 |        s_dist_05 |        s_dist_06 |        s_dist_07 |        s_dist_08 |        s_dist_09 |        s_dist_10 |
+------------------+------------------+------------------+------------------+------------------+------------------+------------------+------------------+------------------+------------------+------------------+------------------+
|               67 | fTXM32U4bVGkz... | avoOS1XdrV51l... | Z9neUMy58l07U... | RNxN3XmFO1BgJ... | VnepNUJvyuw0p... | 6Ag1fw0vNNJKl... | 5uvinGPCep6xe... | ZPxi7QYYnb1fV... | uxA4gBY6UmQkC... | OuEIv3mEhSatH... | vVSJVc8LyoFjs... |
+------------------+------------------+------------------+------------------+------------------+------------------+------------------+------------------+------------------+------------------+------------------+------------------+
Total record(s): 1

SQL> update stock set s_quantity=77 where s_i_id=8 and s_w_id=1;

SQL> insert into order_line values (1207, 1, 1, 1, 8, 1, '2026-07-02 16:03:27', 9, 35.000, 'profile-workload');

SQL> select i_price, i_name, i_data from item where i_id=8;
+------------------+------------------+------------------+
|          i_price |           i_name |           i_data |
+------------------+------------------+------------------+
|       299.625000 | LwcuLY4knHB2t... | XbZktjH3bejfU... |
+------------------+------------------+------------------+
Total record(s): 1

SQL> commit;

SQL> begin;

SQL> select c_discount, c_last, c_credit, w_tax from customer, warehouse where w_id=1 and c_w_id=w_id and c_d_id=2 and c_id=9;
+------------------+------------------+------------------+------------------+
|       c_discount |           c_last |         c_credit |            w_tax |
+------------------+------------------+------------------+------------------+
|        37.500000 |     BARRBARRATIO |               GC |         0.125000 |
+------------------+------------------+------------------+------------------+
Total record(s): 1

SQL> select d_next_o_id, d_tax from district where d_id=2 and d_w_id=1;
+------------------+------------------+
|      d_next_o_id |            d_tax |
+------------------+------------------+
|             2205 |         0.312500 |
+------------------+------------------+
Total record(s): 1

SQL> update district set d_next_o_id=2208 where d_id=2 and d_w_id=1;

SQL> insert into orders values (1208, 2, 1, 9, '2026-07-02 16:03:28', 0, 5, 1);

SQL> insert into new_orders values (1208, 2, 1);

SQL> select i_price, i_name, i_data from item where i_id=9;
+------------------+------------------+------------------+
|          i_price |           i_name |           i_data |
+------------------+------------------+------------------+
|       399.250000 | Uc9L7VYwDlNMH... | SZr0MmdvXoiJp... |
+------------------+------------------+------------------+
Total record(s): 1

SQL> select s_quantity, s_data, s_dist_01, s_dist_02, s_dist_03, s_dist_04, s_dist_05,s_dist_06, s_dist_07, s_dist_08, s_dist_09, s_dist_10 from stock where s_i_id=9 and s_w_id=1;
+------------------+------------------+------------------+------------------+------------------+------------------+------------------+------------------+------------------+------------------+------------------+------------------+
|       s_quantity |           s_data |        s_dist_01 |        s_dist_02 |        s_dist_03 |        s_dist_04 |        s_dist_05 |        s_dist_06 |        s_dist_07 |        s_dist_08 |        s_dist_09 |        s_dist_10 |
+------------------+------------------+------------------+------------------+------------------+------------------+------------------+------------------+------------------+------------------+------------------+------------------+
|               68 | doNfCZ41KD2bA... | YRgh8eIxiFTCf... | urPDGs5lOGRj1... | ndEJXpGXq2Yoo... | TE1gnwxbFgZy3... | S4NfC74qIDvrr... | ZOTOXZq8RwlHX... | T97qM204iWLJs... | 1LPnk4ibiCEMd... | 8j8SPj1oyFkvs... | Oa5enU4CjO0KW... |
+------------------+------------------+------------------+------------------+------------------+------------------+------------------+------------------+------------------+------------------+------------------+------------------+
Total record(s): 1

SQL> update stock set s_quantity=78 where s_i_id=9 and s_w_id=1;

SQL> insert into order_line values (1208, 2, 1, 1, 9, 1, '2026-07-02 16:03:28', 10, 38.125, 'profile-workload');

SQL> select i_price, i_name, i_data from item where i_id=9;
+------------------+------------------+------------------+
|          i_price |           i_name |           i_data |
+------------------+------------------+------------------+
|       399.250000 | Uc9L7VYwDlNMH... | SZr0MmdvXoiJp... |
+------------------+------------------+------------------+
Total record(s): 1

SQL> commit;

SQL> begin;

SQL> select c_discount, c_last, c_credit, w_tax from customer, warehouse where w_id=1 and c_w_id=w_id and c_d_id=3 and c_id=10;
+------------------+------------------+------------------+------------------+
|       c_discount |           c_last |         c_credit |            w_tax |
+------------------+------------------+------------------+------------------+
|        29.625000 |     BARRBARREING |               GC |         0.125000 |
+------------------+------------------+------------------+------------------+
Total record(s): 1

SQL> select d_next_o_id, d_tax from district where d_id=3 and d_w_id=1;
+------------------+------------------+
|      d_next_o_id |            d_tax |
+------------------+------------------+
|             2206 |         0.125000 |
+------------------+------------------+
Total record(s): 1

SQL> update district set d_next_o_id=2209 where d_id=3 and d_w_id=1;

SQL> insert into orders values (1209, 3, 1, 10, '2026-07-02 16:03:29', 0, 5, 1);

SQL> insert into new_orders values (1209, 3, 1);

SQL> select i_price, i_name, i_data from item where i_id=10;
+------------------+------------------+------------------+
|          i_price |           i_name |           i_data |
+------------------+------------------+------------------+
|       309.625000 | GE4lpUDt340SQ... | afXPChY5c62yi... |
+------------------+------------------+------------------+
Total record(s): 1

SQL> select s_quantity, s_data, s_dist_01, s_dist_02, s_dist_03, s_dist_04, s_dist_05,s_dist_06, s_dist_07, s_dist_08, s_dist_09, s_dist_10 from stock where s_i_id=10 and s_w_id=1;
+------------------+------------------+------------------+------------------+------------------+------------------+------------------+------------------+------------------+------------------+------------------+------------------+
|       s_quantity |           s_data |        s_dist_01 |        s_dist_02 |        s_dist_03 |        s_dist_04 |        s_dist_05 |        s_dist_06 |        s_dist_07 |        s_dist_08 |        s_dist_09 |        s_dist_10 |
+------------------+------------------+------------------+------------------+------------------+------------------+------------------+------------------+------------------+------------------+------------------+------------------+
|               69 | gXrIBzRLX1Hrc... | eKrLB8TVHiI44... | ouIyEmeGRGi0o... | c4bwuOWiQjEoV... | Ef2IURhPGXHIb... | thXVk6wG5UMjA... | FaPc4hXpwRqJc... | PPaIGfQ7UgCiR... | B4mpk7r1Oy6Q9... | YctHbb8gqgNVL... | tahmqTg8YteQa... |
+------------------+------------------+------------------+------------------+------------------+------------------+------------------+------------------+------------------+------------------+------------------+------------------+
Total record(s): 1

SQL> update stock set s_quantity=79 where s_i_id=10 and s_w_id=1;

SQL> insert into order_line values (1209, 3, 1, 1, 10, 1, '2026-07-02 16:03:29', 11, 41.250, 'profile-workload');

SQL> select i_price, i_name, i_data from item where i_id=10;
+------------------+------------------+------------------+
|          i_price |           i_name |           i_data |
+------------------+------------------+------------------+
|       309.625000 | GE4lpUDt340SQ... | afXPChY5c62yi... |
+------------------+------------------+------------------+
Total record(s): 1

SQL> commit;

SQL> begin;

SQL> select c_discount, c_last, c_credit, w_tax from customer, warehouse where w_id=1 and c_w_id=w_id and c_d_id=1 and c_id=1;
+------------------+------------------+------------------+------------------+
|       c_discount |           c_last |         c_credit |            w_tax |
+------------------+------------------+------------------+------------------+
|         6.500000 |     BARRBARRBARR |               GC |         0.125000 |
+------------------+------------------+------------------+------------------+
Total record(s): 1

SQL> select d_next_o_id, d_tax from district where d_id=1 and d_w_id=1;
+------------------+------------------+
|      d_next_o_id |            d_tax |
+------------------+------------------+
|             2207 |         0.312500 |
+------------------+------------------+
Total record(s): 1

SQL> update district set d_next_o_id=2210 where d_id=1 and d_w_id=1;

SQL> insert into orders values (1210, 1, 1, 1, '2026-07-02 16:03:30', 0, 5, 1);

SQL> insert into new_orders values (1210, 1, 1);

SQL> select i_price, i_name, i_data from item where i_id=1;
+------------------+------------------+------------------+
|          i_price |           i_name |           i_data |
+------------------+------------------+------------------+
|       387.500000 | em5qY0xbhf7jT... | ODk5NNaYinHCt... |
+------------------+------------------+------------------+
Total record(s): 1

SQL> select s_quantity, s_data, s_dist_01, s_dist_02, s_dist_03, s_dist_04, s_dist_05,s_dist_06, s_dist_07, s_dist_08, s_dist_09, s_dist_10 from stock where s_i_id=1 and s_w_id=1;
+------------------+------------------+------------------+------------------+------------------+------------------+------------------+------------------+------------------+------------------+------------------+------------------+
|       s_quantity |           s_data |        s_dist_01 |        s_dist_02 |        s_dist_03 |        s_dist_04 |        s_dist_05 |        s_dist_06 |        s_dist_07 |        s_dist_08 |        s_dist_09 |        s_dist_10 |
+------------------+------------------+------------------+------------------+------------------+------------------+------------------+------------------+------------------+------------------+------------------+------------------+
|               70 | EX7cPdLs2h5Cu... | BjeZBWGUE2RK9... | Giu0QtJbzMqDz... | x5qwcB5RFQ0PJ... | zBTPV7ZCAdkhp... | QLd5BxVOSe5EO... | L1UjatGc7rn5I... | 4cCGnVcADQNSR... | uwojesfvwKbKk... | 4N8CE0EbYc27l... | jD8imXof2fu84... |
+------------------+------------------+------------------+------------------+------------------+------------------+------------------+------------------+------------------+------------------+------------------+------------------+
Total record(s): 1

SQL> update stock set s_quantity=10 where s_i_id=1 and s_w_id=1;

SQL> insert into order_line values (1210, 1, 1, 1, 1, 1, '2026-07-02 16:03:30', 5, 13.125, 'profile-workload');

SQL> select i_price, i_name, i_data from item where i_id=1;
+------------------+------------------+------------------+
|          i_price |           i_name |           i_data |
+------------------+------------------+------------------+
|       387.500000 | em5qY0xbhf7jT... | ODk5NNaYinHCt... |
+------------------+------------------+------------------+
Total record(s): 1

SQL> commit;

SQL> begin;

SQL> select c_discount, c_last, c_credit, w_tax from customer, warehouse where w_id=1 and c_w_id=w_id and c_d_id=2 and c_id=2;
+------------------+------------------+------------------+------------------+
|       c_discount |           c_last |         c_credit |            w_tax |
+------------------+------------------+------------------+------------------+
|         3.125000 |     BARRBARROUGH |               GC |         0.125000 |
+------------------+------------------+------------------+------------------+
Total record(s): 1

SQL> select d_next_o_id, d_tax from district where d_id=2 and d_w_id=1;
+------------------+------------------+
|      d_next_o_id |            d_tax |
+------------------+------------------+
|             2208 |         0.312500 |
+------------------+------------------+
Total record(s): 1

SQL> update district set d_next_o_id=2211 where d_id=2 and d_w_id=1;

SQL> insert into orders values (1211, 2, 1, 2, '2026-07-02 16:03:31', 0, 5, 1);

SQL> insert into new_orders values (1211, 2, 1);

SQL> select i_price, i_name, i_data from item where i_id=2;
+------------------+------------------+------------------+
|          i_price |           i_name |           i_data |
+------------------+------------------+------------------+
|       376.125000 | MuXfgApP7KW0a... | 3Nb3DgfVu1KJp... |
+------------------+------------------+------------------+
Total record(s): 1

SQL> select s_quantity, s_data, s_dist_01, s_dist_02, s_dist_03, s_dist_04, s_dist_05,s_dist_06, s_dist_07, s_dist_08, s_dist_09, s_dist_10 from stock where s_i_id=2 and s_w_id=1;
+------------------+------------------+------------------+------------------+------------------+------------------+------------------+------------------+------------------+------------------+------------------+------------------+
|       s_quantity |           s_data |        s_dist_01 |        s_dist_02 |        s_dist_03 |        s_dist_04 |        s_dist_05 |        s_dist_06 |        s_dist_07 |        s_dist_08 |        s_dist_09 |        s_dist_10 |
+------------------+------------------+------------------+------------------+------------------+------------------+------------------+------------------+------------------+------------------+------------------+------------------+
|               71 | djOd4utkRfPov... | m5mzVzbMevZr0... | AcexKPCSIqIkI... | dtJHr8L1DGHhZ... | Q4qTTAxg8vItA... | mRVxHKkLJsGt5... | WY35fxzCEpf7J... | NudamqsKcBceN... | t6IWnrmkFgBcF... | 2QcCCffEf0CT8... | X1e603kIsyKdi... |
+------------------+------------------+------------------+------------------+------------------+------------------+------------------+------------------+------------------+------------------+------------------+------------------+
Total record(s): 1

SQL> update stock set s_quantity=11 where s_i_id=2 and s_w_id=1;

SQL> insert into order_line values (1211, 2, 1, 1, 2, 1, '2026-07-02 16:03:31', 6, 16.250, 'profile-workload');

SQL> select i_price, i_name, i_data from item where i_id=2;
+------------------+------------------+------------------+
|          i_price |           i_name |           i_data |
+------------------+------------------+------------------+
|       376.125000 | MuXfgApP7KW0a... | 3Nb3DgfVu1KJp... |
+------------------+------------------+------------------+
Total record(s): 1

SQL> commit;

SQL> begin;

SQL> select c_discount, c_last, c_credit, w_tax from customer, warehouse where w_id=1 and c_w_id=w_id and c_d_id=3 and c_id=3;
+------------------+------------------+------------------+------------------+
|       c_discount |           c_last |         c_credit |            w_tax |
+------------------+------------------+------------------+------------------+
|        10.500000 |     BARRBARRABLE |               BC |         0.125000 |
+------------------+------------------+------------------+------------------+
Total record(s): 1

SQL> select d_next_o_id, d_tax from district where d_id=3 and d_w_id=1;
+------------------+------------------+
|      d_next_o_id |            d_tax |
+------------------+------------------+
|             2209 |         0.125000 |
+------------------+------------------+
Total record(s): 1

SQL> update district set d_next_o_id=2212 where d_id=3 and d_w_id=1;

SQL> insert into orders values (1212, 3, 1, 3, '2026-07-02 16:03:32', 0, 5, 1);

SQL> insert into new_orders values (1212, 3, 1);

SQL> select i_price, i_name, i_data from item where i_id=3;
+------------------+------------------+------------------+
|          i_price |           i_name |           i_data |
+------------------+------------------+------------------+
|       109.311996 | yis0W0gx0pikT... | UNL1LJukAZWN0... |
+------------------+------------------+------------------+
Total record(s): 1

SQL> select s_quantity, s_data, s_dist_01, s_dist_02, s_dist_03, s_dist_04, s_dist_05,s_dist_06, s_dist_07, s_dist_08, s_dist_09, s_dist_10 from stock where s_i_id=3 and s_w_id=1;
+------------------+------------------+------------------+------------------+------------------+------------------+------------------+------------------+------------------+------------------+------------------+------------------+
|       s_quantity |           s_data |        s_dist_01 |        s_dist_02 |        s_dist_03 |        s_dist_04 |        s_dist_05 |        s_dist_06 |        s_dist_07 |        s_dist_08 |        s_dist_09 |        s_dist_10 |
+------------------+------------------+------------------+------------------+------------------+------------------+------------------+------------------+------------------+------------------+------------------+------------------+
|               72 | SW90NeiRcp87f... | PVa7W5l3wRhUk... | sFfSRZQKBjMBa... | 9PDW05BnxMAjj... | WDsQYXpbbflDi... | hhr7RsyaiQF26... | HQZojb6uhrRNn... | s6MwvjHhKyTOl... | 9YGuFFjBiK9br... | Awmc5ENeXc9hp... | j50sXBi3QQyxf... |
+------------------+------------------+------------------+------------------+------------------+------------------+------------------+------------------+------------------+------------------+------------------+------------------+
Total record(s): 1

SQL> update stock set s_quantity=12 where s_i_id=3 and s_w_id=1;

SQL> insert into order_line values (1212, 3, 1, 1, 3, 1, '2026-07-02 16:03:32', 7, 19.375, 'profile-workload');

SQL> select i_price, i_name, i_data from item where i_id=3;
+------------------+------------------+------------------+
|          i_price |           i_name |           i_data |
+------------------+------------------+------------------+
|       109.311996 | yis0W0gx0pikT... | UNL1LJukAZWN0... |
+------------------+------------------+------------------+
Total record(s): 1

SQL> commit;

SQL> begin;

SQL> select c_discount, c_last, c_credit, w_tax from customer, warehouse where w_id=1 and c_w_id=w_id and c_d_id=1 and c_id=4;
+------------------+------------------+------------------+------------------+
|       c_discount |           c_last |         c_credit |            w_tax |
+------------------+------------------+------------------+------------------+
|         9.500000 |     BARRBARRPRII |               GC |         0.125000 |
+------------------+------------------+------------------+------------------+
Total record(s): 1

SQL> select d_next_o_id, d_tax from district where d_id=1 and d_w_id=1;
+------------------+------------------+
|      d_next_o_id |            d_tax |
+------------------+------------------+
|             2210 |         0.312500 |
+------------------+------------------+
Total record(s): 1

SQL> update district set d_next_o_id=2213 where d_id=1 and d_w_id=1;

SQL> insert into orders values (1213, 1, 1, 4, '2026-07-02 16:03:33', 0, 5, 1);

SQL> insert into new_orders values (1213, 1, 1);

SQL> select i_price, i_name, i_data from item where i_id=4;
+------------------+------------------+------------------+
|          i_price |           i_name |           i_data |
+------------------+------------------+------------------+
|       409.625000 | 2ICLCJkJNRA17... | zIA2Qe5D57pOo... |
+------------------+------------------+------------------+
Total record(s): 1

SQL> select s_quantity, s_data, s_dist_01, s_dist_02, s_dist_03, s_dist_04, s_dist_05,s_dist_06, s_dist_07, s_dist_08, s_dist_09, s_dist_10 from stock where s_i_id=4 and s_w_id=1;
+------------------+------------------+------------------+------------------+------------------+------------------+------------------+------------------+------------------+------------------+------------------+------------------+
|       s_quantity |           s_data |        s_dist_01 |        s_dist_02 |        s_dist_03 |        s_dist_04 |        s_dist_05 |        s_dist_06 |        s_dist_07 |        s_dist_08 |        s_dist_09 |        s_dist_10 |
+------------------+------------------+------------------+------------------+------------------+------------------+------------------+------------------+------------------+------------------+------------------+------------------+
|               73 | tNV47N74JTS0h... | KhHDzdMjFV9aK... | FnqtSeXHt27hk... | I98ThwMdZvqRj... | nd0R8CYmCzMIR... | P0unv0aqSuyqM... | TxV4RKJXjWvgb... | 9bwmjHTDXSMgE... | Dbnc8n5QaCQcV... | IC1stRVUGTQfP... | h3hqiiIdNCVgi... |
+------------------+------------------+------------------+------------------+------------------+------------------+------------------+------------------+------------------+------------------+------------------+------------------+
Total record(s): 1

SQL> update stock set s_quantity=13 where s_i_id=4 and s_w_id=1;

SQL> insert into order_line values (1213, 1, 1, 1, 4, 1, '2026-07-02 16:03:33', 8, 22.500, 'profile-workload');

SQL> select i_price, i_name, i_data from item where i_id=4;
+------------------+------------------+------------------+
|          i_price |           i_name |           i_data |
+------------------+------------------+------------------+
|       409.625000 | 2ICLCJkJNRA17... | zIA2Qe5D57pOo... |
+------------------+------------------+------------------+
Total record(s): 1

SQL> commit;

SQL> begin;

SQL> select c_discount, c_last, c_credit, w_tax from customer, warehouse where w_id=1 and c_w_id=w_id and c_d_id=2 and c_id=5;
+------------------+------------------+------------------+------------------+
|       c_discount |           c_last |         c_credit |            w_tax |
+------------------+------------------+------------------+------------------+
|         8.500000 |     BARRBARRPRES |               BC |         0.125000 |
+------------------+------------------+------------------+------------------+
Total record(s): 1

SQL> select d_next_o_id, d_tax from district where d_id=2 and d_w_id=1;
+------------------+------------------+
|      d_next_o_id |            d_tax |
+------------------+------------------+
|             2211 |         0.312500 |
+------------------+------------------+
Total record(s): 1

SQL> update district set d_next_o_id=2214 where d_id=2 and d_w_id=1;

SQL> insert into orders values (1214, 2, 1, 5, '2026-07-02 16:03:34', 0, 5, 1);

SQL> insert into new_orders values (1214, 2, 1);

SQL> select i_price, i_name, i_data from item where i_id=5;
+------------------+------------------+------------------+
|          i_price |           i_name |           i_data |
+------------------+------------------+------------------+
|       275.312012 | RZk5jvuYMBSuu... | E0i7Tq7lKSEXP... |
+------------------+------------------+------------------+
Total record(s): 1

SQL> select s_quantity, s_data, s_dist_01, s_dist_02, s_dist_03, s_dist_04, s_dist_05,s_dist_06, s_dist_07, s_dist_08, s_dist_09, s_dist_10 from stock where s_i_id=5 and s_w_id=1;
+------------------+------------------+------------------+------------------+------------------+------------------+------------------+------------------+------------------+------------------+------------------+------------------+
|       s_quantity |           s_data |        s_dist_01 |        s_dist_02 |        s_dist_03 |        s_dist_04 |        s_dist_05 |        s_dist_06 |        s_dist_07 |        s_dist_08 |        s_dist_09 |        s_dist_10 |
+------------------+------------------+------------------+------------------+------------------+------------------+------------------+------------------+------------------+------------------+------------------+------------------+
|               74 | QYFsfK67qSSgD... | EyhdR4M4INXc6... | 3Sh5C1zBCE369... | DAVOmriOquWjn... | st8NpeFRSxXqV... | pbI8Bu5iafeZi... | RqerpGCSIGjUk... | 1qfNqV5BGwDCX... | OxRydX1ZaUo5g... | Q2zzmel4OIYR1... | 4bPmuMOwkfNJh... |
+------------------+------------------+------------------+------------------+------------------+------------------+------------------+------------------+------------------+------------------+------------------+------------------+
Total record(s): 1

SQL> update stock set s_quantity=14 where s_i_id=5 and s_w_id=1;

SQL> insert into order_line values (1214, 2, 1, 1, 5, 1, '2026-07-02 16:03:34', 9, 25.625, 'profile-workload');

SQL> select i_price, i_name, i_data from item where i_id=5;
+------------------+------------------+------------------+
|          i_price |           i_name |           i_data |
+------------------+------------------+------------------+
|       275.312012 | RZk5jvuYMBSuu... | E0i7Tq7lKSEXP... |
+------------------+------------------+------------------+
Total record(s): 1

SQL> commit;

SQL> begin;

SQL> select c_discount, c_last, c_credit, w_tax from customer, warehouse where w_id=1 and c_w_id=w_id and c_d_id=3 and c_id=6;
+------------------+------------------+------------------+------------------+
|       c_discount |           c_last |         c_credit |            w_tax |
+------------------+------------------+------------------+------------------+
|        23.500000 |     BARRBARRESEE |               BC |         0.125000 |
+------------------+------------------+------------------+------------------+
Total record(s): 1

SQL> select d_next_o_id, d_tax from district where d_id=3 and d_w_id=1;
+------------------+------------------+
|      d_next_o_id |            d_tax |
+------------------+------------------+
|             2212 |         0.125000 |
+------------------+------------------+
Total record(s): 1

SQL> update district set d_next_o_id=2215 where d_id=3 and d_w_id=1;

SQL> insert into orders values (1215, 3, 1, 6, '2026-07-02 16:03:35', 0, 5, 1);

SQL> insert into new_orders values (1215, 3, 1);

SQL> select i_price, i_name, i_data from item where i_id=6;
+------------------+------------------+------------------+
|          i_price |           i_name |           i_data |
+------------------+------------------+------------------+
|       246.625000 | XtAQYtNGlLC4W... | 475hhQJ8nAwFl... |
+------------------+------------------+------------------+
Total record(s): 1

SQL> select s_quantity, s_data, s_dist_01, s_dist_02, s_dist_03, s_dist_04, s_dist_05,s_dist_06, s_dist_07, s_dist_08, s_dist_09, s_dist_10 from stock where s_i_id=6 and s_w_id=1;
+------------------+------------------+------------------+------------------+------------------+------------------+------------------+------------------+------------------+------------------+------------------+------------------+
|       s_quantity |           s_data |        s_dist_01 |        s_dist_02 |        s_dist_03 |        s_dist_04 |        s_dist_05 |        s_dist_06 |        s_dist_07 |        s_dist_08 |        s_dist_09 |        s_dist_10 |
+------------------+------------------+------------------+------------------+------------------+------------------+------------------+------------------+------------------+------------------+------------------+------------------+
|               75 | 50jyi1h54GEtG... | OiK6a8H0lcdcd... | bwDwD4rTKeogY... | Xl7GYWRXWgP4A... | PBVwrhpwmVg50... | jqmZw3n5jFQMf... | hkMdmhQFGYsCj... | oS4oJdUIVsMEn... | 2DiVDJPAjAJpW... | t8sFA3u5UUTXk... | BU2YsWQVdREKm... |
+------------------+------------------+------------------+------------------+------------------+------------------+------------------+------------------+------------------+------------------+------------------+------------------+
Total record(s): 1

SQL> update stock set s_quantity=15 where s_i_id=6 and s_w_id=1;

SQL> insert into order_line values (1215, 3, 1, 1, 6, 1, '2026-07-02 16:03:35', 10, 28.750, 'profile-workload');

SQL> select i_price, i_name, i_data from item where i_id=6;
+------------------+------------------+------------------+
|          i_price |           i_name |           i_data |
+------------------+------------------+------------------+
|       246.625000 | XtAQYtNGlLC4W... | 475hhQJ8nAwFl... |
+------------------+------------------+------------------+
Total record(s): 1

SQL> commit;

SQL> begin;

SQL> select c_discount, c_last, c_credit, w_tax from customer, warehouse where w_id=1 and c_w_id=w_id and c_d_id=1 and c_id=7;
+------------------+------------------+------------------+------------------+
|       c_discount |           c_last |         c_credit |            w_tax |
+------------------+------------------+------------------+------------------+
|        41.312500 |     BARRBARRANTI |               BC |         0.125000 |
+------------------+------------------+------------------+------------------+
Total record(s): 1

SQL> select d_next_o_id, d_tax from district where d_id=1 and d_w_id=1;
+------------------+------------------+
|      d_next_o_id |            d_tax |
+------------------+------------------+
|             2213 |         0.312500 |
+------------------+------------------+
Total record(s): 1

SQL> update district set d_next_o_id=2216 where d_id=1 and d_w_id=1;

SQL> insert into orders values (1216, 1, 1, 7, '2026-07-02 16:03:36', 0, 5, 1);

SQL> insert into new_orders values (1216, 1, 1);

SQL> select i_price, i_name, i_data from item where i_id=7;
+------------------+------------------+------------------+
|          i_price |           i_name |           i_data |
+------------------+------------------+------------------+
|       720.312012 | QxmrKt4r3jZpe... | y3Ck1ZIsrAEvk... |
+------------------+------------------+------------------+
Total record(s): 1

SQL> select s_quantity, s_data, s_dist_01, s_dist_02, s_dist_03, s_dist_04, s_dist_05,s_dist_06, s_dist_07, s_dist_08, s_dist_09, s_dist_10 from stock where s_i_id=7 and s_w_id=1;
+------------------+------------------+------------------+------------------+------------------+------------------+------------------+------------------+------------------+------------------+------------------+------------------+
|       s_quantity |           s_data |        s_dist_01 |        s_dist_02 |        s_dist_03 |        s_dist_04 |        s_dist_05 |        s_dist_06 |        s_dist_07 |        s_dist_08 |        s_dist_09 |        s_dist_10 |
+------------------+------------------+------------------+------------------+------------------+------------------+------------------+------------------+------------------+------------------+------------------+------------------+
|               76 | 6TR82uEe90nx2... | zTbRDg94LHvMI... | hEXvypWdr3sUU... | HLXzlRZuw4ouj... | gTve6RS4jkci1... | SDVkfUqhlRi4O... | L7RZjPChBdWkI... | Va5kfTINfkU6k... | KjPoqwTgzPznL... | sv13V8rlPIUIb... | 1J47hj0njnyZw... |
+------------------+------------------+------------------+------------------+------------------+------------------+------------------+------------------+------------------+------------------+------------------+------------------+
Total record(s): 1

SQL> update stock set s_quantity=16 where s_i_id=7 and s_w_id=1;

SQL> insert into order_line values (1216, 1, 1, 1, 7, 1, '2026-07-02 16:03:36', 11, 31.875, 'profile-workload');

SQL> select i_price, i_name, i_data from item where i_id=7;
+------------------+------------------+------------------+
|          i_price |           i_name |           i_data |
+------------------+------------------+------------------+
|       720.312012 | QxmrKt4r3jZpe... | y3Ck1ZIsrAEvk... |
+------------------+------------------+------------------+
Total record(s): 1

SQL> commit;

SQL> begin;

SQL> select c_discount, c_last, c_credit, w_tax from customer, warehouse where w_id=1 and c_w_id=w_id and c_d_id=2 and c_id=8;
+------------------+------------------+------------------+------------------+
|       c_discount |           c_last |         c_credit |            w_tax |
+------------------+------------------+------------------+------------------+
|        24.312500 |     BARRBARRCALL |               BC |         0.125000 |
+------------------+------------------+------------------+------------------+
Total record(s): 1

SQL> select d_next_o_id, d_tax from district where d_id=2 and d_w_id=1;
+------------------+------------------+
|      d_next_o_id |            d_tax |
+------------------+------------------+
|             2214 |         0.312500 |
+------------------+------------------+
Total record(s): 1

SQL> update district set d_next_o_id=2217 where d_id=2 and d_w_id=1;

SQL> insert into orders values (1217, 2, 1, 8, '2026-07-02 16:03:37', 0, 5, 1);

SQL> insert into new_orders values (1217, 2, 1);

SQL> select i_price, i_name, i_data from item where i_id=8;
+------------------+------------------+------------------+
|          i_price |           i_name |           i_data |
+------------------+------------------+------------------+
|       299.625000 | LwcuLY4knHB2t... | XbZktjH3bejfU... |
+------------------+------------------+------------------+
Total record(s): 1

SQL> select s_quantity, s_data, s_dist_01, s_dist_02, s_dist_03, s_dist_04, s_dist_05,s_dist_06, s_dist_07, s_dist_08, s_dist_09, s_dist_10 from stock where s_i_id=8 and s_w_id=1;
+------------------+------------------+------------------+------------------+------------------+------------------+------------------+------------------+------------------+------------------+------------------+------------------+
|       s_quantity |           s_data |        s_dist_01 |        s_dist_02 |        s_dist_03 |        s_dist_04 |        s_dist_05 |        s_dist_06 |        s_dist_07 |        s_dist_08 |        s_dist_09 |        s_dist_10 |
+------------------+------------------+------------------+------------------+------------------+------------------+------------------+------------------+------------------+------------------+------------------+------------------+
|               77 | fTXM32U4bVGkz... | avoOS1XdrV51l... | Z9neUMy58l07U... | RNxN3XmFO1BgJ... | VnepNUJvyuw0p... | 6Ag1fw0vNNJKl... | 5uvinGPCep6xe... | ZPxi7QYYnb1fV... | uxA4gBY6UmQkC... | OuEIv3mEhSatH... | vVSJVc8LyoFjs... |
+------------------+------------------+------------------+------------------+------------------+------------------+------------------+------------------+------------------+------------------+------------------+------------------+
Total record(s): 1

SQL> update stock set s_quantity=17 where s_i_id=8 and s_w_id=1;

SQL> insert into order_line values (1217, 2, 1, 1, 8, 1, '2026-07-02 16:03:37', 5, 35.000, 'profile-workload');

SQL> select i_price, i_name, i_data from item where i_id=8;
+------------------+------------------+------------------+
|          i_price |           i_name |           i_data |
+------------------+------------------+------------------+
|       299.625000 | LwcuLY4knHB2t... | XbZktjH3bejfU... |
+------------------+------------------+------------------+
Total record(s): 1

SQL> commit;

SQL> begin;

SQL> select c_discount, c_last, c_credit, w_tax from customer, warehouse where w_id=1 and c_w_id=w_id and c_d_id=3 and c_id=9;
+------------------+------------------+------------------+------------------+
|       c_discount |           c_last |         c_credit |            w_tax |
+------------------+------------------+------------------+------------------+
|        35.125000 |     BARRBARRATIO |               GC |         0.125000 |
+------------------+------------------+------------------+------------------+
Total record(s): 1

SQL> select d_next_o_id, d_tax from district where d_id=3 and d_w_id=1;
+------------------+------------------+
|      d_next_o_id |            d_tax |
+------------------+------------------+
|             2215 |         0.125000 |
+------------------+------------------+
Total record(s): 1

SQL> update district set d_next_o_id=2218 where d_id=3 and d_w_id=1;

SQL> insert into orders values (1218, 3, 1, 9, '2026-07-02 16:03:38', 0, 5, 1);

SQL> insert into new_orders values (1218, 3, 1);

SQL> select i_price, i_name, i_data from item where i_id=9;
+------------------+------------------+------------------+
|          i_price |           i_name |           i_data |
+------------------+------------------+------------------+
|       399.250000 | Uc9L7VYwDlNMH... | SZr0MmdvXoiJp... |
+------------------+------------------+------------------+
Total record(s): 1

SQL> select s_quantity, s_data, s_dist_01, s_dist_02, s_dist_03, s_dist_04, s_dist_05,s_dist_06, s_dist_07, s_dist_08, s_dist_09, s_dist_10 from stock where s_i_id=9 and s_w_id=1;
+------------------+------------------+------------------+------------------+------------------+------------------+------------------+------------------+------------------+------------------+------------------+------------------+
|       s_quantity |           s_data |        s_dist_01 |        s_dist_02 |        s_dist_03 |        s_dist_04 |        s_dist_05 |        s_dist_06 |        s_dist_07 |        s_dist_08 |        s_dist_09 |        s_dist_10 |
+------------------+------------------+------------------+------------------+------------------+------------------+------------------+------------------+------------------+------------------+------------------+------------------+
|               78 | doNfCZ41KD2bA... | YRgh8eIxiFTCf... | urPDGs5lOGRj1... | ndEJXpGXq2Yoo... | TE1gnwxbFgZy3... | S4NfC74qIDvrr... | ZOTOXZq8RwlHX... | T97qM204iWLJs... | 1LPnk4ibiCEMd... | 8j8SPj1oyFkvs... | Oa5enU4CjO0KW... |
+------------------+------------------+------------------+------------------+------------------+------------------+------------------+------------------+------------------+------------------+------------------+------------------+
Total record(s): 1

SQL> update stock set s_quantity=18 where s_i_id=9 and s_w_id=1;

SQL> insert into order_line values (1218, 3, 1, 1, 9, 1, '2026-07-02 16:03:38', 6, 38.125, 'profile-workload');

SQL> select i_price, i_name, i_data from item where i_id=9;
+------------------+------------------+------------------+
|          i_price |           i_name |           i_data |
+------------------+------------------+------------------+
|       399.250000 | Uc9L7VYwDlNMH... | SZr0MmdvXoiJp... |
+------------------+------------------+------------------+
Total record(s): 1

SQL> commit;

SQL> begin;

SQL> select c_discount, c_last, c_credit, w_tax from customer, warehouse where w_id=1 and c_w_id=w_id and c_d_id=1 and c_id=10;
+------------------+------------------+------------------+------------------+
|       c_discount |           c_last |         c_credit |            w_tax |
+------------------+------------------+------------------+------------------+
|        25.125000 |     BARRBARREING |               GC |         0.125000 |
+------------------+------------------+------------------+------------------+
Total record(s): 1

SQL> select d_next_o_id, d_tax from district where d_id=1 and d_w_id=1;
+------------------+------------------+
|      d_next_o_id |            d_tax |
+------------------+------------------+
|             2216 |         0.312500 |
+------------------+------------------+
Total record(s): 1

SQL> update district set d_next_o_id=2219 where d_id=1 and d_w_id=1;

SQL> insert into orders values (1219, 1, 1, 10, '2026-07-02 16:03:39', 0, 5, 1);

SQL> insert into new_orders values (1219, 1, 1);

SQL> select i_price, i_name, i_data from item where i_id=10;
+------------------+------------------+------------------+
|          i_price |           i_name |           i_data |
+------------------+------------------+------------------+
|       309.625000 | GE4lpUDt340SQ... | afXPChY5c62yi... |
+------------------+------------------+------------------+
Total record(s): 1

SQL> select s_quantity, s_data, s_dist_01, s_dist_02, s_dist_03, s_dist_04, s_dist_05,s_dist_06, s_dist_07, s_dist_08, s_dist_09, s_dist_10 from stock where s_i_id=10 and s_w_id=1;
+------------------+------------------+------------------+------------------+------------------+------------------+------------------+------------------+------------------+------------------+------------------+------------------+
|       s_quantity |           s_data |        s_dist_01 |        s_dist_02 |        s_dist_03 |        s_dist_04 |        s_dist_05 |        s_dist_06 |        s_dist_07 |        s_dist_08 |        s_dist_09 |        s_dist_10 |
+------------------+------------------+------------------+------------------+------------------+------------------+------------------+------------------+------------------+------------------+------------------+------------------+
|               79 | gXrIBzRLX1Hrc... | eKrLB8TVHiI44... | ouIyEmeGRGi0o... | c4bwuOWiQjEoV... | Ef2IURhPGXHIb... | thXVk6wG5UMjA... | FaPc4hXpwRqJc... | PPaIGfQ7UgCiR... | B4mpk7r1Oy6Q9... | YctHbb8gqgNVL... | tahmqTg8YteQa... |
+------------------+------------------+------------------+------------------+------------------+------------------+------------------+------------------+------------------+------------------+------------------+------------------+
Total record(s): 1

SQL> update stock set s_quantity=19 where s_i_id=10 and s_w_id=1;

SQL> insert into order_line values (1219, 1, 1, 1, 10, 1, '2026-07-02 16:03:39', 7, 41.250, 'profile-workload');

SQL> select i_price, i_name, i_data from item where i_id=10;
+------------------+------------------+------------------+
|          i_price |           i_name |           i_data |
+------------------+------------------+------------------+
|       309.625000 | GE4lpUDt340SQ... | afXPChY5c62yi... |
+------------------+------------------+------------------+
Total record(s): 1

SQL> commit;

SQL> begin;

SQL> select c_discount, c_last, c_credit, w_tax from customer, warehouse where w_id=1 and c_w_id=w_id and c_d_id=2 and c_id=1;
+------------------+------------------+------------------+------------------+
|       c_discount |           c_last |         c_credit |            w_tax |
+------------------+------------------+------------------+------------------+
|        26.250000 |     BARRBARRBARR |               GC |         0.125000 |
+------------------+------------------+------------------+------------------+
Total record(s): 1

SQL> select d_next_o_id, d_tax from district where d_id=2 and d_w_id=1;
+------------------+------------------+
|      d_next_o_id |            d_tax |
+------------------+------------------+
|             2217 |         0.312500 |
+------------------+------------------+
Total record(s): 1

SQL> update district set d_next_o_id=2220 where d_id=2 and d_w_id=1;

SQL> insert into orders values (1220, 2, 1, 1, '2026-07-02 16:03:40', 0, 5, 1);

SQL> insert into new_orders values (1220, 2, 1);

SQL> select i_price, i_name, i_data from item where i_id=1;
+------------------+------------------+------------------+
|          i_price |           i_name |           i_data |
+------------------+------------------+------------------+
|       387.500000 | em5qY0xbhf7jT... | ODk5NNaYinHCt... |
+------------------+------------------+------------------+
Total record(s): 1

SQL> select s_quantity, s_data, s_dist_01, s_dist_02, s_dist_03, s_dist_04, s_dist_05,s_dist_06, s_dist_07, s_dist_08, s_dist_09, s_dist_10 from stock where s_i_id=1 and s_w_id=1;
+------------------+------------------+------------------+------------------+------------------+------------------+------------------+------------------+------------------+------------------+------------------+------------------+
|       s_quantity |           s_data |        s_dist_01 |        s_dist_02 |        s_dist_03 |        s_dist_04 |        s_dist_05 |        s_dist_06 |        s_dist_07 |        s_dist_08 |        s_dist_09 |        s_dist_10 |
+------------------+------------------+------------------+------------------+------------------+------------------+------------------+------------------+------------------+------------------+------------------+------------------+
|               10 | EX7cPdLs2h5Cu... | BjeZBWGUE2RK9... | Giu0QtJbzMqDz... | x5qwcB5RFQ0PJ... | zBTPV7ZCAdkhp... | QLd5BxVOSe5EO... | L1UjatGc7rn5I... | 4cCGnVcADQNSR... | uwojesfvwKbKk... | 4N8CE0EbYc27l... | jD8imXof2fu84... |
+------------------+------------------+------------------+------------------+------------------+------------------+------------------+------------------+------------------+------------------+------------------+------------------+
Total record(s): 1

SQL> update stock set s_quantity=20 where s_i_id=1 and s_w_id=1;

SQL> insert into order_line values (1220, 2, 1, 1, 1, 1, '2026-07-02 16:03:40', 8, 13.125, 'profile-workload');

SQL> select i_price, i_name, i_data from item where i_id=1;
+------------------+------------------+------------------+
|          i_price |           i_name |           i_data |
+------------------+------------------+------------------+
|       387.500000 | em5qY0xbhf7jT... | ODk5NNaYinHCt... |
+------------------+------------------+------------------+
Total record(s): 1

SQL> commit;

SQL> begin;

SQL> select c_discount, c_last, c_credit, w_tax from customer, warehouse where w_id=1 and c_w_id=w_id and c_d_id=3 and c_id=2;
+------------------+------------------+------------------+------------------+
|       c_discount |           c_last |         c_credit |            w_tax |
+------------------+------------------+------------------+------------------+
|        31.250000 |     BARRBARROUGH |               BC |         0.125000 |
+------------------+------------------+------------------+------------------+
Total record(s): 1

SQL> select d_next_o_id, d_tax from district where d_id=3 and d_w_id=1;
+------------------+------------------+
|      d_next_o_id |            d_tax |
+------------------+------------------+
|             2218 |         0.125000 |
+------------------+------------------+
Total record(s): 1

SQL> update district set d_next_o_id=2221 where d_id=3 and d_w_id=1;

SQL> insert into orders values (1221, 3, 1, 2, '2026-07-02 16:03:41', 0, 5, 1);

SQL> insert into new_orders values (1221, 3, 1);

SQL> select i_price, i_name, i_data from item where i_id=2;
+------------------+------------------+------------------+
|          i_price |           i_name |           i_data |
+------------------+------------------+------------------+
|       376.125000 | MuXfgApP7KW0a... | 3Nb3DgfVu1KJp... |
+------------------+------------------+------------------+
Total record(s): 1

SQL> select s_quantity, s_data, s_dist_01, s_dist_02, s_dist_03, s_dist_04, s_dist_05,s_dist_06, s_dist_07, s_dist_08, s_dist_09, s_dist_10 from stock where s_i_id=2 and s_w_id=1;
+------------------+------------------+------------------+------------------+------------------+------------------+------------------+------------------+------------------+------------------+------------------+------------------+
|       s_quantity |           s_data |        s_dist_01 |        s_dist_02 |        s_dist_03 |        s_dist_04 |        s_dist_05 |        s_dist_06 |        s_dist_07 |        s_dist_08 |        s_dist_09 |        s_dist_10 |
+------------------+------------------+------------------+------------------+------------------+------------------+------------------+------------------+------------------+------------------+------------------+------------------+
|               11 | djOd4utkRfPov... | m5mzVzbMevZr0... | AcexKPCSIqIkI... | dtJHr8L1DGHhZ... | Q4qTTAxg8vItA... | mRVxHKkLJsGt5... | WY35fxzCEpf7J... | NudamqsKcBceN... | t6IWnrmkFgBcF... | 2QcCCffEf0CT8... | X1e603kIsyKdi... |
+------------------+------------------+------------------+------------------+------------------+------------------+------------------+------------------+------------------+------------------+------------------+------------------+
Total record(s): 1

SQL> update stock set s_quantity=21 where s_i_id=2 and s_w_id=1;

SQL> insert into order_line values (1221, 3, 1, 1, 2, 1, '2026-07-02 16:03:41', 9, 16.250, 'profile-workload');

SQL> select i_price, i_name, i_data from item where i_id=2;
+------------------+------------------+------------------+
|          i_price |           i_name |           i_data |
+------------------+------------------+------------------+
|       376.125000 | MuXfgApP7KW0a... | 3Nb3DgfVu1KJp... |
+------------------+------------------+------------------+
Total record(s): 1

SQL> commit;

SQL> begin;

SQL> select c_discount, c_last, c_credit, w_tax from customer, warehouse where w_id=1 and c_w_id=w_id and c_d_id=1 and c_id=3;
+------------------+------------------+------------------+------------------+
|       c_discount |           c_last |         c_credit |            w_tax |
+------------------+------------------+------------------+------------------+
|         6.125000 |     BARRBARRABLE |               BC |         0.125000 |
+------------------+------------------+------------------+------------------+
Total record(s): 1

SQL> select d_next_o_id, d_tax from district where d_id=1 and d_w_id=1;
+------------------+------------------+
|      d_next_o_id |            d_tax |
+------------------+------------------+
|             2219 |         0.312500 |
+------------------+------------------+
Total record(s): 1

SQL> update district set d_next_o_id=2222 where d_id=1 and d_w_id=1;

SQL> insert into orders values (1222, 1, 1, 3, '2026-07-02 16:03:42', 0, 5, 1);

SQL> insert into new_orders values (1222, 1, 1);

SQL> select i_price, i_name, i_data from item where i_id=3;
+------------------+------------------+------------------+
|          i_price |           i_name |           i_data |
+------------------+------------------+------------------+
|       109.311996 | yis0W0gx0pikT... | UNL1LJukAZWN0... |
+------------------+------------------+------------------+
Total record(s): 1

SQL> select s_quantity, s_data, s_dist_01, s_dist_02, s_dist_03, s_dist_04, s_dist_05,s_dist_06, s_dist_07, s_dist_08, s_dist_09, s_dist_10 from stock where s_i_id=3 and s_w_id=1;
+------------------+------------------+------------------+------------------+------------------+------------------+------------------+------------------+------------------+------------------+------------------+------------------+
|       s_quantity |           s_data |        s_dist_01 |        s_dist_02 |        s_dist_03 |        s_dist_04 |        s_dist_05 |        s_dist_06 |        s_dist_07 |        s_dist_08 |        s_dist_09 |        s_dist_10 |
+------------------+------------------+------------------+------------------+------------------+------------------+------------------+------------------+------------------+------------------+------------------+------------------+
|               12 | SW90NeiRcp87f... | PVa7W5l3wRhUk... | sFfSRZQKBjMBa... | 9PDW05BnxMAjj... | WDsQYXpbbflDi... | hhr7RsyaiQF26... | HQZojb6uhrRNn... | s6MwvjHhKyTOl... | 9YGuFFjBiK9br... | Awmc5ENeXc9hp... | j50sXBi3QQyxf... |
+------------------+------------------+------------------+------------------+------------------+------------------+------------------+------------------+------------------+------------------+------------------+------------------+
Total record(s): 1

SQL> update stock set s_quantity=22 where s_i_id=3 and s_w_id=1;

SQL> insert into order_line values (1222, 1, 1, 1, 3, 1, '2026-07-02 16:03:42', 10, 19.375, 'profile-workload');

SQL> select i_price, i_name, i_data from item where i_id=3;
+------------------+------------------+------------------+
|          i_price |           i_name |           i_data |
+------------------+------------------+------------------+
|       109.311996 | yis0W0gx0pikT... | UNL1LJukAZWN0... |
+------------------+------------------+------------------+
Total record(s): 1

SQL> commit;

SQL> begin;

SQL> select c_discount, c_last, c_credit, w_tax from customer, warehouse where w_id=1 and c_w_id=w_id and c_d_id=2 and c_id=4;
+------------------+------------------+------------------+------------------+
|       c_discount |           c_last |         c_credit |            w_tax |
+------------------+------------------+------------------+------------------+
|         2.625000 |     BARRBARRPRII |               BC |         0.125000 |
+------------------+------------------+------------------+------------------+
Total record(s): 1

SQL> select d_next_o_id, d_tax from district where d_id=2 and d_w_id=1;
+------------------+------------------+
|      d_next_o_id |            d_tax |
+------------------+------------------+
|             2220 |         0.312500 |
+------------------+------------------+
Total record(s): 1

SQL> update district set d_next_o_id=2223 where d_id=2 and d_w_id=1;

SQL> insert into orders values (1223, 2, 1, 4, '2026-07-02 16:03:43', 0, 5, 1);

SQL> insert into new_orders values (1223, 2, 1);

SQL> select i_price, i_name, i_data from item where i_id=4;
+------------------+------------------+------------------+
|          i_price |           i_name |           i_data |
+------------------+------------------+------------------+
|       409.625000 | 2ICLCJkJNRA17... | zIA2Qe5D57pOo... |
+------------------+------------------+------------------+
Total record(s): 1

SQL> select s_quantity, s_data, s_dist_01, s_dist_02, s_dist_03, s_dist_04, s_dist_05,s_dist_06, s_dist_07, s_dist_08, s_dist_09, s_dist_10 from stock where s_i_id=4 and s_w_id=1;
+------------------+------------------+------------------+------------------+------------------+------------------+------------------+------------------+------------------+------------------+------------------+------------------+
|       s_quantity |           s_data |        s_dist_01 |        s_dist_02 |        s_dist_03 |        s_dist_04 |        s_dist_05 |        s_dist_06 |        s_dist_07 |        s_dist_08 |        s_dist_09 |        s_dist_10 |
+------------------+------------------+------------------+------------------+------------------+------------------+------------------+------------------+------------------+------------------+------------------+------------------+
|               13 | tNV47N74JTS0h... | KhHDzdMjFV9aK... | FnqtSeXHt27hk... | I98ThwMdZvqRj... | nd0R8CYmCzMIR... | P0unv0aqSuyqM... | TxV4RKJXjWvgb... | 9bwmjHTDXSMgE... | Dbnc8n5QaCQcV... | IC1stRVUGTQfP... | h3hqiiIdNCVgi... |
+------------------+------------------+------------------+------------------+------------------+------------------+------------------+------------------+------------------+------------------+------------------+------------------+
Total record(s): 1

SQL> update stock set s_quantity=23 where s_i_id=4 and s_w_id=1;

SQL> insert into order_line values (1223, 2, 1, 1, 4, 1, '2026-07-02 16:03:43', 11, 22.500, 'profile-workload');

SQL> select i_price, i_name, i_data from item where i_id=4;
+------------------+------------------+------------------+
|          i_price |           i_name |           i_data |
+------------------+------------------+------------------+
|       409.625000 | 2ICLCJkJNRA17... | zIA2Qe5D57pOo... |
+------------------+------------------+------------------+
Total record(s): 1

SQL> commit;

SQL> begin;

SQL> select c_discount, c_last, c_credit, w_tax from customer, warehouse where w_id=1 and c_w_id=w_id and c_d_id=3 and c_id=5;
+------------------+------------------+------------------+------------------+
|       c_discount |           c_last |         c_credit |            w_tax |
+------------------+------------------+------------------+------------------+
|        13.500000 |     BARRBARRPRES |               GC |         0.125000 |
+------------------+------------------+------------------+------------------+
Total record(s): 1

SQL> select d_next_o_id, d_tax from district where d_id=3 and d_w_id=1;
+------------------+------------------+
|      d_next_o_id |            d_tax |
+------------------+------------------+
|             2221 |         0.125000 |
+------------------+------------------+
Total record(s): 1

SQL> update district set d_next_o_id=2224 where d_id=3 and d_w_id=1;

SQL> insert into orders values (1224, 3, 1, 5, '2026-07-02 16:03:44', 0, 5, 1);

SQL> insert into new_orders values (1224, 3, 1);

SQL> select i_price, i_name, i_data from item where i_id=5;
+------------------+------------------+------------------+
|          i_price |           i_name |           i_data |
+------------------+------------------+------------------+
|       275.312012 | RZk5jvuYMBSuu... | E0i7Tq7lKSEXP... |
+------------------+------------------+------------------+
Total record(s): 1

SQL> select s_quantity, s_data, s_dist_01, s_dist_02, s_dist_03, s_dist_04, s_dist_05,s_dist_06, s_dist_07, s_dist_08, s_dist_09, s_dist_10 from stock where s_i_id=5 and s_w_id=1;
+------------------+------------------+------------------+------------------+------------------+------------------+------------------+------------------+------------------+------------------+------------------+------------------+
|       s_quantity |           s_data |        s_dist_01 |        s_dist_02 |        s_dist_03 |        s_dist_04 |        s_dist_05 |        s_dist_06 |        s_dist_07 |        s_dist_08 |        s_dist_09 |        s_dist_10 |
+------------------+------------------+------------------+------------------+------------------+------------------+------------------+------------------+------------------+------------------+------------------+------------------+
|               14 | QYFsfK67qSSgD... | EyhdR4M4INXc6... | 3Sh5C1zBCE369... | DAVOmriOquWjn... | st8NpeFRSxXqV... | pbI8Bu5iafeZi... | RqerpGCSIGjUk... | 1qfNqV5BGwDCX... | OxRydX1ZaUo5g... | Q2zzmel4OIYR1... | 4bPmuMOwkfNJh... |
+------------------+------------------+------------------+------------------+------------------+------------------+------------------+------------------+------------------+------------------+------------------+------------------+
Total record(s): 1

SQL> update stock set s_quantity=24 where s_i_id=5 and s_w_id=1;

SQL> insert into order_line values (1224, 3, 1, 1, 5, 1, '2026-07-02 16:03:44', 5, 25.625, 'profile-workload');

SQL> select i_price, i_name, i_data from item where i_id=5;
+------------------+------------------+------------------+
|          i_price |           i_name |           i_data |
+------------------+------------------+------------------+
|       275.312012 | RZk5jvuYMBSuu... | E0i7Tq7lKSEXP... |
+------------------+------------------+------------------+
Total record(s): 1

SQL> commit;

SQL> begin;

SQL> select c_discount, c_last, c_credit, w_tax from customer, warehouse where w_id=1 and c_w_id=w_id and c_d_id=1 and c_id=6;
+------------------+------------------+------------------+------------------+
|       c_discount |           c_last |         c_credit |            w_tax |
+------------------+------------------+------------------+------------------+
|        42.500000 |     BARRBARRESEE |               GC |         0.125000 |
+------------------+------------------+------------------+------------------+
Total record(s): 1

SQL> select d_next_o_id, d_tax from district where d_id=1 and d_w_id=1;
+------------------+------------------+
|      d_next_o_id |            d_tax |
+------------------+------------------+
|             2222 |         0.312500 |
+------------------+------------------+
Total record(s): 1

SQL> update district set d_next_o_id=2225 where d_id=1 and d_w_id=1;

SQL> insert into orders values (1225, 1, 1, 6, '2026-07-02 16:03:45', 0, 5, 1);

SQL> insert into new_orders values (1225, 1, 1);

SQL> select i_price, i_name, i_data from item where i_id=6;
+------------------+------------------+------------------+
|          i_price |           i_name |           i_data |
+------------------+------------------+------------------+
|       246.625000 | XtAQYtNGlLC4W... | 475hhQJ8nAwFl... |
+------------------+------------------+------------------+
Total record(s): 1

SQL> select s_quantity, s_data, s_dist_01, s_dist_02, s_dist_03, s_dist_04, s_dist_05,s_dist_06, s_dist_07, s_dist_08, s_dist_09, s_dist_10 from stock where s_i_id=6 and s_w_id=1;
+------------------+------------------+------------------+------------------+------------------+------------------+------------------+------------------+------------------+------------------+------------------+------------------+
|       s_quantity |           s_data |        s_dist_01 |        s_dist_02 |        s_dist_03 |        s_dist_04 |        s_dist_05 |        s_dist_06 |        s_dist_07 |        s_dist_08 |        s_dist_09 |        s_dist_10 |
+------------------+------------------+------------------+------------------+------------------+------------------+------------------+------------------+------------------+------------------+------------------+------------------+
|               15 | 50jyi1h54GEtG... | OiK6a8H0lcdcd... | bwDwD4rTKeogY... | Xl7GYWRXWgP4A... | PBVwrhpwmVg50... | jqmZw3n5jFQMf... | hkMdmhQFGYsCj... | oS4oJdUIVsMEn... | 2DiVDJPAjAJpW... | t8sFA3u5UUTXk... | BU2YsWQVdREKm... |
+------------------+------------------+------------------+------------------+------------------+------------------+------------------+------------------+------------------+------------------+------------------+------------------+
Total record(s): 1

SQL> update stock set s_quantity=25 where s_i_id=6 and s_w_id=1;

SQL> insert into order_line values (1225, 1, 1, 1, 6, 1, '2026-07-02 16:03:45', 6, 28.750, 'profile-workload');

SQL> select i_price, i_name, i_data from item where i_id=6;
+------------------+------------------+------------------+
|          i_price |           i_name |           i_data |
+------------------+------------------+------------------+
|       246.625000 | XtAQYtNGlLC4W... | 475hhQJ8nAwFl... |
+------------------+------------------+------------------+
Total record(s): 1

SQL> commit;

SQL> begin;

SQL> select c_discount, c_last, c_credit, w_tax from customer, warehouse where w_id=1 and c_w_id=w_id and c_d_id=2 and c_id=7;
+------------------+------------------+------------------+------------------+
|       c_discount |           c_last |         c_credit |            w_tax |
+------------------+------------------+------------------+------------------+
|         8.625000 |     BARRBARRANTI |               GC |         0.125000 |
+------------------+------------------+------------------+------------------+
Total record(s): 1

SQL> select d_next_o_id, d_tax from district where d_id=2 and d_w_id=1;
+------------------+------------------+
|      d_next_o_id |            d_tax |
+------------------+------------------+
|             2223 |         0.312500 |
+------------------+------------------+
Total record(s): 1

SQL> update district set d_next_o_id=2226 where d_id=2 and d_w_id=1;

SQL> insert into orders values (1226, 2, 1, 7, '2026-07-02 16:03:46', 0, 5, 1);

SQL> insert into new_orders values (1226, 2, 1);

SQL> select i_price, i_name, i_data from item where i_id=7;
+------------------+------------------+------------------+
|          i_price |           i_name |           i_data |
+------------------+------------------+------------------+
|       720.312012 | QxmrKt4r3jZpe... | y3Ck1ZIsrAEvk... |
+------------------+------------------+------------------+
Total record(s): 1

SQL> select s_quantity, s_data, s_dist_01, s_dist_02, s_dist_03, s_dist_04, s_dist_05,s_dist_06, s_dist_07, s_dist_08, s_dist_09, s_dist_10 from stock where s_i_id=7 and s_w_id=1;
+------------------+------------------+------------------+------------------+------------------+------------------+------------------+------------------+------------------+------------------+------------------+------------------+
|       s_quantity |           s_data |        s_dist_01 |        s_dist_02 |        s_dist_03 |        s_dist_04 |        s_dist_05 |        s_dist_06 |        s_dist_07 |        s_dist_08 |        s_dist_09 |        s_dist_10 |
+------------------+------------------+------------------+------------------+------------------+------------------+------------------+------------------+------------------+------------------+------------------+------------------+
|               16 | 6TR82uEe90nx2... | zTbRDg94LHvMI... | hEXvypWdr3sUU... | HLXzlRZuw4ouj... | gTve6RS4jkci1... | SDVkfUqhlRi4O... | L7RZjPChBdWkI... | Va5kfTINfkU6k... | KjPoqwTgzPznL... | sv13V8rlPIUIb... | 1J47hj0njnyZw... |
+------------------+------------------+------------------+------------------+------------------+------------------+------------------+------------------+------------------+------------------+------------------+------------------+
Total record(s): 1

SQL> update stock set s_quantity=26 where s_i_id=7 and s_w_id=1;

SQL> insert into order_line values (1226, 2, 1, 1, 7, 1, '2026-07-02 16:03:46', 7, 31.875, 'profile-workload');

SQL> select i_price, i_name, i_data from item where i_id=7;
+------------------+------------------+------------------+
|          i_price |           i_name |           i_data |
+------------------+------------------+------------------+
|       720.312012 | QxmrKt4r3jZpe... | y3Ck1ZIsrAEvk... |
+------------------+------------------+------------------+
Total record(s): 1

SQL> commit;

SQL> begin;

SQL> select c_discount, c_last, c_credit, w_tax from customer, warehouse where w_id=1 and c_w_id=w_id and c_d_id=3 and c_id=8;
+------------------+------------------+------------------+------------------+
|       c_discount |           c_last |         c_credit |            w_tax |
+------------------+------------------+------------------+------------------+
|         7.500000 |     BARRBARRCALL |               BC |         0.125000 |
+------------------+------------------+------------------+------------------+
Total record(s): 1

SQL> select d_next_o_id, d_tax from district where d_id=3 and d_w_id=1;
+------------------+------------------+
|      d_next_o_id |            d_tax |
+------------------+------------------+
|             2224 |         0.125000 |
+------------------+------------------+
Total record(s): 1

SQL> update district set d_next_o_id=2227 where d_id=3 and d_w_id=1;

SQL> insert into orders values (1227, 3, 1, 8, '2026-07-02 16:03:47', 0, 5, 1);

SQL> insert into new_orders values (1227, 3, 1);

SQL> select i_price, i_name, i_data from item where i_id=8;
+------------------+------------------+------------------+
|          i_price |           i_name |           i_data |
+------------------+------------------+------------------+
|       299.625000 | LwcuLY4knHB2t... | XbZktjH3bejfU... |
+------------------+------------------+------------------+
Total record(s): 1

SQL> select s_quantity, s_data, s_dist_01, s_dist_02, s_dist_03, s_dist_04, s_dist_05,s_dist_06, s_dist_07, s_dist_08, s_dist_09, s_dist_10 from stock where s_i_id=8 and s_w_id=1;
+------------------+------------------+------------------+------------------+------------------+------------------+------------------+------------------+------------------+------------------+------------------+------------------+
|       s_quantity |           s_data |        s_dist_01 |        s_dist_02 |        s_dist_03 |        s_dist_04 |        s_dist_05 |        s_dist_06 |        s_dist_07 |        s_dist_08 |        s_dist_09 |        s_dist_10 |
+------------------+------------------+------------------+------------------+------------------+------------------+------------------+------------------+------------------+------------------+------------------+------------------+
|               17 | fTXM32U4bVGkz... | avoOS1XdrV51l... | Z9neUMy58l07U... | RNxN3XmFO1BgJ... | VnepNUJvyuw0p... | 6Ag1fw0vNNJKl... | 5uvinGPCep6xe... | ZPxi7QYYnb1fV... | uxA4gBY6UmQkC... | OuEIv3mEhSatH... | vVSJVc8LyoFjs... |
+------------------+------------------+------------------+------------------+------------------+------------------+------------------+------------------+------------------+------------------+------------------+------------------+
Total record(s): 1

SQL> update stock set s_quantity=27 where s_i_id=8 and s_w_id=1;

SQL> insert into order_line values (1227, 3, 1, 1, 8, 1, '2026-07-02 16:03:47', 8, 35.000, 'profile-workload');

SQL> select i_price, i_name, i_data from item where i_id=8;
+------------------+------------------+------------------+
|          i_price |           i_name |           i_data |
+------------------+------------------+------------------+
|       299.625000 | LwcuLY4knHB2t... | XbZktjH3bejfU... |
+------------------+------------------+------------------+
Total record(s): 1

SQL> commit;

SQL> begin;

SQL> select c_discount, c_last, c_credit, w_tax from customer, warehouse where w_id=1 and c_w_id=w_id and c_d_id=1 and c_id=9;
+------------------+------------------+------------------+------------------+
|       c_discount |           c_last |         c_credit |            w_tax |
+------------------+------------------+------------------+------------------+
|        19.125000 |     BARRBARRATIO |               BC |         0.125000 |
+------------------+------------------+------------------+------------------+
Total record(s): 1

SQL> select d_next_o_id, d_tax from district where d_id=1 and d_w_id=1;
+------------------+------------------+
|      d_next_o_id |            d_tax |
+------------------+------------------+
|             2225 |         0.312500 |
+------------------+------------------+
Total record(s): 1

SQL> update district set d_next_o_id=2228 where d_id=1 and d_w_id=1;

SQL> insert into orders values (1228, 1, 1, 9, '2026-07-02 16:03:48', 0, 5, 1);

SQL> insert into new_orders values (1228, 1, 1);

SQL> select i_price, i_name, i_data from item where i_id=9;
+------------------+------------------+------------------+
|          i_price |           i_name |           i_data |
+------------------+------------------+------------------+
|       399.250000 | Uc9L7VYwDlNMH... | SZr0MmdvXoiJp... |
+------------------+------------------+------------------+
Total record(s): 1

SQL> select s_quantity, s_data, s_dist_01, s_dist_02, s_dist_03, s_dist_04, s_dist_05,s_dist_06, s_dist_07, s_dist_08, s_dist_09, s_dist_10 from stock where s_i_id=9 and s_w_id=1;
+------------------+------------------+------------------+------------------+------------------+------------------+------------------+------------------+------------------+------------------+------------------+------------------+
|       s_quantity |           s_data |        s_dist_01 |        s_dist_02 |        s_dist_03 |        s_dist_04 |        s_dist_05 |        s_dist_06 |        s_dist_07 |        s_dist_08 |        s_dist_09 |        s_dist_10 |
+------------------+------------------+------------------+------------------+------------------+------------------+------------------+------------------+------------------+------------------+------------------+------------------+
|               18 | doNfCZ41KD2bA... | YRgh8eIxiFTCf... | urPDGs5lOGRj1... | ndEJXpGXq2Yoo... | TE1gnwxbFgZy3... | S4NfC74qIDvrr... | ZOTOXZq8RwlHX... | T97qM204iWLJs... | 1LPnk4ibiCEMd... | 8j8SPj1oyFkvs... | Oa5enU4CjO0KW... |
+------------------+------------------+------------------+------------------+------------------+------------------+------------------+------------------+------------------+------------------+------------------+------------------+
Total record(s): 1

SQL> update stock set s_quantity=28 where s_i_id=9 and s_w_id=1;

SQL> insert into order_line values (1228, 1, 1, 1, 9, 1, '2026-07-02 16:03:48', 9, 38.125, 'profile-workload');

SQL> select i_price, i_name, i_data from item where i_id=9;
+------------------+------------------+------------------+
|          i_price |           i_name |           i_data |
+------------------+------------------+------------------+
|       399.250000 | Uc9L7VYwDlNMH... | SZr0MmdvXoiJp... |
+------------------+------------------+------------------+
Total record(s): 1

SQL> commit;

SQL> begin;

SQL> select c_discount, c_last, c_credit, w_tax from customer, warehouse where w_id=1 and c_w_id=w_id and c_d_id=2 and c_id=10;
+------------------+------------------+------------------+------------------+
|       c_discount |           c_last |         c_credit |            w_tax |
+------------------+------------------+------------------+------------------+
|        33.312500 |     BARRBARREING |               GC |         0.125000 |
+------------------+------------------+------------------+------------------+
Total record(s): 1

SQL> select d_next_o_id, d_tax from district where d_id=2 and d_w_id=1;
+------------------+------------------+
|      d_next_o_id |            d_tax |
+------------------+------------------+
|             2226 |         0.312500 |
+------------------+------------------+
Total record(s): 1

SQL> update district set d_next_o_id=2229 where d_id=2 and d_w_id=1;

SQL> insert into orders values (1229, 2, 1, 10, '2026-07-02 16:03:49', 0, 5, 1);

SQL> insert into new_orders values (1229, 2, 1);

SQL> select i_price, i_name, i_data from item where i_id=10;
+------------------+------------------+------------------+
|          i_price |           i_name |           i_data |
+------------------+------------------+------------------+
|       309.625000 | GE4lpUDt340SQ... | afXPChY5c62yi... |
+------------------+------------------+------------------+
Total record(s): 1

SQL> select s_quantity, s_data, s_dist_01, s_dist_02, s_dist_03, s_dist_04, s_dist_05,s_dist_06, s_dist_07, s_dist_08, s_dist_09, s_dist_10 from stock where s_i_id=10 and s_w_id=1;
+------------------+------------------+------------------+------------------+------------------+------------------+------------------+------------------+------------------+------------------+------------------+------------------+
|       s_quantity |           s_data |        s_dist_01 |        s_dist_02 |        s_dist_03 |        s_dist_04 |        s_dist_05 |        s_dist_06 |        s_dist_07 |        s_dist_08 |        s_dist_09 |        s_dist_10 |
+------------------+------------------+------------------+------------------+------------------+------------------+------------------+------------------+------------------+------------------+------------------+------------------+
|               19 | gXrIBzRLX1Hrc... | eKrLB8TVHiI44... | ouIyEmeGRGi0o... | c4bwuOWiQjEoV... | Ef2IURhPGXHIb... | thXVk6wG5UMjA... | FaPc4hXpwRqJc... | PPaIGfQ7UgCiR... | B4mpk7r1Oy6Q9... | YctHbb8gqgNVL... | tahmqTg8YteQa... |
+------------------+------------------+------------------+------------------+------------------+------------------+------------------+------------------+------------------+------------------+------------------+------------------+
Total record(s): 1

SQL> update stock set s_quantity=29 where s_i_id=10 and s_w_id=1;

SQL> insert into order_line values (1229, 2, 1, 1, 10, 1, '2026-07-02 16:03:49', 10, 41.250, 'profile-workload');

SQL> select i_price, i_name, i_data from item where i_id=10;
+------------------+------------------+------------------+
|          i_price |           i_name |           i_data |
+------------------+------------------+------------------+
|       309.625000 | GE4lpUDt340SQ... | afXPChY5c62yi... |
+------------------+------------------+------------------+
Total record(s): 1

SQL> commit;

SQL> begin;

SQL> select c_discount, c_last, c_credit, w_tax from customer, warehouse where w_id=1 and c_w_id=w_id and c_d_id=3 and c_id=1;
+------------------+------------------+------------------+------------------+
|       c_discount |           c_last |         c_credit |            w_tax |
+------------------+------------------+------------------+------------------+
|        35.312500 |     BARRBARRBARR |               GC |         0.125000 |
+------------------+------------------+------------------+------------------+
Total record(s): 1

SQL> select d_next_o_id, d_tax from district where d_id=3 and d_w_id=1;
+------------------+------------------+
|      d_next_o_id |            d_tax |
+------------------+------------------+
|             2227 |         0.125000 |
+------------------+------------------+
Total record(s): 1

SQL> update district set d_next_o_id=2230 where d_id=3 and d_w_id=1;

SQL> insert into orders values (1230, 3, 1, 1, '2026-07-02 16:03:50', 0, 5, 1);

SQL> insert into new_orders values (1230, 3, 1);

SQL> select i_price, i_name, i_data from item where i_id=1;
+------------------+------------------+------------------+
|          i_price |           i_name |           i_data |
+------------------+------------------+------------------+
|       387.500000 | em5qY0xbhf7jT... | ODk5NNaYinHCt... |
+------------------+------------------+------------------+
Total record(s): 1

SQL> select s_quantity, s_data, s_dist_01, s_dist_02, s_dist_03, s_dist_04, s_dist_05,s_dist_06, s_dist_07, s_dist_08, s_dist_09, s_dist_10 from stock where s_i_id=1 and s_w_id=1;
+------------------+------------------+------------------+------------------+------------------+------------------+------------------+------------------+------------------+------------------+------------------+------------------+
|       s_quantity |           s_data |        s_dist_01 |        s_dist_02 |        s_dist_03 |        s_dist_04 |        s_dist_05 |        s_dist_06 |        s_dist_07 |        s_dist_08 |        s_dist_09 |        s_dist_10 |
+------------------+------------------+------------------+------------------+------------------+------------------+------------------+------------------+------------------+------------------+------------------+------------------+
|               20 | EX7cPdLs2h5Cu... | BjeZBWGUE2RK9... | Giu0QtJbzMqDz... | x5qwcB5RFQ0PJ... | zBTPV7ZCAdkhp... | QLd5BxVOSe5EO... | L1UjatGc7rn5I... | 4cCGnVcADQNSR... | uwojesfvwKbKk... | 4N8CE0EbYc27l... | jD8imXof2fu84... |
+------------------+------------------+------------------+------------------+------------------+------------------+------------------+------------------+------------------+------------------+------------------+------------------+
Total record(s): 1

SQL> update stock set s_quantity=30 where s_i_id=1 and s_w_id=1;

SQL> insert into order_line values (1230, 3, 1, 1, 1, 1, '2026-07-02 16:03:50', 11, 13.125, 'profile-workload');

SQL> select i_price, i_name, i_data from item where i_id=1;
+------------------+------------------+------------------+
|          i_price |           i_name |           i_data |
+------------------+------------------+------------------+
|       387.500000 | em5qY0xbhf7jT... | ODk5NNaYinHCt... |
+------------------+------------------+------------------+
Total record(s): 1

SQL> commit;

SQL> begin;

SQL> select c_discount, c_last, c_credit, w_tax from customer, warehouse where w_id=1 and c_w_id=w_id and c_d_id=1 and c_id=2;
+------------------+------------------+------------------+------------------+
|       c_discount |           c_last |         c_credit |            w_tax |
+------------------+------------------+------------------+------------------+
|         8.625000 |     BARRBARROUGH |               GC |         0.125000 |
+------------------+------------------+------------------+------------------+
Total record(s): 1

SQL> select d_next_o_id, d_tax from district where d_id=1 and d_w_id=1;
+------------------+------------------+
|      d_next_o_id |            d_tax |
+------------------+------------------+
|             2228 |         0.312500 |
+------------------+------------------+
Total record(s): 1

SQL> update district set d_next_o_id=2231 where d_id=1 and d_w_id=1;

SQL> insert into orders values (1231, 1, 1, 2, '2026-07-02 16:03:51', 0, 5, 1);

SQL> insert into new_orders values (1231, 1, 1);

SQL> select i_price, i_name, i_data from item where i_id=2;
+------------------+------------------+------------------+
|          i_price |           i_name |           i_data |
+------------------+------------------+------------------+
|       376.125000 | MuXfgApP7KW0a... | 3Nb3DgfVu1KJp... |
+------------------+------------------+------------------+
Total record(s): 1

SQL> select s_quantity, s_data, s_dist_01, s_dist_02, s_dist_03, s_dist_04, s_dist_05,s_dist_06, s_dist_07, s_dist_08, s_dist_09, s_dist_10 from stock where s_i_id=2 and s_w_id=1;
+------------------+------------------+------------------+------------------+------------------+------------------+------------------+------------------+------------------+------------------+------------------+------------------+
|       s_quantity |           s_data |        s_dist_01 |        s_dist_02 |        s_dist_03 |        s_dist_04 |        s_dist_05 |        s_dist_06 |        s_dist_07 |        s_dist_08 |        s_dist_09 |        s_dist_10 |
+------------------+------------------+------------------+------------------+------------------+------------------+------------------+------------------+------------------+------------------+------------------+------------------+
|               21 | djOd4utkRfPov... | m5mzVzbMevZr0... | AcexKPCSIqIkI... | dtJHr8L1DGHhZ... | Q4qTTAxg8vItA... | mRVxHKkLJsGt5... | WY35fxzCEpf7J... | NudamqsKcBceN... | t6IWnrmkFgBcF... | 2QcCCffEf0CT8... | X1e603kIsyKdi... |
+------------------+------------------+------------------+------------------+------------------+------------------+------------------+------------------+------------------+------------------+------------------+------------------+
Total record(s): 1

SQL> update stock set s_quantity=31 where s_i_id=2 and s_w_id=1;

SQL> insert into order_line values (1231, 1, 1, 1, 2, 1, '2026-07-02 16:03:51', 5, 16.250, 'profile-workload');

SQL> select i_price, i_name, i_data from item where i_id=2;
+------------------+------------------+------------------+
|          i_price |           i_name |           i_data |
+------------------+------------------+------------------+
|       376.125000 | MuXfgApP7KW0a... | 3Nb3DgfVu1KJp... |
+------------------+------------------+------------------+
Total record(s): 1

SQL> commit;

SQL> begin;

SQL> select c_discount, c_last, c_credit, w_tax from customer, warehouse where w_id=1 and c_w_id=w_id and c_d_id=2 and c_id=3;
+------------------+------------------+------------------+------------------+
|       c_discount |           c_last |         c_credit |            w_tax |
+------------------+------------------+------------------+------------------+
|        47.125000 |     BARRBARRABLE |               BC |         0.125000 |
+------------------+------------------+------------------+------------------+
Total record(s): 1

SQL> select d_next_o_id, d_tax from district where d_id=2 and d_w_id=1;
+------------------+------------------+
|      d_next_o_id |            d_tax |
+------------------+------------------+
|             2229 |         0.312500 |
+------------------+------------------+
Total record(s): 1

SQL> update district set d_next_o_id=2232 where d_id=2 and d_w_id=1;

SQL> insert into orders values (1232, 2, 1, 3, '2026-07-02 16:03:52', 0, 5, 1);

SQL> insert into new_orders values (1232, 2, 1);

SQL> select i_price, i_name, i_data from item where i_id=3;
+------------------+------------------+------------------+
|          i_price |           i_name |           i_data |
+------------------+------------------+------------------+
|       109.311996 | yis0W0gx0pikT... | UNL1LJukAZWN0... |
+------------------+------------------+------------------+
Total record(s): 1

SQL> select s_quantity, s_data, s_dist_01, s_dist_02, s_dist_03, s_dist_04, s_dist_05,s_dist_06, s_dist_07, s_dist_08, s_dist_09, s_dist_10 from stock where s_i_id=3 and s_w_id=1;
+------------------+------------------+------------------+------------------+------------------+------------------+------------------+------------------+------------------+------------------+------------------+------------------+
|       s_quantity |           s_data |        s_dist_01 |        s_dist_02 |        s_dist_03 |        s_dist_04 |        s_dist_05 |        s_dist_06 |        s_dist_07 |        s_dist_08 |        s_dist_09 |        s_dist_10 |
+------------------+------------------+------------------+------------------+------------------+------------------+------------------+------------------+------------------+------------------+------------------+------------------+
|               22 | SW90NeiRcp87f... | PVa7W5l3wRhUk... | sFfSRZQKBjMBa... | 9PDW05BnxMAjj... | WDsQYXpbbflDi... | hhr7RsyaiQF26... | HQZojb6uhrRNn... | s6MwvjHhKyTOl... | 9YGuFFjBiK9br... | Awmc5ENeXc9hp... | j50sXBi3QQyxf... |
+------------------+------------------+------------------+------------------+------------------+------------------+------------------+------------------+------------------+------------------+------------------+------------------+
Total record(s): 1

SQL> update stock set s_quantity=32 where s_i_id=3 and s_w_id=1;

SQL> insert into order_line values (1232, 2, 1, 1, 3, 1, '2026-07-02 16:03:52', 6, 19.375, 'profile-workload');

SQL> select i_price, i_name, i_data from item where i_id=3;
+------------------+------------------+------------------+
|          i_price |           i_name |           i_data |
+------------------+------------------+------------------+
|       109.311996 | yis0W0gx0pikT... | UNL1LJukAZWN0... |
+------------------+------------------+------------------+
Total record(s): 1

SQL> commit;

SQL> begin;

SQL> select c_discount, c_last, c_credit, w_tax from customer, warehouse where w_id=1 and c_w_id=w_id and c_d_id=3 and c_id=4;
+------------------+------------------+------------------+------------------+
|       c_discount |           c_last |         c_credit |            w_tax |
+------------------+------------------+------------------+------------------+
|        26.125000 |     BARRBARRPRII |               BC |         0.125000 |
+------------------+------------------+------------------+------------------+
Total record(s): 1

SQL> select d_next_o_id, d_tax from district where d_id=3 and d_w_id=1;
+------------------+------------------+
|      d_next_o_id |            d_tax |
+------------------+------------------+
|             2230 |         0.125000 |
+------------------+------------------+
Total record(s): 1

SQL> update district set d_next_o_id=2233 where d_id=3 and d_w_id=1;

SQL> insert into orders values (1233, 3, 1, 4, '2026-07-02 16:03:53', 0, 5, 1);

SQL> insert into new_orders values (1233, 3, 1);

SQL> select i_price, i_name, i_data from item where i_id=4;
+------------------+------------------+------------------+
|          i_price |           i_name |           i_data |
+------------------+------------------+------------------+
|       409.625000 | 2ICLCJkJNRA17... | zIA2Qe5D57pOo... |
+------------------+------------------+------------------+
Total record(s): 1

SQL> select s_quantity, s_data, s_dist_01, s_dist_02, s_dist_03, s_dist_04, s_dist_05,s_dist_06, s_dist_07, s_dist_08, s_dist_09, s_dist_10 from stock where s_i_id=4 and s_w_id=1;
+------------------+------------------+------------------+------------------+------------------+------------------+------------------+------------------+------------------+------------------+------------------+------------------+
|       s_quantity |           s_data |        s_dist_01 |        s_dist_02 |        s_dist_03 |        s_dist_04 |        s_dist_05 |        s_dist_06 |        s_dist_07 |        s_dist_08 |        s_dist_09 |        s_dist_10 |
+------------------+------------------+------------------+------------------+------------------+------------------+------------------+------------------+------------------+------------------+------------------+------------------+
|               23 | tNV47N74JTS0h... | KhHDzdMjFV9aK... | FnqtSeXHt27hk... | I98ThwMdZvqRj... | nd0R8CYmCzMIR... | P0unv0aqSuyqM... | TxV4RKJXjWvgb... | 9bwmjHTDXSMgE... | Dbnc8n5QaCQcV... | IC1stRVUGTQfP... | h3hqiiIdNCVgi... |
+------------------+------------------+------------------+------------------+------------------+------------------+------------------+------------------+------------------+------------------+------------------+------------------+
Total record(s): 1

SQL> update stock set s_quantity=33 where s_i_id=4 and s_w_id=1;

SQL> insert into order_line values (1233, 3, 1, 1, 4, 1, '2026-07-02 16:03:53', 7, 22.500, 'profile-workload');

SQL> select i_price, i_name, i_data from item where i_id=4;
+------------------+------------------+------------------+
|          i_price |           i_name |           i_data |
+------------------+------------------+------------------+
|       409.625000 | 2ICLCJkJNRA17... | zIA2Qe5D57pOo... |
+------------------+------------------+------------------+
Total record(s): 1

SQL> commit;

SQL> begin;

SQL> select c_discount, c_last, c_credit, w_tax from customer, warehouse where w_id=1 and c_w_id=w_id and c_d_id=1 and c_id=5;
+------------------+------------------+------------------+------------------+
|       c_discount |           c_last |         c_credit |            w_tax |
+------------------+------------------+------------------+------------------+
|        24.625000 |     BARRBARRPRES |               GC |         0.125000 |
+------------------+------------------+------------------+------------------+
Total record(s): 1

SQL> select d_next_o_id, d_tax from district where d_id=1 and d_w_id=1;
+------------------+------------------+
|      d_next_o_id |            d_tax |
+------------------+------------------+
|             2231 |         0.312500 |
+------------------+------------------+
Total record(s): 1

SQL> update district set d_next_o_id=2234 where d_id=1 and d_w_id=1;

SQL> insert into orders values (1234, 1, 1, 5, '2026-07-02 16:03:54', 0, 5, 1);

SQL> insert into new_orders values (1234, 1, 1);

SQL> select i_price, i_name, i_data from item where i_id=5;
+------------------+------------------+------------------+
|          i_price |           i_name |           i_data |
+------------------+------------------+------------------+
|       275.312012 | RZk5jvuYMBSuu... | E0i7Tq7lKSEXP... |
+------------------+------------------+------------------+
Total record(s): 1

SQL> select s_quantity, s_data, s_dist_01, s_dist_02, s_dist_03, s_dist_04, s_dist_05,s_dist_06, s_dist_07, s_dist_08, s_dist_09, s_dist_10 from stock where s_i_id=5 and s_w_id=1;
+------------------+------------------+------------------+------------------+------------------+------------------+------------------+------------------+------------------+------------------+------------------+------------------+
|       s_quantity |           s_data |        s_dist_01 |        s_dist_02 |        s_dist_03 |        s_dist_04 |        s_dist_05 |        s_dist_06 |        s_dist_07 |        s_dist_08 |        s_dist_09 |        s_dist_10 |
+------------------+------------------+------------------+------------------+------------------+------------------+------------------+------------------+------------------+------------------+------------------+------------------+
|               24 | QYFsfK67qSSgD... | EyhdR4M4INXc6... | 3Sh5C1zBCE369... | DAVOmriOquWjn... | st8NpeFRSxXqV... | pbI8Bu5iafeZi... | RqerpGCSIGjUk... | 1qfNqV5BGwDCX... | OxRydX1ZaUo5g... | Q2zzmel4OIYR1... | 4bPmuMOwkfNJh... |
+------------------+------------------+------------------+------------------+------------------+------------------+------------------+------------------+------------------+------------------+------------------+------------------+
Total record(s): 1

SQL> update stock set s_quantity=34 where s_i_id=5 and s_w_id=1;

SQL> insert into order_line values (1234, 1, 1, 1, 5, 1, '2026-07-02 16:03:54', 8, 25.625, 'profile-workload');

SQL> select i_price, i_name, i_data from item where i_id=5;
+------------------+------------------+------------------+
|          i_price |           i_name |           i_data |
+------------------+------------------+------------------+
|       275.312012 | RZk5jvuYMBSuu... | E0i7Tq7lKSEXP... |
+------------------+------------------+------------------+
Total record(s): 1

SQL> commit;

SQL> begin;

SQL> select c_discount, c_last, c_credit, w_tax from customer, warehouse where w_id=1 and c_w_id=w_id and c_d_id=2 and c_id=6;
+------------------+------------------+------------------+------------------+
|       c_discount |           c_last |         c_credit |            w_tax |
+------------------+------------------+------------------+------------------+
|        19.500000 |     BARRBARRESEE |               BC |         0.125000 |
+------------------+------------------+------------------+------------------+
Total record(s): 1

SQL> select d_next_o_id, d_tax from district where d_id=2 and d_w_id=1;
+------------------+------------------+
|      d_next_o_id |            d_tax |
+------------------+------------------+
|             2232 |         0.312500 |
+------------------+------------------+
Total record(s): 1

SQL> update district set d_next_o_id=2235 where d_id=2 and d_w_id=1;

SQL> insert into orders values (1235, 2, 1, 6, '2026-07-02 16:03:55', 0, 5, 1);

SQL> insert into new_orders values (1235, 2, 1);

SQL> select i_price, i_name, i_data from item where i_id=6;
+------------------+------------------+------------------+
|          i_price |           i_name |           i_data |
+------------------+------------------+------------------+
|       246.625000 | XtAQYtNGlLC4W... | 475hhQJ8nAwFl... |
+------------------+------------------+------------------+
Total record(s): 1

SQL> select s_quantity, s_data, s_dist_01, s_dist_02, s_dist_03, s_dist_04, s_dist_05,s_dist_06, s_dist_07, s_dist_08, s_dist_09, s_dist_10 from stock where s_i_id=6 and s_w_id=1;
+------------------+------------------+------------------+------------------+------------------+------------------+------------------+------------------+------------------+------------------+------------------+------------------+
|       s_quantity |           s_data |        s_dist_01 |        s_dist_02 |        s_dist_03 |        s_dist_04 |        s_dist_05 |        s_dist_06 |        s_dist_07 |        s_dist_08 |        s_dist_09 |        s_dist_10 |
+------------------+------------------+------------------+------------------+------------------+------------------+------------------+------------------+------------------+------------------+------------------+------------------+
|               25 | 50jyi1h54GEtG... | OiK6a8H0lcdcd... | bwDwD4rTKeogY... | Xl7GYWRXWgP4A... | PBVwrhpwmVg50... | jqmZw3n5jFQMf... | hkMdmhQFGYsCj... | oS4oJdUIVsMEn... | 2DiVDJPAjAJpW... | t8sFA3u5UUTXk... | BU2YsWQVdREKm... |
+------------------+------------------+------------------+------------------+------------------+------------------+------------------+------------------+------------------+------------------+------------------+------------------+
Total record(s): 1

SQL> update stock set s_quantity=35 where s_i_id=6 and s_w_id=1;

SQL> insert into order_line values (1235, 2, 1, 1, 6, 1, '2026-07-02 16:03:55', 9, 28.750, 'profile-workload');

SQL> select i_price, i_name, i_data from item where i_id=6;
+------------------+------------------+------------------+
|          i_price |           i_name |           i_data |
+------------------+------------------+------------------+
|       246.625000 | XtAQYtNGlLC4W... | 475hhQJ8nAwFl... |
+------------------+------------------+------------------+
Total record(s): 1

SQL> commit;

SQL> begin;

SQL> select c_discount, c_last, c_credit, w_tax from customer, warehouse where w_id=1 and c_w_id=w_id and c_d_id=3 and c_id=7;
+------------------+------------------+------------------+------------------+
|       c_discount |           c_last |         c_credit |            w_tax |
+------------------+------------------+------------------+------------------+
|         3.312500 |     BARRBARRANTI |               BC |         0.125000 |
+------------------+------------------+------------------+------------------+
Total record(s): 1

SQL> select d_next_o_id, d_tax from district where d_id=3 and d_w_id=1;
+------------------+------------------+
|      d_next_o_id |            d_tax |
+------------------+------------------+
|             2233 |         0.125000 |
+------------------+------------------+
Total record(s): 1

SQL> update district set d_next_o_id=2236 where d_id=3 and d_w_id=1;

SQL> insert into orders values (1236, 3, 1, 7, '2026-07-02 16:03:56', 0, 5, 1);

SQL> insert into new_orders values (1236, 3, 1);

SQL> select i_price, i_name, i_data from item where i_id=7;
+------------------+------------------+------------------+
|          i_price |           i_name |           i_data |
+------------------+------------------+------------------+
|       720.312012 | QxmrKt4r3jZpe... | y3Ck1ZIsrAEvk... |
+------------------+------------------+------------------+
Total record(s): 1

SQL> select s_quantity, s_data, s_dist_01, s_dist_02, s_dist_03, s_dist_04, s_dist_05,s_dist_06, s_dist_07, s_dist_08, s_dist_09, s_dist_10 from stock where s_i_id=7 and s_w_id=1;
+------------------+------------------+------------------+------------------+------------------+------------------+------------------+------------------+------------------+------------------+------------------+------------------+
|       s_quantity |           s_data |        s_dist_01 |        s_dist_02 |        s_dist_03 |        s_dist_04 |        s_dist_05 |        s_dist_06 |        s_dist_07 |        s_dist_08 |        s_dist_09 |        s_dist_10 |
+------------------+------------------+------------------+------------------+------------------+------------------+------------------+------------------+------------------+------------------+------------------+------------------+
|               26 | 6TR82uEe90nx2... | zTbRDg94LHvMI... | hEXvypWdr3sUU... | HLXzlRZuw4ouj... | gTve6RS4jkci1... | SDVkfUqhlRi4O... | L7RZjPChBdWkI... | Va5kfTINfkU6k... | KjPoqwTgzPznL... | sv13V8rlPIUIb... | 1J47hj0njnyZw... |
+------------------+------------------+------------------+------------------+------------------+------------------+------------------+------------------+------------------+------------------+------------------+------------------+
Total record(s): 1

SQL> update stock set s_quantity=36 where s_i_id=7 and s_w_id=1;

SQL> insert into order_line values (1236, 3, 1, 1, 7, 1, '2026-07-02 16:03:56', 10, 31.875, 'profile-workload');

SQL> select i_price, i_name, i_data from item where i_id=7;
+------------------+------------------+------------------+
|          i_price |           i_name |           i_data |
+------------------+------------------+------------------+
|       720.312012 | QxmrKt4r3jZpe... | y3Ck1ZIsrAEvk... |
+------------------+------------------+------------------+
Total record(s): 1

SQL> commit;

SQL> begin;

SQL> select c_discount, c_last, c_credit, w_tax from customer, warehouse where w_id=1 and c_w_id=w_id and c_d_id=1 and c_id=8;
+------------------+------------------+------------------+------------------+
|       c_discount |           c_last |         c_credit |            w_tax |
+------------------+------------------+------------------+------------------+
|        30.625000 |     BARRBARRCALL |               BC |         0.125000 |
+------------------+------------------+------------------+------------------+
Total record(s): 1

SQL> select d_next_o_id, d_tax from district where d_id=1 and d_w_id=1;
+------------------+------------------+
|      d_next_o_id |            d_tax |
+------------------+------------------+
|             2234 |         0.312500 |
+------------------+------------------+
Total record(s): 1

SQL> update district set d_next_o_id=2237 where d_id=1 and d_w_id=1;

SQL> insert into orders values (1237, 1, 1, 8, '2026-07-02 16:03:57', 0, 5, 1);

SQL> insert into new_orders values (1237, 1, 1);

SQL> select i_price, i_name, i_data from item where i_id=8;
+------------------+------------------+------------------+
|          i_price |           i_name |           i_data |
+------------------+------------------+------------------+
|       299.625000 | LwcuLY4knHB2t... | XbZktjH3bejfU... |
+------------------+------------------+------------------+
Total record(s): 1

SQL> select s_quantity, s_data, s_dist_01, s_dist_02, s_dist_03, s_dist_04, s_dist_05,s_dist_06, s_dist_07, s_dist_08, s_dist_09, s_dist_10 from stock where s_i_id=8 and s_w_id=1;
+------------------+------------------+------------------+------------------+------------------+------------------+------------------+------------------+------------------+------------------+------------------+------------------+
|       s_quantity |           s_data |        s_dist_01 |        s_dist_02 |        s_dist_03 |        s_dist_04 |        s_dist_05 |        s_dist_06 |        s_dist_07 |        s_dist_08 |        s_dist_09 |        s_dist_10 |
+------------------+------------------+------------------+------------------+------------------+------------------+------------------+------------------+------------------+------------------+------------------+------------------+
|               27 | fTXM32U4bVGkz... | avoOS1XdrV51l... | Z9neUMy58l07U... | RNxN3XmFO1BgJ... | VnepNUJvyuw0p... | 6Ag1fw0vNNJKl... | 5uvinGPCep6xe... | ZPxi7QYYnb1fV... | uxA4gBY6UmQkC... | OuEIv3mEhSatH... | vVSJVc8LyoFjs... |
+------------------+------------------+------------------+------------------+------------------+------------------+------------------+------------------+------------------+------------------+------------------+------------------+
Total record(s): 1

SQL> update stock set s_quantity=37 where s_i_id=8 and s_w_id=1;

SQL> insert into order_line values (1237, 1, 1, 1, 8, 1, '2026-07-02 16:03:57', 11, 35.000, 'profile-workload');

SQL> select i_price, i_name, i_data from item where i_id=8;
+------------------+------------------+------------------+
|          i_price |           i_name |           i_data |
+------------------+------------------+------------------+
|       299.625000 | LwcuLY4knHB2t... | XbZktjH3bejfU... |
+------------------+------------------+------------------+
Total record(s): 1

SQL> commit;

SQL> begin;

SQL> select c_discount, c_last, c_credit, w_tax from customer, warehouse where w_id=1 and c_w_id=w_id and c_d_id=2 and c_id=9;
+------------------+------------------+------------------+------------------+
|       c_discount |           c_last |         c_credit |            w_tax |
+------------------+------------------+------------------+------------------+
|        37.500000 |     BARRBARRATIO |               GC |         0.125000 |
+------------------+------------------+------------------+------------------+
Total record(s): 1

SQL> select d_next_o_id, d_tax from district where d_id=2 and d_w_id=1;
+------------------+------------------+
|      d_next_o_id |            d_tax |
+------------------+------------------+
|             2235 |         0.312500 |
+------------------+------------------+
Total record(s): 1

SQL> update district set d_next_o_id=2238 where d_id=2 and d_w_id=1;

SQL> insert into orders values (1238, 2, 1, 9, '2026-07-02 16:03:58', 0, 5, 1);

SQL> insert into new_orders values (1238, 2, 1);

SQL> select i_price, i_name, i_data from item where i_id=9;
+------------------+------------------+------------------+
|          i_price |           i_name |           i_data |
+------------------+------------------+------------------+
|       399.250000 | Uc9L7VYwDlNMH... | SZr0MmdvXoiJp... |
+------------------+------------------+------------------+
Total record(s): 1

SQL> select s_quantity, s_data, s_dist_01, s_dist_02, s_dist_03, s_dist_04, s_dist_05,s_dist_06, s_dist_07, s_dist_08, s_dist_09, s_dist_10 from stock where s_i_id=9 and s_w_id=1;
+------------------+------------------+------------------+------------------+------------------+------------------+------------------+------------------+------------------+------------------+------------------+------------------+
|       s_quantity |           s_data |        s_dist_01 |        s_dist_02 |        s_dist_03 |        s_dist_04 |        s_dist_05 |        s_dist_06 |        s_dist_07 |        s_dist_08 |        s_dist_09 |        s_dist_10 |
+------------------+------------------+------------------+------------------+------------------+------------------+------------------+------------------+------------------+------------------+------------------+------------------+
|               28 | doNfCZ41KD2bA... | YRgh8eIxiFTCf... | urPDGs5lOGRj1... | ndEJXpGXq2Yoo... | TE1gnwxbFgZy3... | S4NfC74qIDvrr... | ZOTOXZq8RwlHX... | T97qM204iWLJs... | 1LPnk4ibiCEMd... | 8j8SPj1oyFkvs... | Oa5enU4CjO0KW... |
+------------------+------------------+------------------+------------------+------------------+------------------+------------------+------------------+------------------+------------------+------------------+------------------+
Total record(s): 1

SQL> update stock set s_quantity=38 where s_i_id=9 and s_w_id=1;

SQL> insert into order_line values (1238, 2, 1, 1, 9, 1, '2026-07-02 16:03:58', 5, 38.125, 'profile-workload');

SQL> select i_price, i_name, i_data from item where i_id=9;
+------------------+------------------+------------------+
|          i_price |           i_name |           i_data |
+------------------+------------------+------------------+
|       399.250000 | Uc9L7VYwDlNMH... | SZr0MmdvXoiJp... |
+------------------+------------------+------------------+
Total record(s): 1

SQL> commit;

SQL> begin;

SQL> select c_discount, c_last, c_credit, w_tax from customer, warehouse where w_id=1 and c_w_id=w_id and c_d_id=3 and c_id=10;
+------------------+------------------+------------------+------------------+
|       c_discount |           c_last |         c_credit |            w_tax |
+------------------+------------------+------------------+------------------+
|        29.625000 |     BARRBARREING |               GC |         0.125000 |
+------------------+------------------+------------------+------------------+
Total record(s): 1

SQL> select d_next_o_id, d_tax from district where d_id=3 and d_w_id=1;
+------------------+------------------+
|      d_next_o_id |            d_tax |
+------------------+------------------+
|             2236 |         0.125000 |
+------------------+------------------+
Total record(s): 1

SQL> update district set d_next_o_id=2239 where d_id=3 and d_w_id=1;

SQL> insert into orders values (1239, 3, 1, 10, '2026-07-02 16:03:59', 0, 5, 1);

SQL> insert into new_orders values (1239, 3, 1);

SQL> select i_price, i_name, i_data from item where i_id=10;
+------------------+------------------+------------------+
|          i_price |           i_name |           i_data |
+------------------+------------------+------------------+
|       309.625000 | GE4lpUDt340SQ... | afXPChY5c62yi... |
+------------------+------------------+------------------+
Total record(s): 1

SQL> select s_quantity, s_data, s_dist_01, s_dist_02, s_dist_03, s_dist_04, s_dist_05,s_dist_06, s_dist_07, s_dist_08, s_dist_09, s_dist_10 from stock where s_i_id=10 and s_w_id=1;
+------------------+------------------+------------------+------------------+------------------+------------------+------------------+------------------+------------------+------------------+------------------+------------------+
|       s_quantity |           s_data |        s_dist_01 |        s_dist_02 |        s_dist_03 |        s_dist_04 |        s_dist_05 |        s_dist_06 |        s_dist_07 |        s_dist_08 |        s_dist_09 |        s_dist_10 |
+------------------+------------------+------------------+------------------+------------------+------------------+------------------+------------------+------------------+------------------+------------------+------------------+
|               29 | gXrIBzRLX1Hrc... | eKrLB8TVHiI44... | ouIyEmeGRGi0o... | c4bwuOWiQjEoV... | Ef2IURhPGXHIb... | thXVk6wG5UMjA... | FaPc4hXpwRqJc... | PPaIGfQ7UgCiR... | B4mpk7r1Oy6Q9... | YctHbb8gqgNVL... | tahmqTg8YteQa... |
+------------------+------------------+------------------+------------------+------------------+------------------+------------------+------------------+------------------+------------------+------------------+------------------+
Total record(s): 1

SQL> update stock set s_quantity=39 where s_i_id=10 and s_w_id=1;

SQL> insert into order_line values (1239, 3, 1, 1, 10, 1, '2026-07-02 16:03:59', 6, 41.250, 'profile-workload');

SQL> select i_price, i_name, i_data from item where i_id=10;
+------------------+------------------+------------------+
|          i_price |           i_name |           i_data |
+------------------+------------------+------------------+
|       309.625000 | GE4lpUDt340SQ... | afXPChY5c62yi... |
+------------------+------------------+------------------+
Total record(s): 1

SQL> commit;

SQL> begin;

SQL> select c_discount, c_last, c_credit, w_tax from customer, warehouse where w_id=1 and c_w_id=w_id and c_d_id=1 and c_id=1;
+------------------+------------------+------------------+------------------+
|       c_discount |           c_last |         c_credit |            w_tax |
+------------------+------------------+------------------+------------------+
|         6.500000 |     BARRBARRBARR |               GC |         0.125000 |
+------------------+------------------+------------------+------------------+
Total record(s): 1

SQL> select d_next_o_id, d_tax from district where d_id=1 and d_w_id=1;
+------------------+------------------+
|      d_next_o_id |            d_tax |
+------------------+------------------+
|             2237 |         0.312500 |
+------------------+------------------+
Total record(s): 1

SQL> update district set d_next_o_id=2240 where d_id=1 and d_w_id=1;

SQL> insert into orders values (1240, 1, 1, 1, '2026-07-02 16:04:00', 0, 5, 1);

SQL> insert into new_orders values (1240, 1, 1);

SQL> select i_price, i_name, i_data from item where i_id=1;
+------------------+------------------+------------------+
|          i_price |           i_name |           i_data |
+------------------+------------------+------------------+
|       387.500000 | em5qY0xbhf7jT... | ODk5NNaYinHCt... |
+------------------+------------------+------------------+
Total record(s): 1

SQL> select s_quantity, s_data, s_dist_01, s_dist_02, s_dist_03, s_dist_04, s_dist_05,s_dist_06, s_dist_07, s_dist_08, s_dist_09, s_dist_10 from stock where s_i_id=1 and s_w_id=1;
+------------------+------------------+------------------+------------------+------------------+------------------+------------------+------------------+------------------+------------------+------------------+------------------+
|       s_quantity |           s_data |        s_dist_01 |        s_dist_02 |        s_dist_03 |        s_dist_04 |        s_dist_05 |        s_dist_06 |        s_dist_07 |        s_dist_08 |        s_dist_09 |        s_dist_10 |
+------------------+------------------+------------------+------------------+------------------+------------------+------------------+------------------+------------------+------------------+------------------+------------------+
|               30 | EX7cPdLs2h5Cu... | BjeZBWGUE2RK9... | Giu0QtJbzMqDz... | x5qwcB5RFQ0PJ... | zBTPV7ZCAdkhp... | QLd5BxVOSe5EO... | L1UjatGc7rn5I... | 4cCGnVcADQNSR... | uwojesfvwKbKk... | 4N8CE0EbYc27l... | jD8imXof2fu84... |
+------------------+------------------+------------------+------------------+------------------+------------------+------------------+------------------+------------------+------------------+------------------+------------------+
Total record(s): 1

SQL> update stock set s_quantity=40 where s_i_id=1 and s_w_id=1;

SQL> insert into order_line values (1240, 1, 1, 1, 1, 1, '2026-07-02 16:04:00', 7, 13.125, 'profile-workload');

SQL> select i_price, i_name, i_data from item where i_id=1;
+------------------+------------------+------------------+
|          i_price |           i_name |           i_data |
+------------------+------------------+------------------+
|       387.500000 | em5qY0xbhf7jT... | ODk5NNaYinHCt... |
+------------------+------------------+------------------+
Total record(s): 1

SQL> commit;

SQL> begin;

SQL> select c_discount, c_last, c_credit, w_tax from customer, warehouse where w_id=1 and c_w_id=w_id and c_d_id=2 and c_id=2;
+------------------+------------------+------------------+------------------+
|       c_discount |           c_last |         c_credit |            w_tax |
+------------------+------------------+------------------+------------------+
|         3.125000 |     BARRBARROUGH |               GC |         0.125000 |
+------------------+------------------+------------------+------------------+
Total record(s): 1

SQL> select d_next_o_id, d_tax from district where d_id=2 and d_w_id=1;
+------------------+------------------+
|      d_next_o_id |            d_tax |
+------------------+------------------+
|             2238 |         0.312500 |
+------------------+------------------+
Total record(s): 1

SQL> update district set d_next_o_id=2241 where d_id=2 and d_w_id=1;

SQL> insert into orders values (1241, 2, 1, 2, '2026-07-02 16:04:01', 0, 5, 1);

SQL> insert into new_orders values (1241, 2, 1);

SQL> select i_price, i_name, i_data from item where i_id=2;
+------------------+------------------+------------------+
|          i_price |           i_name |           i_data |
+------------------+------------------+------------------+
|       376.125000 | MuXfgApP7KW0a... | 3Nb3DgfVu1KJp... |
+------------------+------------------+------------------+
Total record(s): 1

SQL> select s_quantity, s_data, s_dist_01, s_dist_02, s_dist_03, s_dist_04, s_dist_05,s_dist_06, s_dist_07, s_dist_08, s_dist_09, s_dist_10 from stock where s_i_id=2 and s_w_id=1;
+------------------+------------------+------------------+------------------+------------------+------------------+------------------+------------------+------------------+------------------+------------------+------------------+
|       s_quantity |           s_data |        s_dist_01 |        s_dist_02 |        s_dist_03 |        s_dist_04 |        s_dist_05 |        s_dist_06 |        s_dist_07 |        s_dist_08 |        s_dist_09 |        s_dist_10 |
+------------------+------------------+------------------+------------------+------------------+------------------+------------------+------------------+------------------+------------------+------------------+------------------+
|               31 | djOd4utkRfPov... | m5mzVzbMevZr0... | AcexKPCSIqIkI... | dtJHr8L1DGHhZ... | Q4qTTAxg8vItA... | mRVxHKkLJsGt5... | WY35fxzCEpf7J... | NudamqsKcBceN... | t6IWnrmkFgBcF... | 2QcCCffEf0CT8... | X1e603kIsyKdi... |
+------------------+------------------+------------------+------------------+------------------+------------------+------------------+------------------+------------------+------------------+------------------+------------------+
Total record(s): 1

SQL> update stock set s_quantity=41 where s_i_id=2 and s_w_id=1;

SQL> insert into order_line values (1241, 2, 1, 1, 2, 1, '2026-07-02 16:04:01', 8, 16.250, 'profile-workload');

SQL> select i_price, i_name, i_data from item where i_id=2;
+------------------+------------------+------------------+
|          i_price |           i_name |           i_data |
+------------------+------------------+------------------+
|       376.125000 | MuXfgApP7KW0a... | 3Nb3DgfVu1KJp... |
+------------------+------------------+------------------+
Total record(s): 1

SQL> commit;

SQL> begin;

SQL> select c_discount, c_last, c_credit, w_tax from customer, warehouse where w_id=1 and c_w_id=w_id and c_d_id=3 and c_id=3;
+------------------+------------------+------------------+------------------+
|       c_discount |           c_last |         c_credit |            w_tax |
+------------------+------------------+------------------+------------------+
|        10.500000 |     BARRBARRABLE |               BC |         0.125000 |
+------------------+------------------+------------------+------------------+
Total record(s): 1

SQL> select d_next_o_id, d_tax from district where d_id=3 and d_w_id=1;
+------------------+------------------+
|      d_next_o_id |            d_tax |
+------------------+------------------+
|             2239 |         0.125000 |
+------------------+------------------+
Total record(s): 1

SQL> update district set d_next_o_id=2242 where d_id=3 and d_w_id=1;

SQL> insert into orders values (1242, 3, 1, 3, '2026-07-02 16:04:02', 0, 5, 1);

SQL> insert into new_orders values (1242, 3, 1);

SQL> select i_price, i_name, i_data from item where i_id=3;
+------------------+------------------+------------------+
|          i_price |           i_name |           i_data |
+------------------+------------------+------------------+
|       109.311996 | yis0W0gx0pikT... | UNL1LJukAZWN0... |
+------------------+------------------+------------------+
Total record(s): 1

SQL> select s_quantity, s_data, s_dist_01, s_dist_02, s_dist_03, s_dist_04, s_dist_05,s_dist_06, s_dist_07, s_dist_08, s_dist_09, s_dist_10 from stock where s_i_id=3 and s_w_id=1;
+------------------+------------------+------------------+------------------+------------------+------------------+------------------+------------------+------------------+------------------+------------------+------------------+
|       s_quantity |           s_data |        s_dist_01 |        s_dist_02 |        s_dist_03 |        s_dist_04 |        s_dist_05 |        s_dist_06 |        s_dist_07 |        s_dist_08 |        s_dist_09 |        s_dist_10 |
+------------------+------------------+------------------+------------------+------------------+------------------+------------------+------------------+------------------+------------------+------------------+------------------+
|               32 | SW90NeiRcp87f... | PVa7W5l3wRhUk... | sFfSRZQKBjMBa... | 9PDW05BnxMAjj... | WDsQYXpbbflDi... | hhr7RsyaiQF26... | HQZojb6uhrRNn... | s6MwvjHhKyTOl... | 9YGuFFjBiK9br... | Awmc5ENeXc9hp... | j50sXBi3QQyxf... |
+------------------+------------------+------------------+------------------+------------------+------------------+------------------+------------------+------------------+------------------+------------------+------------------+
Total record(s): 1

SQL> update stock set s_quantity=42 where s_i_id=3 and s_w_id=1;

SQL> insert into order_line values (1242, 3, 1, 1, 3, 1, '2026-07-02 16:04:02', 9, 19.375, 'profile-workload');

SQL> select i_price, i_name, i_data from item where i_id=3;
+------------------+------------------+------------------+
|          i_price |           i_name |           i_data |
+------------------+------------------+------------------+
|       109.311996 | yis0W0gx0pikT... | UNL1LJukAZWN0... |
+------------------+------------------+------------------+
Total record(s): 1

SQL> commit;

SQL> begin;

SQL> select c_discount, c_last, c_credit, w_tax from customer, warehouse where w_id=1 and c_w_id=w_id and c_d_id=1 and c_id=4;
+------------------+------------------+------------------+------------------+
|       c_discount |           c_last |         c_credit |            w_tax |
+------------------+------------------+------------------+------------------+
|         9.500000 |     BARRBARRPRII |               GC |         0.125000 |
+------------------+------------------+------------------+------------------+
Total record(s): 1

SQL> select d_next_o_id, d_tax from district where d_id=1 and d_w_id=1;
+------------------+------------------+
|      d_next_o_id |            d_tax |
+------------------+------------------+
|             2240 |         0.312500 |
+------------------+------------------+
Total record(s): 1

SQL> update district set d_next_o_id=2243 where d_id=1 and d_w_id=1;

SQL> insert into orders values (1243, 1, 1, 4, '2026-07-02 16:04:03', 0, 5, 1);

SQL> insert into new_orders values (1243, 1, 1);

SQL> select i_price, i_name, i_data from item where i_id=4;
+------------------+------------------+------------------+
|          i_price |           i_name |           i_data |
+------------------+------------------+------------------+
|       409.625000 | 2ICLCJkJNRA17... | zIA2Qe5D57pOo... |
+------------------+------------------+------------------+
Total record(s): 1

SQL> select s_quantity, s_data, s_dist_01, s_dist_02, s_dist_03, s_dist_04, s_dist_05,s_dist_06, s_dist_07, s_dist_08, s_dist_09, s_dist_10 from stock where s_i_id=4 and s_w_id=1;
+------------------+------------------+------------------+------------------+------------------+------------------+------------------+------------------+------------------+------------------+------------------+------------------+
|       s_quantity |           s_data |        s_dist_01 |        s_dist_02 |        s_dist_03 |        s_dist_04 |        s_dist_05 |        s_dist_06 |        s_dist_07 |        s_dist_08 |        s_dist_09 |        s_dist_10 |
+------------------+------------------+------------------+------------------+------------------+------------------+------------------+------------------+------------------+------------------+------------------+------------------+
|               33 | tNV47N74JTS0h... | KhHDzdMjFV9aK... | FnqtSeXHt27hk... | I98ThwMdZvqRj... | nd0R8CYmCzMIR... | P0unv0aqSuyqM... | TxV4RKJXjWvgb... | 9bwmjHTDXSMgE... | Dbnc8n5QaCQcV... | IC1stRVUGTQfP... | h3hqiiIdNCVgi... |
+------------------+------------------+------------------+------------------+------------------+------------------+------------------+------------------+------------------+------------------+------------------+------------------+
Total record(s): 1

SQL> update stock set s_quantity=43 where s_i_id=4 and s_w_id=1;

SQL> insert into order_line values (1243, 1, 1, 1, 4, 1, '2026-07-02 16:04:03', 10, 22.500, 'profile-workload');

SQL> select i_price, i_name, i_data from item where i_id=4;
+------------------+------------------+------------------+
|          i_price |           i_name |           i_data |
+------------------+------------------+------------------+
|       409.625000 | 2ICLCJkJNRA17... | zIA2Qe5D57pOo... |
+------------------+------------------+------------------+
Total record(s): 1

SQL> commit;

SQL> begin;

SQL> select c_discount, c_last, c_credit, w_tax from customer, warehouse where w_id=1 and c_w_id=w_id and c_d_id=2 and c_id=5;
+------------------+------------------+------------------+------------------+
|       c_discount |           c_last |         c_credit |            w_tax |
+------------------+------------------+------------------+------------------+
|         8.500000 |     BARRBARRPRES |               BC |         0.125000 |
+------------------+------------------+------------------+------------------+
Total record(s): 1

SQL> select d_next_o_id, d_tax from district where d_id=2 and d_w_id=1;
+------------------+------------------+
|      d_next_o_id |            d_tax |
+------------------+------------------+
|             2241 |         0.312500 |
+------------------+------------------+
Total record(s): 1

SQL> update district set d_next_o_id=2244 where d_id=2 and d_w_id=1;

SQL> insert into orders values (1244, 2, 1, 5, '2026-07-02 16:04:04', 0, 5, 1);

SQL> insert into new_orders values (1244, 2, 1);

SQL> select i_price, i_name, i_data from item where i_id=5;
+------------------+------------------+------------------+
|          i_price |           i_name |           i_data |
+------------------+------------------+------------------+
|       275.312012 | RZk5jvuYMBSuu... | E0i7Tq7lKSEXP... |
+------------------+------------------+------------------+
Total record(s): 1

SQL> select s_quantity, s_data, s_dist_01, s_dist_02, s_dist_03, s_dist_04, s_dist_05,s_dist_06, s_dist_07, s_dist_08, s_dist_09, s_dist_10 from stock where s_i_id=5 and s_w_id=1;
+------------------+------------------+------------------+------------------+------------------+------------------+------------------+------------------+------------------+------------------+------------------+------------------+
|       s_quantity |           s_data |        s_dist_01 |        s_dist_02 |        s_dist_03 |        s_dist_04 |        s_dist_05 |        s_dist_06 |        s_dist_07 |        s_dist_08 |        s_dist_09 |        s_dist_10 |
+------------------+------------------+------------------+------------------+------------------+------------------+------------------+------------------+------------------+------------------+------------------+------------------+
|               34 | QYFsfK67qSSgD... | EyhdR4M4INXc6... | 3Sh5C1zBCE369... | DAVOmriOquWjn... | st8NpeFRSxXqV... | pbI8Bu5iafeZi... | RqerpGCSIGjUk... | 1qfNqV5BGwDCX... | OxRydX1ZaUo5g... | Q2zzmel4OIYR1... | 4bPmuMOwkfNJh... |
+------------------+------------------+------------------+------------------+------------------+------------------+------------------+------------------+------------------+------------------+------------------+------------------+
Total record(s): 1

SQL> update stock set s_quantity=44 where s_i_id=5 and s_w_id=1;

SQL> insert into order_line values (1244, 2, 1, 1, 5, 1, '2026-07-02 16:04:04', 11, 25.625, 'profile-workload');

SQL> select i_price, i_name, i_data from item where i_id=5;
+------------------+------------------+------------------+
|          i_price |           i_name |           i_data |
+------------------+------------------+------------------+
|       275.312012 | RZk5jvuYMBSuu... | E0i7Tq7lKSEXP... |
+------------------+------------------+------------------+
Total record(s): 1

SQL> commit;

SQL> begin;

SQL> select c_discount, c_last, c_credit, w_tax from customer, warehouse where w_id=1 and c_w_id=w_id and c_d_id=3 and c_id=6;
+------------------+------------------+------------------+------------------+
|       c_discount |           c_last |         c_credit |            w_tax |
+------------------+------------------+------------------+------------------+
|        23.500000 |     BARRBARRESEE |               BC |         0.125000 |
+------------------+------------------+------------------+------------------+
Total record(s): 1

SQL> select d_next_o_id, d_tax from district where d_id=3 and d_w_id=1;
+------------------+------------------+
|      d_next_o_id |            d_tax |
+------------------+------------------+
|             2242 |         0.125000 |
+------------------+------------------+
Total record(s): 1

SQL> update district set d_next_o_id=2245 where d_id=3 and d_w_id=1;

SQL> insert into orders values (1245, 3, 1, 6, '2026-07-02 16:04:05', 0, 5, 1);

SQL> insert into new_orders values (1245, 3, 1);

SQL> select i_price, i_name, i_data from item where i_id=6;
+------------------+------------------+------------------+
|          i_price |           i_name |           i_data |
+------------------+------------------+------------------+
|       246.625000 | XtAQYtNGlLC4W... | 475hhQJ8nAwFl... |
+------------------+------------------+------------------+
Total record(s): 1

SQL> select s_quantity, s_data, s_dist_01, s_dist_02, s_dist_03, s_dist_04, s_dist_05,s_dist_06, s_dist_07, s_dist_08, s_dist_09, s_dist_10 from stock where s_i_id=6 and s_w_id=1;
+------------------+------------------+------------------+------------------+------------------+------------------+------------------+------------------+------------------+------------------+------------------+------------------+
|       s_quantity |           s_data |        s_dist_01 |        s_dist_02 |        s_dist_03 |        s_dist_04 |        s_dist_05 |        s_dist_06 |        s_dist_07 |        s_dist_08 |        s_dist_09 |        s_dist_10 |
+------------------+------------------+------------------+------------------+------------------+------------------+------------------+------------------+------------------+------------------+------------------+------------------+
|               35 | 50jyi1h54GEtG... | OiK6a8H0lcdcd... | bwDwD4rTKeogY... | Xl7GYWRXWgP4A... | PBVwrhpwmVg50... | jqmZw3n5jFQMf... | hkMdmhQFGYsCj... | oS4oJdUIVsMEn... | 2DiVDJPAjAJpW... | t8sFA3u5UUTXk... | BU2YsWQVdREKm... |
+------------------+------------------+------------------+------------------+------------------+------------------+------------------+------------------+------------------+------------------+------------------+------------------+
Total record(s): 1

SQL> update stock set s_quantity=45 where s_i_id=6 and s_w_id=1;

SQL> insert into order_line values (1245, 3, 1, 1, 6, 1, '2026-07-02 16:04:05', 5, 28.750, 'profile-workload');

SQL> select i_price, i_name, i_data from item where i_id=6;
+------------------+------------------+------------------+
|          i_price |           i_name |           i_data |
+------------------+------------------+------------------+
|       246.625000 | XtAQYtNGlLC4W... | 475hhQJ8nAwFl... |
+------------------+------------------+------------------+
Total record(s): 1

SQL> commit;

SQL> begin;

SQL> select c_discount, c_last, c_credit, w_tax from customer, warehouse where w_id=1 and c_w_id=w_id and c_d_id=1 and c_id=7;
+------------------+------------------+------------------+------------------+
|       c_discount |           c_last |         c_credit |            w_tax |
+------------------+------------------+------------------+------------------+
|        41.312500 |     BARRBARRANTI |               BC |         0.125000 |
+------------------+------------------+------------------+------------------+
Total record(s): 1

SQL> select d_next_o_id, d_tax from district where d_id=1 and d_w_id=1;
+------------------+------------------+
|      d_next_o_id |            d_tax |
+------------------+------------------+
|             2243 |         0.312500 |
+------------------+------------------+
Total record(s): 1

SQL> update district set d_next_o_id=2246 where d_id=1 and d_w_id=1;

SQL> insert into orders values (1246, 1, 1, 7, '2026-07-02 16:04:06', 0, 5, 1);

SQL> insert into new_orders values (1246, 1, 1);

SQL> select i_price, i_name, i_data from item where i_id=7;
+------------------+------------------+------------------+
|          i_price |           i_name |           i_data |
+------------------+------------------+------------------+
|       720.312012 | QxmrKt4r3jZpe... | y3Ck1ZIsrAEvk... |
+------------------+------------------+------------------+
Total record(s): 1

SQL> select s_quantity, s_data, s_dist_01, s_dist_02, s_dist_03, s_dist_04, s_dist_05,s_dist_06, s_dist_07, s_dist_08, s_dist_09, s_dist_10 from stock where s_i_id=7 and s_w_id=1;
+------------------+------------------+------------------+------------------+------------------+------------------+------------------+------------------+------------------+------------------+------------------+------------------+
|       s_quantity |           s_data |        s_dist_01 |        s_dist_02 |        s_dist_03 |        s_dist_04 |        s_dist_05 |        s_dist_06 |        s_dist_07 |        s_dist_08 |        s_dist_09 |        s_dist_10 |
+------------------+------------------+------------------+------------------+------------------+------------------+------------------+------------------+------------------+------------------+------------------+------------------+
|               36 | 6TR82uEe90nx2... | zTbRDg94LHvMI... | hEXvypWdr3sUU... | HLXzlRZuw4ouj... | gTve6RS4jkci1... | SDVkfUqhlRi4O... | L7RZjPChBdWkI... | Va5kfTINfkU6k... | KjPoqwTgzPznL... | sv13V8rlPIUIb... | 1J47hj0njnyZw... |
+------------------+------------------+------------------+------------------+------------------+------------------+------------------+------------------+------------------+------------------+------------------+------------------+
Total record(s): 1

SQL> update stock set s_quantity=46 where s_i_id=7 and s_w_id=1;

SQL> insert into order_line values (1246, 1, 1, 1, 7, 1, '2026-07-02 16:04:06', 6, 31.875, 'profile-workload');

SQL> select i_price, i_name, i_data from item where i_id=7;
+------------------+------------------+------------------+
|          i_price |           i_name |           i_data |
+------------------+------------------+------------------+
|       720.312012 | QxmrKt4r3jZpe... | y3Ck1ZIsrAEvk... |
+------------------+------------------+------------------+
Total record(s): 1

SQL> commit;

SQL> begin;

SQL> select c_discount, c_last, c_credit, w_tax from customer, warehouse where w_id=1 and c_w_id=w_id and c_d_id=2 and c_id=8;
+------------------+------------------+------------------+------------------+
|       c_discount |           c_last |         c_credit |            w_tax |
+------------------+------------------+------------------+------------------+
|        24.312500 |     BARRBARRCALL |               BC |         0.125000 |
+------------------+------------------+------------------+------------------+
Total record(s): 1

SQL> select d_next_o_id, d_tax from district where d_id=2 and d_w_id=1;
+------------------+------------------+
|      d_next_o_id |            d_tax |
+------------------+------------------+
|             2244 |         0.312500 |
+------------------+------------------+
Total record(s): 1

SQL> update district set d_next_o_id=2247 where d_id=2 and d_w_id=1;

SQL> insert into orders values (1247, 2, 1, 8, '2026-07-02 16:04:07', 0, 5, 1);

SQL> insert into new_orders values (1247, 2, 1);

SQL> select i_price, i_name, i_data from item where i_id=8;
+------------------+------------------+------------------+
|          i_price |           i_name |           i_data |
+------------------+------------------+------------------+
|       299.625000 | LwcuLY4knHB2t... | XbZktjH3bejfU... |
+------------------+------------------+------------------+
Total record(s): 1

SQL> select s_quantity, s_data, s_dist_01, s_dist_02, s_dist_03, s_dist_04, s_dist_05,s_dist_06, s_dist_07, s_dist_08, s_dist_09, s_dist_10 from stock where s_i_id=8 and s_w_id=1;
+------------------+------------------+------------------+------------------+------------------+------------------+------------------+------------------+------------------+------------------+------------------+------------------+
|       s_quantity |           s_data |        s_dist_01 |        s_dist_02 |        s_dist_03 |        s_dist_04 |        s_dist_05 |        s_dist_06 |        s_dist_07 |        s_dist_08 |        s_dist_09 |        s_dist_10 |
+------------------+------------------+------------------+------------------+------------------+------------------+------------------+------------------+------------------+------------------+------------------+------------------+
|               37 | fTXM32U4bVGkz... | avoOS1XdrV51l... | Z9neUMy58l07U... | RNxN3XmFO1BgJ... | VnepNUJvyuw0p... | 6Ag1fw0vNNJKl... | 5uvinGPCep6xe... | ZPxi7QYYnb1fV... | uxA4gBY6UmQkC... | OuEIv3mEhSatH... | vVSJVc8LyoFjs... |
+------------------+------------------+------------------+------------------+------------------+------------------+------------------+------------------+------------------+------------------+------------------+------------------+
Total record(s): 1

SQL> update stock set s_quantity=47 where s_i_id=8 and s_w_id=1;

SQL> insert into order_line values (1247, 2, 1, 1, 8, 1, '2026-07-02 16:04:07', 7, 35.000, 'profile-workload');

SQL> select i_price, i_name, i_data from item where i_id=8;
+------------------+------------------+------------------+
|          i_price |           i_name |           i_data |
+------------------+------------------+------------------+
|       299.625000 | LwcuLY4knHB2t... | XbZktjH3bejfU... |
+------------------+------------------+------------------+
Total record(s): 1

SQL> commit;

SQL> begin;

SQL> select c_discount, c_last, c_credit, w_tax from customer, warehouse where w_id=1 and c_w_id=w_id and c_d_id=3 and c_id=9;
+------------------+------------------+------------------+------------------+
|       c_discount |           c_last |         c_credit |            w_tax |
+------------------+------------------+------------------+------------------+
|        35.125000 |     BARRBARRATIO |               GC |         0.125000 |
+------------------+------------------+------------------+------------------+
Total record(s): 1

SQL> select d_next_o_id, d_tax from district where d_id=3 and d_w_id=1;
+------------------+------------------+
|      d_next_o_id |            d_tax |
+------------------+------------------+
|             2245 |         0.125000 |
+------------------+------------------+
Total record(s): 1

SQL> update district set d_next_o_id=2248 where d_id=3 and d_w_id=1;

SQL> insert into orders values (1248, 3, 1, 9, '2026-07-02 16:04:08', 0, 5, 1);

SQL> insert into new_orders values (1248, 3, 1);

SQL> select i_price, i_name, i_data from item where i_id=9;
+------------------+------------------+------------------+
|          i_price |           i_name |           i_data |
+------------------+------------------+------------------+
|       399.250000 | Uc9L7VYwDlNMH... | SZr0MmdvXoiJp... |
+------------------+------------------+------------------+
Total record(s): 1

SQL> select s_quantity, s_data, s_dist_01, s_dist_02, s_dist_03, s_dist_04, s_dist_05,s_dist_06, s_dist_07, s_dist_08, s_dist_09, s_dist_10 from stock where s_i_id=9 and s_w_id=1;
+------------------+------------------+------------------+------------------+------------------+------------------+------------------+------------------+------------------+------------------+------------------+------------------+
|       s_quantity |           s_data |        s_dist_01 |        s_dist_02 |        s_dist_03 |        s_dist_04 |        s_dist_05 |        s_dist_06 |        s_dist_07 |        s_dist_08 |        s_dist_09 |        s_dist_10 |
+------------------+------------------+------------------+------------------+------------------+------------------+------------------+------------------+------------------+------------------+------------------+------------------+
|               38 | doNfCZ41KD2bA... | YRgh8eIxiFTCf... | urPDGs5lOGRj1... | ndEJXpGXq2Yoo... | TE1gnwxbFgZy3... | S4NfC74qIDvrr... | ZOTOXZq8RwlHX... | T97qM204iWLJs... | 1LPnk4ibiCEMd... | 8j8SPj1oyFkvs... | Oa5enU4CjO0KW... |
+------------------+------------------+------------------+------------------+------------------+------------------+------------------+------------------+------------------+------------------+------------------+------------------+
Total record(s): 1

SQL> update stock set s_quantity=48 where s_i_id=9 and s_w_id=1;

SQL> insert into order_line values (1248, 3, 1, 1, 9, 1, '2026-07-02 16:04:08', 8, 38.125, 'profile-workload');

SQL> select i_price, i_name, i_data from item where i_id=9;
+------------------+------------------+------------------+
|          i_price |           i_name |           i_data |
+------------------+------------------+------------------+
|       399.250000 | Uc9L7VYwDlNMH... | SZr0MmdvXoiJp... |
+------------------+------------------+------------------+
Total record(s): 1

SQL> commit;

SQL> begin;

SQL> select c_discount, c_last, c_credit, w_tax from customer, warehouse where w_id=1 and c_w_id=w_id and c_d_id=1 and c_id=10;
+------------------+------------------+------------------+------------------+
|       c_discount |           c_last |         c_credit |            w_tax |
+------------------+------------------+------------------+------------------+
|        25.125000 |     BARRBARREING |               GC |         0.125000 |
+------------------+------------------+------------------+------------------+
Total record(s): 1

SQL> select d_next_o_id, d_tax from district where d_id=1 and d_w_id=1;
+------------------+------------------+
|      d_next_o_id |            d_tax |
+------------------+------------------+
|             2246 |         0.312500 |
+------------------+------------------+
Total record(s): 1

SQL> update district set d_next_o_id=2249 where d_id=1 and d_w_id=1;

SQL> insert into orders values (1249, 1, 1, 10, '2026-07-02 16:04:09', 0, 5, 1);

SQL> insert into new_orders values (1249, 1, 1);

SQL> select i_price, i_name, i_data from item where i_id=10;
+------------------+------------------+------------------+
|          i_price |           i_name |           i_data |
+------------------+------------------+------------------+
|       309.625000 | GE4lpUDt340SQ... | afXPChY5c62yi... |
+------------------+------------------+------------------+
Total record(s): 1

SQL> select s_quantity, s_data, s_dist_01, s_dist_02, s_dist_03, s_dist_04, s_dist_05,s_dist_06, s_dist_07, s_dist_08, s_dist_09, s_dist_10 from stock where s_i_id=10 and s_w_id=1;
+------------------+------------------+------------------+------------------+------------------+------------------+------------------+------------------+------------------+------------------+------------------+------------------+
|       s_quantity |           s_data |        s_dist_01 |        s_dist_02 |        s_dist_03 |        s_dist_04 |        s_dist_05 |        s_dist_06 |        s_dist_07 |        s_dist_08 |        s_dist_09 |        s_dist_10 |
+------------------+------------------+------------------+------------------+------------------+------------------+------------------+------------------+------------------+------------------+------------------+------------------+
|               39 | gXrIBzRLX1Hrc... | eKrLB8TVHiI44... | ouIyEmeGRGi0o... | c4bwuOWiQjEoV... | Ef2IURhPGXHIb... | thXVk6wG5UMjA... | FaPc4hXpwRqJc... | PPaIGfQ7UgCiR... | B4mpk7r1Oy6Q9... | YctHbb8gqgNVL... | tahmqTg8YteQa... |
+------------------+------------------+------------------+------------------+------------------+------------------+------------------+------------------+------------------+------------------+------------------+------------------+
Total record(s): 1

SQL> update stock set s_quantity=49 where s_i_id=10 and s_w_id=1;

SQL> insert into order_line values (1249, 1, 1, 1, 10, 1, '2026-07-02 16:04:09', 9, 41.250, 'profile-workload');

SQL> select i_price, i_name, i_data from item where i_id=10;
+------------------+------------------+------------------+
|          i_price |           i_name |           i_data |
+------------------+------------------+------------------+
|       309.625000 | GE4lpUDt340SQ... | afXPChY5c62yi... |
+------------------+------------------+------------------+
Total record(s): 1

SQL> commit;

